compound_id,structure_file,n_sites,n_bonds_icohp,n_bonds_icobi,error,warnings,icohp_n_bonds_used,icohp_coord_bound,icohp_percolation_weight_min,icohp_percolation_direction,icohp_percolation_weight_a,icohp_percolation_status_a,icohp_percolation_weight_b,icohp_percolation_status_b,icohp_percolation_weight_c,icohp_percolation_status_c,icohp_sum,icohp_mean,icohp_min,icohp_max,icobi_n_bonds_used,icobi_coord_bound,icobi_percolation_weight_min,icobi_percolation_direction,icobi_percolation_weight_a,icobi_percolation_status_a,icobi_percolation_weight_b,icobi_percolation_status_b,icobi_percolation_weight_c,icobi_percolation_status_c,icobi_sum,icobi_mean,icobi_min,icobi_max
exp_metastable_AgO_mp-1079720,mp_dataset/structures/exp_metastable_AgO_mp-1079720/CONTCAR,8,308,308,,,308,5,4e-05,c,0.0004,ok,0.00047,ok,4e-05,ok,-67.4211399999999,-0.21889980519480484,-3.76152,0.00069,308,5,0.00119,c,0.0013,ok,0.0017599999999999998,ok,0.00119,ok,9.715780000000002,0.031544740259740266,0.00046,0.46989
exp_metastable_Al12W_mp-11227,mp_dataset/structures/exp_metastable_Al12W_mp-11227/CONTCAR,13,342,342,,,342,3,0.01374,a,0.01374,ok,0.014159999999999999,ok,0.01402,ok,-128.62916000000007,-0.37610865497076046,-2.75771,0.00433,342,3,0.008879999999999999,b,0.0089,ok,0.008879999999999999,ok,0.0089,ok,23.23949,0.06795172514619884,0.00222,0.50371
exp_metastable_Al3Os2_mp-16521,mp_dataset/structures/exp_metastable_Al3Os2_mp-16521/CONTCAR,5,170,170,,,170,5,0.00623,b,0.00773,ok,0.00623,ok,0.04488,ok,-58.91713000000003,-0.34657135294117664,-1.87019,-0.00301,170,5,0.0019399999999999999,b,0.00204,ok,0.0019399999999999999,ok,0.00745,ok,11.291610000000007,0.0664212352941177,0.00094,0.33792
exp_metastable_AsPd2_mp-1080831,mp_dataset/structures/exp_metastable_AsPd2_mp-1080831/CONTCAR,9,291,291,,,291,5,0.00035000000000000005,a,0.00035000000000000005,ok,0.00121,ok,0.00101,ok,-99.99055000000007,-0.34361013745704494,-3.44829,0.00723,291,5,0.00426,b,0.00506,ok,0.00426,ok,0.00437,ok,15.353000000000002,0.052759450171821314,0.00153,0.4557
exp_metastable_AsRh2_mp-1102364,mp_dataset/structures/exp_metastable_AsRh2_mp-1102364/CONTCAR,12,388,388,,,388,3,0.00463,a,0.00463,ok,0.00934,ok,0.01315,ok,-82.21613,-0.21189724226804124,-2.29993,-0.00394,388,3,0.00624,a,0.00624,ok,0.00675,ok,0.00958,ok,19.11821,0.049273737113402064,0.00308,0.38891
exp_metastable_AsRh_mp-22079,mp_dataset/structures/exp_metastable_AsRh_mp-22079/CONTCAR,8,248,248,,,248,5,0.00193,b,0.008469999999999998,ok,0.00193,ok,0.00988,ok,-59.496690000000015,-0.2399060080645162,-2.37371,-0.00138,248,5,0.00184,b,0.00279,ok,0.00184,ok,0.00773,ok,12.93703999999999,0.052165483870967706,0.00139,0.40823
exp_metastable_BaSn5_mp-571353,mp_dataset/structures/exp_metastable_BaSn5_mp-571353/CONTCAR,6,84,84,,,84,3,0.00458,a,0.00458,ok,0.005979999999999999,ok,0.02514,ok,-29.39432999999999,-0.34993249999999987,-2.15023,0.00063,84,3,0.0097,a,0.0097,ok,0.0097,ok,0.02268,ok,7.521639999999998,0.08954333333333331,0.0097,0.61284
exp_metastable_Be12Pd_mp-12666,mp_dataset/structures/exp_metastable_Be12Pd_mp-12666/CONTCAR,13,762,762,,,762,5,5e-05,a,5e-05,ok,5e-05,ok,0.00016999999999999999,ok,-150.08709000000002,-0.1969646850393701,-2.57919,0.07072,762,5,0.00044,c,0.00046,ok,0.00046,ok,0.00044,ok,18.331069999999965,0.02405652230971124,0.00044,0.2595
exp_metastable_Be3N2_mp-6977,mp_dataset/structures/exp_metastable_Be3N2_mp-6977/CONTCAR,10,806,806,,,806,7,2e-05,a,2e-05,ok,3e-05,ok,0.00025,ok,-148.3104200000001,-0.18400796526054605,-5.91828,0.08193,806,7,4e-05,a,4e-05,ok,4e-05,ok,8e-05,ok,15.100989999999994,0.01873571960297766,2e-05,0.57318
exp_metastable_CaGa2_mp-992,mp_dataset/structures/exp_metastable_CaGa2_mp-992/CONTCAR,3,60,60,,,60,5,0.01661,c,0.01959,ok,0.01895,ok,0.01661,ok,-16.435129999999997,-0.2739188333333333,-3.89632,-0.00903,60,5,0.00064,c,0.00526,ok,0.00526,ok,0.00064,ok,3.8661400000000006,0.06443566666666668,0.00064,0.9809
exp_metastable_CaGa4_mp-2461,mp_dataset/structures/exp_metastable_CaGa4_mp-2461/CONTCAR,5,109,109,,,109,5,0.019139999999999997,a,0.019139999999999997,ok,0.01928,ok,0.020499999999999997,ok,-33.26476000000001,-0.3051812844036698,-4.07041,0.00108,109,5,0.0037,a,0.0037,ok,0.0037,ok,0.00442,ok,7.04159,0.06460174311926606,0.00139,0.84476
exp_metastable_CdI2_mp-567259,mp_dataset/structures/exp_metastable_CdI2_mp-567259/CONTCAR,3,36,36,,,36,5,0.02384,b,0.02395,ok,0.02384,ok,0.06215,ok,-17.25635999999999,-0.47934333333333307,-2.50827,-0.01185,36,5,0.00452,a,0.00452,ok,0.00452,ok,0.012609999999999998,ok,3.64378,0.10121611111111112,0.00225,0.48649
exp_metastable_CdO2_mp-2310,mp_dataset/structures/exp_metastable_CdO2_mp-2310/CONTCAR,12,440,440,,,440,3,9e-05,a,9e-05,ok,9e-05,ok,0.0001,ok,-98.67521000000026,-0.22426184090909151,-7.16831,0.00216,440,3,9e-05,a,9e-05,ok,9e-05,ok,9e-05,ok,13.250850000000021,0.03011556818181823,9e-05,0.9738
exp_metastable_ClF3_mp-556767,mp_dataset/structures/exp_metastable_ClF3_mp-556767/CONTCAR,16,500,500,,,500,3,0.0,c,1e-05,ok,1e-05,ok,0.0,ok,-65.33380000000021,-0.1306676000000004,-6.86126,0.03266,500,3,0.0,c,1e-05,ok,1e-05,ok,0.0,ok,9.223119999999959,0.01844623999999992,0.0,0.76701
exp_metastable_Cs2Se_mp-1011696,mp_dataset/structures/exp_metastable_Cs2Se_mp-1011696/CONTCAR,12,120,120,,,120,3,0.0262,a,0.0262,ok,0.05116,ok,0.10127,ok,-34.07225000000002,-0.28393541666666683,-0.85922,-0.02499,120,3,0.00634,a,0.00634,ok,0.0064,ok,0.04171,ok,5.189279999999998,0.043243999999999984,0.0032,0.10205
exp_metastable_CsH_mp-632319,mp_dataset/structures/exp_metastable_CsH_mp-632319/CONTCAR,2,44,44,,,44,3,0.02662,a,0.02662,ok,0.02662,ok,0.02662,ok,-9.796919999999993,-0.22265727272727256,-1.23173,-0.00549,44,3,0.01404,a,0.01404,ok,0.01404,ok,0.01404,ok,1.1167200000000013,0.025380000000000028,0.00225,0.09369
exp_metastable_Cu3Ge_mp-19724,mp_dataset/structures/exp_metastable_Cu3Ge_mp-19724/CONTCAR,8,296,296,,,296,5,0.00053,b,0.0015,ok,0.00053,ok,0.00142,ok,-32.029270000000004,-0.10820699324324326,-1.01279,0.00326,296,5,0.00072,b,0.00235,ok,0.00072,ok,0.00353,ok,6.6215400000000075,0.022370067567567594,0.00036,0.17605
exp_metastable_FeTe2_mp-1102002,mp_dataset/structures/exp_metastable_FeTe2_mp-1102002/CONTCAR,12,288,288,,,288,3,0.00052,a,0.00052,ok,0.00053,ok,0.00052,ok,-63.91213,-0.22191711805555556,-2.09532,0.00028,288,3,0.0006900000000000001,b,0.0007,ok,0.0006900000000000001,ok,0.0006900000000000001,ok,18.050179999999997,0.0626742361111111,0.00034,0.48885
exp_metastable_Ge4Rh_mp-1104286,mp_dataset/structures/exp_metastable_Ge4Rh_mp-1104286/CONTCAR,15,371,371,,,371,3,0.00208,a,0.00208,ok,0.00208,ok,0.00522,ok,-126.23488000000006,-0.34025574123989233,-3.59771,0.00846,371,3,0.00516,a,0.00516,ok,0.00516,ok,0.00916,ok,25.155179999999984,0.06780371967654981,0.00122,0.64664
exp_metastable_GeSe2_mp-10074,mp_dataset/structures/exp_metastable_GeSe2_mp-10074/CONTCAR,6,104,104,,,104,5,4e-05,a,4e-05,ok,5e-05,ok,0.00336,ok,-41.318490000000004,-0.39729317307692313,-4.96902,0.00119,104,5,5e-05,b,6e-05,ok,5e-05,ok,0.00258,ok,8.40343,0.08080221153846154,5e-05,0.90134
exp_metastable_H2O_mp-2739191,mp_dataset/structures/exp_metastable_H2O_mp-2739191/CONTCAR,12,688,688,,,688,5,0.0,a,0.0,ok,0.0,ok,0.0,ok,-76.69105000000008,-0.11146954941860476,-8.01825,0.00237,688,5,0.0,a,0.0,ok,0.0,ok,0.0,ok,7.790029999999994,0.011322718023255804,0.0,0.69893
exp_metastable_H3N_mp-643432,mp_dataset/structures/exp_metastable_H3N_mp-643432/CONTCAR,16,1028,1028,,,1028,5,0.0,a,0.0,ok,0.0,ok,0.0,ok,-102.10825999999997,-0.09932710116731515,-8.16313,0.00217,1028,5,0.0,a,0.0,ok,0.0,ok,0.0,ok,11.496849999999952,0.011183706225680887,0.0,0.89366
exp_metastable_HI_mp-697025,mp_dataset/structures/exp_metastable_HI_mp-697025/CONTCAR,16,236,236,,,236,3,0.0,a,0.0,ok,0.0,ok,0.0,ok,-44.56403,-0.18883063559322036,-5.15403,0.0001,236,3,0.0,a,0.0,ok,0.0,ok,0.0,ok,8.510029999999997,0.03605944915254236,0.0,0.92656
exp_metastable_IF7_mp-27988,mp_dataset/structures/exp_metastable_IF7_mp-27988/CONTCAR,16,520,520,,,520,5,0.0,a,0.0,ok,0.0,ok,0.0,ok,-80.3580800000002,-0.15453476923076961,-6.12565,0.05651,520,5,1e-05,a,1e-05,ok,1e-05,ok,2e-05,ok,9.479359999999948,0.018229538461538363,0.0,0.56187
exp_metastable_In3Ir_mp-630976,mp_dataset/structures/exp_metastable_In3Ir_mp-630976/CONTCAR,16,318,318,,,318,3,0.00204,c,0.00212,ok,0.00218,ok,0.00204,ok,-167.64026000000004,-0.5271706289308178,-4.10313,0.00038,318,3,0.00536,b,0.00537,ok,0.00536,ok,0.00537,ok,30.355129999999992,0.09545638364779872,0.00244,0.70687
exp_metastable_InCl_mp-571636,mp_dataset/structures/exp_metastable_InCl_mp-571636/CONTCAR,4,54,54,,,54,3,0.0085,b,0.00984,ok,0.0085,ok,0.027460000000000002,ok,-15.428219999999998,-0.2857077777777777,-1.96844,-0.00107,54,3,0.00308,b,0.00366,ok,0.00308,ok,0.01072,ok,3.190400000000001,0.0590814814814815,0.00045,0.3723
exp_metastable_K2S_mp-559278,mp_dataset/structures/exp_metastable_K2S_mp-559278/CONTCAR,6,84,84,,,84,3,0.01071,b,0.01075,ok,0.01071,ok,0.06795999999999999,ok,-14.725430000000003,-0.17530273809523814,-0.48968,-0.01071,84,3,0.00064,b,0.00065,ok,0.00064,ok,0.004189999999999999,ok,2.511600000000001,0.02990000000000001,0.00064,0.10413
exp_metastable_K_mp-10157,mp_dataset/structures/exp_metastable_K_mp-10157/CONTCAR,1,12,12,,,12,3,0.08067,c,0.08074,ok,0.08091,ok,0.08067,ok,-0.9690000000000002,-0.08075000000000002,-0.08111,-0.0804,12,3,0.04301,a,0.04301,ok,0.04302,ok,0.04301,ok,0.51616,0.04301333333333333,0.043,0.04303
exp_metastable_Li13Sn5_mp-30769,mp_dataset/structures/exp_metastable_Li13Sn5_mp-30769/CONTCAR,18,576,576,,,576,5,0.0008500000000000001,b,0.00114,ok,0.0008500000000000001,ok,0.0027199999999999998,ok,-135.51692999999986,-0.23527244791666643,-2.78997,0.16607,576,5,0.00236,b,0.0023899999999999998,ok,0.00236,ok,0.0042,ok,21.995880000000025,0.038187291666666706,0.00028,0.60777
exp_metastable_Li3Hg_mp-1646,mp_dataset/structures/exp_metastable_Li3Hg_mp-1646/CONTCAR,4,140,140,,,140,5,0.0012,c,0.00528,ok,0.00626,ok,0.0012,ok,-31.15397000000001,-0.22252835714285724,-1.7962,0.02337,140,5,0.00243,b,0.00246,ok,0.00243,ok,0.0034799999999999996,ok,4.22476,0.03017685714285714,0.00091,0.19753
exp_metastable_MgCl2_mp-570259,mp_dataset/structures/exp_metastable_MgCl2_mp-570259/CONTCAR,3,66,66,,,66,5,0.00019,c,0.00114,ok,0.00114,ok,0.00019,ok,-6.3558699999999995,-0.0963010606060606,-0.93348,-0.00019,66,5,1e-05,c,0.00023,ok,0.00023,ok,1e-05,ok,0.9877900000000005,0.01496651515151516,1e-05,0.13124
exp_metastable_MgH2_mp-23711,mp_dataset/structures/exp_metastable_MgH2_mp-23711/CONTCAR,12,560,560,,,560,5,1e-05,a,1e-05,ok,1e-05,ok,2e-05,ok,-15.237529999999985,-0.027209874999999974,-0.67434,0.01366,560,5,0.0,a,0.0,ok,0.0,ok,0.0,ok,3.553290000000004,0.006345160714285722,0.0,0.14695
exp_metastable_MgPd3_mp-7753,mp_dataset/structures/exp_metastable_MgPd3_mp-7753/CONTCAR,4,144,144,,,144,3,0.00221,a,0.00221,ok,0.00222,ok,0.00222,ok,-30.196539999999995,-0.2096981944444444,-1.78999,0.00423,144,3,0.00011,a,0.00011,ok,0.00011,ok,0.00011,ok,5.304309999999998,0.0368354861111111,1e-05,0.25523
exp_metastable_Mo3Se4_mp-21021,mp_dataset/structures/exp_metastable_Mo3Se4_mp-21021/CONTCAR,14,262,262,,,262,3,0.00184,b,0.00185,ok,0.00184,ok,0.00184,ok,-101.47260999999999,-0.3873000381679389,-2.63959,6e-05,262,3,0.00041,b,0.00041999999999999996,ok,0.00041,ok,0.00041,ok,25.55940999999999,0.09755499999999996,0.00013,0.62532
exp_metastable_NaN3_mp-1066400,mp_dataset/structures/exp_metastable_NaN3_mp-1066400/CONTCAR,4,135,135,,,135,5,0.0007,a,0.0007,ok,0.0007,ok,0.0007,ok,-42.82389999999999,-0.317214074074074,-18.9422,0.0007,135,5,4e-05,a,4e-05,ok,4e-05,ok,4e-05,ok,5.088849999999999,0.03769518518518518,4e-05,1.90013
exp_metastable_Nb2O5_mp-1595,mp_dataset/structures/exp_metastable_Nb2O5_mp-1595/CONTCAR,7,241,241,,,241,5,9.999999999999999e-05,c,0.00013,ok,0.00013000000000000002,ok,9.999999999999999e-05,ok,-65.10020999999995,-0.2701253526970952,-8.78903,0.00406,241,5,8e-05,a,8e-05,ok,0.00012,ok,0.00013000000000000002,ok,10.802569999999978,0.0448239419087136,2e-05,1.54437
exp_metastable_NiB_mp-14019,mp_dataset/structures/exp_metastable_NiB_mp-14019/CONTCAR,4,270,270,,,270,5,0.00041,c,0.00044,ok,0.00062,ok,0.00041,ok,-41.608700000000006,-0.15410629629629632,-6.1857,0.0031,270,5,0.00074,b,0.00075,ok,0.00074,ok,0.00105,ok,7.152239999999997,0.02648977777777777,0.00027,0.69959
exp_metastable_NiHg4_mp-570835,mp_dataset/structures/exp_metastable_NiHg4_mp-570835/CONTCAR,5,108,108,,,108,3,0.00109,c,0.00136,ok,0.0013,ok,0.00109,ok,-40.18178000000001,-0.3720535185185186,-2.23249,0.00736,108,3,0.00221,c,0.00224,ok,0.00231,ok,0.00221,ok,7.332370000000001,0.06789231481481482,0.00216,0.31289
exp_metastable_NiS_mp-1547,mp_dataset/structures/exp_metastable_NiS_mp-1547/CONTCAR,6,243,243,,,243,5,0.0003,a,0.0003,ok,0.00031,ok,0.0003,ok,-31.109519999999993,-0.12802271604938267,-1.72695,0.00152,243,5,0.00099,a,0.00099,ok,0.00099,ok,0.001,ok,7.116830000000002,0.02928736625514404,0.00017,0.28097
exp_metastable_PS_mp-612,mp_dataset/structures/exp_metastable_PS_mp-612/CONTCAR,16,282,282,,,282,3,8e-05,c,0.00015999999999999999,ok,0.00015999999999999999,ok,8e-05,ok,-111.38079000000012,-0.39496734042553233,-5.9418,0.06036,282,3,0.00017,a,0.00017,ok,0.00017,ok,0.00028000000000000003,ok,21.31196,0.07557432624113475,2e-05,0.99077
exp_metastable_PbAu2_mp-19871,mp_dataset/structures/exp_metastable_PbAu2_mp-19871/CONTCAR,6,168,168,,,168,5,0.00201,c,0.00207,ok,0.00207,ok,0.00201,ok,-56.00781,-0.3333798214285714,-2.39154,0.0033,168,5,0.00352,a,0.00352,ok,0.00354,ok,0.00352,ok,8.898700000000002,0.052968452380952394,0.0035,0.30531
exp_metastable_PbSe_mp-22009,mp_dataset/structures/exp_metastable_PbSe_mp-22009/CONTCAR,4,42,42,,[icohp] direction c: No non-contractile path found in this lattice direction within the search bound (+/-3 cells). The bonding network defined by the supplied ICOHP/ICOBI cutoff is disconnected along this direction (or the bound is too tight for the input data -- increase --coord-bound).; [icobi] direction c: No non-contractile path found in this lattice direction within the search bound (+/-3 cells). The bonding network defined by the supplied ICOHP/ICOBI cutoff is disconnected along this direction (or the bound is too tight for the input data -- increase --coord-bound).,42,3,0.01682,b,0.01685,ok,0.01682,ok,,disconnected,-17.72987000000001,-0.4221397619047621,-2.58055,-0.00216,42,3,0.0101,b,0.01011,ok,0.0101,ok,,disconnected,4.581039999999999,0.10907238095238092,0.00191,0.71888
exp_metastable_Rb2Hg7_mp-31474,mp_dataset/structures/exp_metastable_Rb2Hg7_mp-31474/CONTCAR,9,108,108,,,108,3,0.03138,a,0.03138,ok,0.03162,ok,0.07777,ok,-52.410810000000005,-0.4852852777777778,-2.18162,-0.01567,108,3,0.00843,a,0.00843,ok,0.00844,ok,0.04171,ok,9.955439999999998,0.09217999999999998,0.00415,0.42966
exp_metastable_Re3Ge7_mp-29141,mp_dataset/structures/exp_metastable_Re3Ge7_mp-29141/CONTCAR,20,634,634,,,634,5,0.00242,c,0.0029899999999999996,ok,0.0072699999999999996,ok,0.00242,ok,-211.99109999999985,-0.3343708201892742,-4.12587,0.0011,634,5,0.00368,a,0.00368,ok,0.00473,ok,0.00943,ok,43.85449000000005,0.0691711198738171,0.00046,0.65635
exp_metastable_SiO2_mp-546794,mp_dataset/structures/exp_metastable_SiO2_mp-546794/CONTCAR,6,228,228,,,228,5,0.00015,a,0.00015,ok,0.00016,ok,0.00016,ok,-67.31446999999997,-0.2952389035087718,-7.94222,0.00033,228,5,2e-05,a,2e-05,ok,2e-05,ok,2e-05,ok,6.689900000000008,0.0293416666666667,2e-05,0.74696
exp_metastable_SiRh_mp-2287,mp_dataset/structures/exp_metastable_SiRh_mp-2287/CONTCAR,8,290,290,,,290,5,0.01101,c,0.012669999999999999,ok,0.01343,ok,0.01101,ok,-70.51225000000005,-0.24314568965517258,-2.0132,-0.00125,290,5,0.00596,a,0.00596,ok,0.01068,ok,0.0079,ok,14.216319999999994,0.04902179310344826,0.00127,0.36716
exp_metastable_SiS2_mp-1095294,mp_dataset/structures/exp_metastable_SiS2_mp-1095294/CONTCAR,12,222,222,,,222,3,0.0001,c,0.00029,ok,0.0007999999999999999,ok,0.0001,ok,-98.06875999999994,-0.4417511711711709,-5.93669,0.00325,222,3,5e-05,c,0.00032,ok,0.0005499999999999999,ok,5e-05,ok,16.93051999999999,0.07626360360360356,2e-05,0.92717
exp_metastable_Sn7Ir5_mp-20466,mp_dataset/structures/exp_metastable_Sn7Ir5_mp-20466/CONTCAR,12,258,258,,,258,3,0.01002,b,0.010110000000000001,ok,0.01002,ok,0.01047,ok,-151.67025000000018,-0.5878691860465123,-4.89763,0.02233,258,3,0.00577,a,0.00577,ok,0.0061200000000000004,ok,0.00613,ok,26.705249999999996,0.10350872093023254,0.00169,0.78936
exp_metastable_Sr2As_mp-15697,mp_dataset/structures/exp_metastable_Sr2As_mp-15697/CONTCAR,6,95,95,,,95,5,0.00206,a,0.00206,ok,0.00208,ok,0.05573,ok,-9.587539999999997,-0.10092147368421049,-0.54609,0.0441,95,5,0.00129,b,0.0013,ok,0.00129,ok,0.012879999999999999,ok,2.835899999999999,0.029851578947368413,0.00077,0.15654
exp_metastable_Sr5Sn3_mp-17720,mp_dataset/structures/exp_metastable_Sr5Sn3_mp-17720/CONTCAR,16,154,154,,,154,3,0.010790000000000001,c,0.01302,ok,0.01302,ok,0.010790000000000001,ok,-30.103280000000005,-0.19547584415584418,-2.10291,-0.00254,154,3,0.01174,a,0.01174,ok,0.01184,ok,0.01424,ok,10.295069999999997,0.06685110389610388,0.00156,0.81834
exp_metastable_SrAl2_mp-1638,mp_dataset/structures/exp_metastable_SrAl2_mp-1638/CONTCAR,6,168,168,,,168,5,0.00536,b,0.00538,ok,0.00536,ok,0.00542,ok,-29.716160000000016,-0.17688190476190485,-1.67423,0.01177,168,5,0.00044,a,0.00044,ok,0.00044,ok,0.00044,ok,7.70487,0.045862321428571426,0.00044,0.42847
exp_metastable_Ta7Co6_mp-1104548,mp_dataset/structures/exp_metastable_Ta7Co6_mp-1104548/CONTCAR,13,453,453,,,453,5,0.00031,b,0.0005,ok,0.00031,ok,0.0017599999999999998,ok,-161.79730999999992,-0.3571684547461367,-4.08639,0.29554,453,5,0.00346,a,0.00346,ok,0.00346,ok,0.012879999999999999,ok,35.34048,0.07801430463576159,0.00293,0.68664
exp_metastable_Te2Au_mp-567525,mp_dataset/structures/exp_metastable_Te2Au_mp-567525/CONTCAR,3,54,54,,,54,5,0.01618,c,0.06516,ok,0.06524,ok,0.01618,ok,-25.398409999999988,-0.4703409259259257,-3.75761,-0.00401,54,5,0.00613,c,0.01598,ok,0.016059999999999998,ok,0.00613,ok,4.63244,0.08578592592592592,0.00205,0.61482
exp_metastable_Te2Ir_mp-1551,mp_dataset/structures/exp_metastable_Te2Ir_mp-1551/CONTCAR,9,158,158,,,158,5,0.0028,b,0.0203,ok,0.0028,ok,0.049269999999999994,ok,-98.73954000000002,-0.6249337974683545,-5.02218,0.00049,158,5,0.00054,b,0.01197,ok,0.00054,ok,0.019639999999999998,ok,18.569850000000013,0.11753069620253173,0.00054,0.80215
exp_metastable_Ti3Ge_mp-1189044,mp_dataset/structures/exp_metastable_Ti3Ge_mp-1189044/CONTCAR,16,451,451,,,451,3,0.013989999999999999,c,0.01452,ok,0.01413,ok,0.013989999999999999,ok,-106.94012999999994,-0.23711780487804865,-1.90006,-0.00184,451,3,0.0119,c,0.01191,ok,0.012029999999999999,ok,0.0119,ok,33.52406999999997,0.07433274944567622,0.00106,0.46204
exp_metastable_Y2O3_mp-558573,mp_dataset/structures/exp_metastable_Y2O3_mp-558573/CONTCAR,15,517,517,,,517,5,5e-05,a,5e-05,ok,0.00015000000000000001,ok,0.00022999999999999998,ok,-146.7362,-0.28382243713733074,-4.07965,0.01349,517,5,8e-05,a,8e-05,ok,0.00011999999999999999,ok,0.00015,ok,19.88075999999998,0.03845408123791099,4e-05,0.55074
exp_metastable_ZnAg_mp-1912,mp_dataset/structures/exp_metastable_ZnAg_mp-1912/CONTCAR,2,84,84,,,84,5,0.00967,b,0.01052,ok,0.00967,ok,0.01035,ok,-25.461210000000012,-0.303109642857143,-1.89545,0.02377,84,5,0.00489,b,0.0049099999999999994,ok,0.00489,ok,0.00499,ok,3.6073399999999993,0.0429445238095238,0.00136,0.20493
exp_metastable_ZrBr_mp-1065846,mp_dataset/structures/exp_metastable_ZrBr_mp-1065846/CONTCAR,4,80,80,,,80,5,0.00788,b,0.0079,ok,0.00788,ok,0.02668,ok,-28.445439999999998,-0.355568,-2.02926,-7e-05,80,5,0.0008600000000000001,a,0.0008600000000000001,ok,0.0008600000000000001,ok,0.01205,ok,7.604680000000001,0.09505850000000002,2e-05,0.6016
exp_metastable_ZrGa3_mp-30685,mp_dataset/structures/exp_metastable_ZrGa3_mp-30685/CONTCAR,4,140,140,,,140,5,0.00764,c,0.01534,ok,0.01515,ok,0.00764,ok,-46.22906000000001,-0.3302075714285715,-2.68639,-0.00688,140,5,0.00334,c,0.00642,ok,0.00642,ok,0.00334,ok,8.170959999999997,0.05836399999999998,0.00241,0.37537
exp_metastable_ZrRh_mp-2808,mp_dataset/structures/exp_metastable_ZrRh_mp-2808/CONTCAR,2,84,84,,,84,5,0.035,a,0.035,ok,0.037099999999999994,ok,0.03549,ok,-20.64423,-0.24576464285714286,-1.49621,-0.00974,84,5,0.019229999999999997,c,0.02009,ok,0.01942,ok,0.019229999999999997,ok,4.9204799999999995,0.05857714285714285,0.00955,0.30773
exp_stable_As2S3_mp-1189572,mp_dataset/structures/exp_stable_As2S3_mp-1189572/CONTCAR,20,368,368,,,368,3,1e-05,a,1e-05,ok,0.00079,ok,0.0009,ok,-119.06003000000004,-0.3235326902173914,-4.83656,0.00013,368,3,0.00035000000000000005,a,0.00035000000000000005,ok,0.00102,ok,0.00081,ok,25.12989999999999,0.0682877717391304,2e-05,0.9327
exp_stable_AsF3_mp-28027,mp_dataset/structures/exp_stable_AsF3_mp-28027/CONTCAR,16,480,480,,,480,5,0.0,c,3.0000000000000004e-05,ok,3.0000000000000004e-05,ok,0.0,ok,-82.78325000000011,-0.17246510416666688,-6.42265,4e-05,480,5,0.0,a,0.0,ok,0.0,ok,0.0,ok,9.839800000000006,0.020499583333333345,0.0,0.70666
exp_stable_BI3_mp-23189,mp_dataset/structures/exp_stable_BI3_mp-23189/CONTCAR,8,78,78,,,78,3,1e-05,c,0.00113,ok,0.00121,ok,1e-05,ok,-41.67015999999997,-0.5342328205128201,-6.80643,1e-05,78,3,0.00048,c,0.00084,ok,0.0008500000000000001,ok,0.00048,ok,8.364320000000003,0.10723487179487183,0.00024,1.27271
exp_stable_BW_mp-7832,mp_dataset/structures/exp_stable_BW_mp-7832/CONTCAR,8,374,374,,,374,5,0.00019,a,0.00019,ok,0.00026000000000000003,ok,0.00085,ok,-153.42438999999996,-0.4102256417112298,-3.96246,0.00759,374,5,0.00065,b,0.00066,ok,0.00065,ok,0.00066,ok,22.212380000000007,0.05939139037433157,0.00032,0.4282
exp_stable_BaAu2_mp-30363,mp_dataset/structures/exp_stable_BaAu2_mp-30363/CONTCAR,3,60,60,,,60,5,0.05189,b,0.05234,ok,0.05189,ok,0.05635,ok,-24.558259999999994,-0.4093043333333332,-3.09436,0.00827,60,5,0.00717,c,0.00856,ok,0.00856,ok,0.00717,ok,4.284330000000001,0.07140550000000001,0.00716,0.6194
exp_stable_BaCl2_mp-568662,mp_dataset/structures/exp_stable_BaCl2_mp-568662/CONTCAR,3,50,50,,,50,3,0.01314,c,0.01322,ok,0.01319,ok,0.01314,ok,-5.695409999999996,-0.11390819999999993,-0.50574,-0.01311,50,3,0.0024,c,0.00243,ok,0.00242,ok,0.0024,ok,0.77914,0.0155828,0.0024,0.07607
exp_stable_BaH2_mp-23715,mp_dataset/structures/exp_stable_BaH2_mp-23715/CONTCAR,12,296,296,,,296,3,0.00024,a,0.00024,ok,0.00075,ok,0.00048,ok,-15.344099999999994,-0.051838175675675655,-0.46561,0.00026,296,3,0.0,a,0.0,ok,0.00026999999999999995,ok,0.00026,ok,3.5212399999999966,0.01189608108108107,0.0,0.0859
exp_stable_Be2Cu_mp-2031,mp_dataset/structures/exp_stable_Be2Cu_mp-2031/CONTCAR,6,384,384,,,384,5,0.00115,b,0.00118,ok,0.00115,ok,0.0012799999999999999,ok,-54.23028000000003,-0.14122468750000008,-3.09901,0.00073,384,5,0.00146,b,0.00147,ok,0.00146,ok,0.00147,ok,7.755099999999995,0.020195572916666654,0.00017,0.3618
exp_stable_Be2Nb3_mp-11272,mp_dataset/structures/exp_stable_Be2Nb3_mp-11272/CONTCAR,10,342,342,,,342,5,0.00636,b,0.01134,ok,0.00636,ok,0.00642,ok,-101.50272999999996,-0.2967916081871344,-3.54363,-0.00316,342,5,0.00376,c,0.00879,ok,0.00377,ok,0.00376,ok,22.61356000000001,0.06612152046783629,0.00188,0.42005
exp_stable_Be2V_mp-11281,mp_dataset/structures/exp_stable_Be2V_mp-11281/CONTCAR,12,624,624,,,624,5,0.0006799999999999999,b,0.0006900000000000001,ok,0.0006799999999999999,ok,0.00093,ok,-124.87985999999991,-0.20012798076923063,-3.42854,0.01152,624,5,0.00125,b,0.00126,ok,0.00125,ok,0.00144,ok,22.59957,0.03621725961538461,0.00063,0.47771
exp_stable_CaAl4_mp-1749,mp_dataset/structures/exp_stable_CaAl4_mp-1749/CONTCAR,5,101,101,,,101,5,0.01027,c,0.01424,ok,0.01432,ok,0.01027,ok,-28.716510000000003,-0.28432188118811885,-3.40918,0.00776,101,5,0.00284,a,0.00284,ok,0.00284,ok,0.00357,ok,7.004550000000004,0.06935198019801984,0.00158,0.81937
exp_stable_CaSn_mp-2450,mp_dataset/structures/exp_stable_CaSn_mp-2450/CONTCAR,4,66,66,,,66,3,0.00523,b,0.00864,ok,0.00523,ok,0.00903,ok,-11.578689999999998,-0.17543469696969693,-2.19874,-0.00158,66,3,0.00033,a,0.00033,ok,0.0033499999999999997,ok,0.00808,ok,3.47173,0.052601969696969696,0.00033,0.70474
exp_stable_CdPd_mp-1696,mp_dataset/structures/exp_stable_CdPd_mp-1696/CONTCAR,4,144,144,,,144,5,8.999999999999999e-05,b,0.0029,ok,8.999999999999999e-05,ok,0.00018999999999999998,ok,-39.636970000000005,-0.2752567361111111,-1.64057,0.00421,144,5,0.00371,b,0.00592,ok,0.00371,ok,0.00372,ok,5.952830000000003,0.041339097222222246,0.00185,0.20234
exp_stable_CoB_mp-20857,mp_dataset/structures/exp_stable_CoB_mp-20857/CONTCAR,8,520,520,,,520,5,6.000000000000001e-05,c,0.00016999999999999999,ok,7.999999999999999e-05,ok,6.000000000000001e-05,ok,-123.77905000000011,-0.23803663461538482,-4.61693,0.00352,520,5,0.00029,b,0.00042,ok,0.00029,ok,0.00034,ok,18.171449999999997,0.034945096153846146,8e-05,0.45704
exp_stable_Cs2As3_mp-15557,mp_dataset/structures/exp_stable_Cs2As3_mp-15557/CONTCAR,10,113,113,,,113,3,0.020220000000000002,c,0.02103,ok,0.02102,ok,0.020220000000000002,ok,-41.43429000000001,-0.36667513274336294,-4.4381,0.01261,113,3,0.00617,a,0.00617,ok,0.00618,ok,0.00641,ok,9.91506,0.08774389380530974,0.0019,1.05068
exp_stable_FeS_mp-505531,mp_dataset/structures/exp_stable_FeS_mp-505531/CONTCAR,4,124,124,,,124,5,0.00305,a,0.00305,ok,0.0032500000000000003,ok,0.00333,ok,-25.810960000000016,-0.20815290322580657,-2.64226,-0.00144,124,5,0.001,c,0.00147,ok,0.00141,ok,0.001,ok,7.475000000000003,0.060282258064516155,0.0007,0.50508
exp_stable_Ge2Os_mp-10032,mp_dataset/structures/exp_stable_Ge2Os_mp-10032/CONTCAR,6,187,187,,,187,5,0.01212,a,0.01212,ok,0.0195,ok,0.01235,ok,-63.51890000000001,-0.3396732620320856,-4.75429,0.00178,187,5,0.0035399999999999997,c,0.007089999999999999,ok,0.00722,ok,0.0035399999999999997,ok,12.961520000000005,0.06931294117647062,0.00062,0.71948
exp_stable_HfTc2_mp-1095669,mp_dataset/structures/exp_stable_HfTc2_mp-1095669/CONTCAR,12,354,354,,,354,5,0.01767,a,0.01767,ok,0.01801,ok,0.03291,ok,-103.11783000000008,-0.291293305084746,-1.97884,-0.01643,354,5,0.00739,a,0.00739,ok,0.0074,ok,0.01116,ok,29.807849999999988,0.08420296610169488,0.00556,0.54338
exp_stable_Hg4Pt_mp-936,mp_dataset/structures/exp_stable_Hg4Pt_mp-936/CONTCAR,5,108,108,,,108,3,0.00336,a,0.00336,ok,0.00451,ok,0.00479,ok,-47.38755,-0.4387736111111111,-3.58465,0.00515,108,3,0.00272,c,0.00274,ok,0.00273,ok,0.00272,ok,7.688770000000001,0.07119231481481482,0.00266,0.54821
exp_stable_HgF2_mp-8177,mp_dataset/structures/exp_stable_HgF2_mp-8177/CONTCAR,3,100,100,,,100,5,0.00895,c,0.00897,ok,0.00901,ok,0.00895,ok,-18.89969000000001,-0.1889969000000001,-1.87499,-0.00051,100,5,0.00364,c,0.00365,ok,0.00365,ok,0.00364,ok,2.3729999999999984,0.023729999999999984,0.00046,0.23208
exp_stable_InBr_mp-22870,mp_dataset/structures/exp_stable_InBr_mp-22870/CONTCAR,4,54,54,,,54,3,0.01022,b,0.01062,ok,0.01022,ok,0.025709999999999997,ok,-16.227399999999996,-0.30050740740740733,-1.97906,-0.00079,54,3,0.00372,b,0.00422,ok,0.00372,ok,0.01089,ok,3.487120000000003,0.06457629629629635,0.00042,0.3925
exp_stable_KI_mp-22898,mp_dataset/structures/exp_stable_KI_mp-22898/CONTCAR,2,30,30,,,30,3,0.02264,b,0.02269,ok,0.02264,ok,0.02394,ok,-3.723,-0.1241,-0.45679,-0.02264,30,3,0.00391,b,0.00392,ok,0.00391,ok,0.00395,ok,0.66886,0.022295333333333334,0.00391,0.08971
exp_stable_KN3_mp-827,mp_dataset/structures/exp_stable_KN3_mp-827/CONTCAR,8,258,258,,,258,5,0.00028,c,0.0004,ok,0.00039,ok,0.00028,ok,-85.50082000000005,-0.33139852713178314,-18.50972,0.00069,258,5,6e-05,a,6e-05,ok,6e-05,ok,6e-05,ok,10.171939999999987,0.0394261240310077,6e-05,1.8894
exp_stable_Li2Se_mp-2286,mp_dataset/structures/exp_stable_Li2Se_mp-2286/CONTCAR,3,100,100,,,100,5,0.011649999999999999,c,0.011720000000000001,ok,0.01181,ok,0.011649999999999999,ok,-25.065440000000006,-0.25065440000000005,-2.27221,0.10801,100,5,0.0015999999999999999,b,0.00163,ok,0.0015999999999999999,ok,0.00165,ok,3.5640699999999996,0.0356407,0.00063,0.34399
exp_stable_LiB_mp-1001835,mp_dataset/structures/exp_stable_LiB_mp-1001835/CONTCAR,4,186,186,,,186,5,0.0029100000000000003,c,0.00356,ok,0.0032199999999999998,ok,0.0029100000000000003,ok,-41.39096999999998,-0.22253209677419344,-9.98365,0.01439,186,5,0.0006399999999999999,c,0.00152,ok,0.00154,ok,0.0006399999999999999,ok,5.121950000000001,0.027537365591397855,0.00031,1.15719
exp_stable_Mg2Ni_mp-2137,mp_dataset/structures/exp_stable_Mg2Ni_mp-2137/CONTCAR,18,540,540,,,540,5,0.00016,b,0.00027,ok,0.00016,ok,0.00071,ok,-14.289439999999999,-0.026461925925925923,-0.25285,0.0016,540,5,1e-05,a,1e-05,ok,1e-05,ok,0.00031,ok,5.110290000000001,0.009463500000000001,0.0,0.08379
exp_stable_MgP4_mp-384,mp_dataset/structures/exp_stable_MgP4_mp-384/CONTCAR,10,244,244,,,244,3,0.0,a,0.0,ok,0.0015,ok,0.00098,ok,-61.825230000000026,-0.25338209016393454,-5.26131,0.00017,244,3,0.00014,b,0.00035,ok,0.00014,ok,0.00059,ok,12.471980000000002,0.05111467213114755,0.00013,0.95183
exp_stable_MnAl12_mp-1104165,mp_dataset/structures/exp_stable_MnAl12_mp-1104165/CONTCAR,13,366,366,,,366,3,0.014249999999999999,b,0.01447,ok,0.014249999999999999,ok,0.01441,ok,-118.34457999999994,-0.32334584699453534,-1.81556,0.0006,366,3,0.00787,b,0.0079,ok,0.00787,ok,0.00789,ok,22.417619999999996,0.06125032786885245,0.00196,0.30987
exp_stable_MoSe2_mp-1634,mp_dataset/structures/exp_stable_MoSe2_mp-1634/CONTCAR,6,150,150,,,150,5,0.00116,a,0.00116,ok,0.00117,ok,0.02792,ok,-47.29102000000001,-0.3152734666666667,-2.85131,-0.00032,150,5,0.00129,a,0.00129,ok,0.00129,ok,0.0101,ok,12.853830000000007,0.08569220000000005,0.00028,0.64226
exp_stable_NaS_mp-2400,mp_dataset/structures/exp_stable_NaS_mp-2400/CONTCAR,8,206,206,,,206,5,0.0,b,3e-05,ok,0.0,ok,2e-05,ok,-23.49327999999999,-0.11404504854368928,-4.72364,0.00281,206,5,0.00015000000000000001,a,0.00015000000000000001,ok,0.00016,ok,0.00015000000000000001,ok,4.52693,0.021975388349514565,7e-05,0.95101
exp_stable_Na_mp-10172,mp_dataset/structures/exp_stable_Na_mp-10172/CONTCAR,2,24,24,,,24,3,0.00197,c,0.06729,ok,0.06725,ok,0.00197,ok,-1.5040200000000004,-0.06266750000000001,-0.09269,0.00101,24,3,0.00141,c,0.03388,ok,0.0339,ok,0.00141,ok,0.8499599999999998,0.035414999999999995,0.0007,0.0539
exp_stable_Nb3Ir_mp-1458,mp_dataset/structures/exp_stable_Nb3Ir_mp-1458/CONTCAR,8,254,254,,,254,3,0.00902,a,0.00902,ok,0.00918,ok,0.00922,ok,-87.73991000000001,-0.3454327165354331,-2.55406,-0.00367,254,3,0.01185,a,0.01185,ok,0.01188,ok,0.01188,ok,22.331320000000012,0.0879185826771654,0.00413,0.63111
exp_stable_NbGa3_mp-1973,mp_dataset/structures/exp_stable_NbGa3_mp-1973/CONTCAR,4,140,140,,,140,5,0.00858,c,0.01706,ok,0.017,ok,0.00858,ok,-43.12708999999999,-0.3080506428571428,-2.44841,0.00661,140,5,0.00206,c,0.00414,ok,0.00415,ok,0.00206,ok,8.487280000000002,0.060623428571428585,0.00206,0.38593
exp_stable_PI2_mp-29443,mp_dataset/structures/exp_stable_PI2_mp-29443/CONTCAR,6,70,70,,,70,3,0.00023,b,0.00065,ok,0.00023,ok,0.00102,ok,-21.82672999999998,-0.31181042857142827,-4.80053,0.00794,70,3,0.00016,b,0.00071,ok,0.00016,ok,0.00054,ok,5.312619999999999,0.07589457142857141,4e-05,0.95857
exp_stable_PbSe_mp-2201,mp_dataset/structures/exp_stable_PbSe_mp-2201/CONTCAR,2,38,38,,,38,5,0.01657,b,0.01677,ok,0.01657,ok,0.01673,ok,-9.806199999999999,-0.2580578947368421,-1.46165,-0.0011,38,5,0.0101,a,0.0101,ok,0.01012,ok,0.0101,ok,2.3342100000000006,0.061426578947368436,0.00062,0.34573
exp_stable_RbI_mp-22903,mp_dataset/structures/exp_stable_RbI_mp-22903/CONTCAR,2,30,30,,,30,3,0.01997,c,0.02106,ok,0.02031,ok,0.01997,ok,-3.8227199999999995,-0.12742399999999998,-0.41822,-0.01997,30,3,0.0059,c,0.00616,ok,0.006,ok,0.0059,ok,0.6536100000000002,0.021787000000000008,0.0059,0.08461
exp_stable_Sc5Ge3_mp-17190,mp_dataset/structures/exp_stable_Sc5Ge3_mp-17190/CONTCAR,16,384,384,,,384,3,0.00053,c,0.011139999999999999,ok,0.01096,ok,0.00053,ok,-111.92614000000009,-0.2914743229166669,-2.09317,0.00045,384,3,0.00567,c,0.0157,ok,0.015560000000000001,ok,0.00567,ok,26.22792,0.068301875,0.005,0.42566
exp_stable_ScAg2_mp-1018128,mp_dataset/structures/exp_stable_ScAg2_mp-1018128/CONTCAR,3,114,114,,,114,5,0.00017,c,0.00147,ok,0.00141,ok,0.00017,ok,-32.84158999999999,-0.28808412280701745,-3.41004,0.00542,114,5,0.00669,a,0.00669,ok,0.006699999999999999,ok,0.00748,ok,5.500010000000002,0.048245701754385986,0.00331,0.4019
exp_stable_ScTe_mp-10026,mp_dataset/structures/exp_stable_ScTe_mp-10026/CONTCAR,4,86,86,,,86,5,0.00712,c,0.013900000000000001,ok,0.01405,ok,0.00712,ok,-23.326760000000004,-0.27124139534883723,-1.5719,-0.00166,86,5,0.0055899999999999995,c,0.00644,ok,0.00642,ok,0.0055899999999999995,ok,6.087279999999999,0.07078232558139534,0.00138,0.33744
exp_stable_SnPt_mp-19856,mp_dataset/structures/exp_stable_SnPt_mp-19856/CONTCAR,4,94,94,,,94,5,0.01291,c,0.03415,ok,0.03401,ok,0.01291,ok,-50.328199999999995,-0.5354063829787233,-3.26116,0.01963,94,5,0.01067,c,0.01824,ok,0.01826,ok,0.01067,ok,8.322639999999998,0.0885387234042553,0.00637,0.4615
exp_stable_SrO2_mp-2697,mp_dataset/structures/exp_stable_SrO2_mp-2697/CONTCAR,3,126,126,,,126,5,0.00044,b,0.0005399999999999999,ok,0.00044,ok,0.00195,ok,-15.520259999999992,-0.1231766666666666,-7.05734,0.00025,126,5,8e-05,b,0.0001,ok,8e-05,ok,0.00096,ok,1.8014899999999998,0.01429753968253968,3e-05,0.98352
exp_stable_SrSi_mp-2661,mp_dataset/structures/exp_stable_SrSi_mp-2661/CONTCAR,4,66,66,,,66,5,7e-05,a,7e-05,ok,0.01497,ok,0.01575,ok,-13.558639999999995,-0.2054339393939393,-2.8884,7e-05,66,5,0.00174,b,0.00901,ok,0.00174,ok,0.015290000000000002,ok,3.6951300000000007,0.05598681818181819,0.00174,0.80771
exp_stable_Ta5Ge3_mp-17593,mp_dataset/structures/exp_stable_Ta5Ge3_mp-17593/CONTCAR,16,410,410,,,410,3,0.03464,b,0.03483,ok,0.03464,ok,0.03993,ok,-169.44591999999997,-0.413282731707317,-2.67657,-0.01194,410,3,0.01541,b,0.01549,ok,0.01541,ok,0.0163,ok,36.15615999999998,0.08818575609756092,0.00653,0.52265
exp_stable_TaP_mp-1067587,mp_dataset/structures/exp_stable_TaP_mp-1067587/CONTCAR,4,126,126,,,126,5,0.03142,a,0.03142,ok,0.03142,ok,0.03292,ok,-45.655930000000005,-0.3623486507936508,-2.7816,-0.00011,126,5,0.01262,a,0.01262,ok,0.01262,ok,0.015050000000000001,ok,9.66084000000001,0.07667333333333341,0.0002,0.4822
exp_stable_TaSb2_mp-11697,mp_dataset/structures/exp_stable_TaSb2_mp-11697/CONTCAR,6,140,140,,,140,5,0.01174,b,0.017,ok,0.01174,ok,0.01752,ok,-48.93800999999999,-0.34955721428571424,-3.02436,-0.00058,140,5,0.01519,b,0.01906,ok,0.01519,ok,0.01756,ok,12.377870000000003,0.08841335714285717,0.00041,0.59138
exp_stable_Te2Pd_mp-782,mp_dataset/structures/exp_stable_Te2Pd_mp-782/CONTCAR,3,54,54,,,54,5,0.01444,c,0.08774,ok,0.0876,ok,0.01444,ok,-28.461079999999995,-0.527057037037037,-3.51581,-0.00574,54,5,0.00281,c,0.021429999999999998,ok,0.021449999999999997,ok,0.00281,ok,5.26657,0.09752907407407407,0.00258,0.58162
exp_stable_Te2Ru_mp-267,mp_dataset/structures/exp_stable_Te2Ru_mp-267/CONTCAR,6,120,120,,,120,3,0.00434,b,0.004710000000000001,ok,0.00434,ok,0.00968,ok,-38.187260000000016,-0.3182271666666668,-2.33689,-0.0008,120,3,0.00267,b,0.00768,ok,0.00267,ok,0.00839,ok,9.586699999999999,0.07988916666666665,0.00048,0.49757
exp_stable_TeO2_mp-8377,mp_dataset/structures/exp_stable_TeO2_mp-8377/CONTCAR,12,360,360,,,360,5,4e-05,b,6e-05,ok,4e-05,ok,7.000000000000001e-05,ok,-83.50709000000013,-0.23196413888888925,-6.69472,0.00206,360,5,0.0002,b,0.00045,ok,0.0002,ok,0.00038,ok,12.421100000000008,0.03450305555555558,3e-05,0.87422
exp_stable_Ti3In_mp-866046,mp_dataset/structures/exp_stable_Ti3In_mp-866046/CONTCAR,8,256,256,,,256,3,0.00501,c,0.00614,ok,0.00556,ok,0.00501,ok,-52.90306000000003,-0.20665257812500012,-1.19203,-0.0037,256,3,0.00716,c,0.00855,ok,0.00854,ok,0.00716,ok,17.341609999999996,0.06774066406249998,0.00225,0.32116
exp_stable_Ti3Pt_mp-2339,mp_dataset/structures/exp_stable_Ti3Pt_mp-2339/CONTCAR,8,278,278,,,278,3,0.00178,a,0.00178,ok,0.00189,ok,0.00187,ok,-66.48618,-0.23915892086330937,-1.77737,-0.00178,278,3,0.0052899999999999996,b,0.0053100000000000005,ok,0.0052899999999999996,ok,0.0053,ok,18.77892,0.06755007194244604,0.0026,0.44821
exp_stable_TiBe12_mp-1104067,mp_dataset/structures/exp_stable_TiBe12_mp-1104067/CONTCAR,13,762,762,,,762,5,0.00024,b,0.0007999999999999999,ok,0.00024,ok,0.00031,ok,-145.06691000000004,-0.19037652230971133,-2.71402,0.04817,762,5,0.00037,b,0.0007000000000000001,ok,0.00037,ok,0.00037,ok,19.300800000000002,0.02532913385826772,0.0003,0.27472
exp_stable_TiNi_mp-1048,mp_dataset/structures/exp_stable_TiNi_mp-1048/CONTCAR,4,150,150,,,150,5,0.00391,b,0.01448,ok,0.00391,ok,0.01699,ok,-22.015110000000007,-0.14676740000000005,-0.9152,-0.00195,150,5,0.00224,b,0.008660000000000001,ok,0.00224,ok,0.00934,ok,8.109679999999999,0.054064533333333324,0.00111,0.30214
exp_stable_TiO_mp-1071163,mp_dataset/structures/exp_stable_TiO_mp-1071163/CONTCAR,6,336,336,,,336,5,0.0006399999999999999,a,0.0006399999999999999,ok,0.00071,ok,0.00073,ok,-48.93890999999994,-0.1456515178571427,-3.18841,-4e-05,336,5,0.00019,b,0.00027,ok,0.00019,ok,0.00019,ok,10.267770000000025,0.030558839285714363,8e-05,0.48618
exp_stable_TiSi2_mp-1077503,mp_dataset/structures/exp_stable_TiSi2_mp-1077503/CONTCAR,6,232,232,,,232,5,0.00618,b,0.00718,ok,0.00618,ok,0.011909999999999999,ok,-57.76688000000004,-0.2489951724137933,-3.6615,0.00235,232,5,0.00494,b,0.00523,ok,0.00494,ok,0.00559,ok,12.465140000000023,0.05372905172413803,0.0008,0.55503
exp_stable_TlCl_mp-571079,mp_dataset/structures/exp_stable_TlCl_mp-571079/CONTCAR,4,54,54,,,54,3,0.00717,b,0.00982,ok,0.00717,ok,0.03161,ok,-15.684240000000004,-0.290448888888889,-1.65554,-0.00079,54,3,0.00278,b,0.00377,ok,0.00278,ok,0.010709999999999999,ok,3.0910600000000006,0.05724185185185186,0.00049,0.32443
exp_stable_VNi2_mp-11531,mp_dataset/structures/exp_stable_VNi2_mp-11531/CONTCAR,3,156,156,,,156,7,0.0038799999999999998,a,0.0038799999999999998,ok,0.00496,ok,0.00647,ok,-17.33766,-0.11113884615384616,-1.40292,-0.00171,156,7,0.00213,a,0.00213,ok,0.0031,ok,0.0036699999999999997,ok,6.24173,0.04001108974358974,0.00105,0.47686
exp_stable_WO2_mp-1524394,mp_dataset/structures/exp_stable_WO2_mp-1524394/CONTCAR,12,552,552,,,552,5,0.00022,c,0.00044,ok,0.00042,ok,0.00022,ok,-166.84879999999973,-0.3022623188405792,-6.51953,3e-05,552,5,9e-05,c,0.00026000000000000003,ok,0.00027,ok,9e-05,ok,22.392530000000015,0.04056617753623191,4e-05,1.22207
exp_stable_Zr2Au_mp-2348,mp_dataset/structures/exp_stable_Zr2Au_mp-2348/CONTCAR,3,79,79,,,79,5,0.03057,a,0.03057,ok,0.032060000000000005,ok,0.03227,ok,-43.8732,-0.5553569620253164,-2.33406,-0.01458,79,5,0.0142,a,0.0142,ok,0.01488,ok,0.014339999999999999,ok,8.116499999999995,0.10274050632911386,0.0068,0.43747
exp_stable_Zr5Pb3_mp-681992,mp_dataset/structures/exp_stable_Zr5Pb3_mp-681992/CONTCAR,16,348,348,,,348,3,2e-05,c,0.023710000000000002,ok,0.02392,ok,2e-05,ok,-149.6521599999999,-0.4300349425287353,-2.57479,0.00269,348,3,0.01337,c,0.02403,ok,0.02422,ok,0.01337,ok,33.83459000000002,0.09722583333333339,0.00611,0.46729
exp_stable_ZrMo2_mp-2049,mp_dataset/structures/exp_stable_ZrMo2_mp-2049/CONTCAR,6,168,168,,,168,5,0.0105,a,0.0105,ok,0.01148,ok,0.01178,ok,-53.60926000000001,-0.31910273809523815,-1.69163,-0.0105,168,5,0.00809,c,0.00814,ok,0.00813,ok,0.00809,ok,15.79480000000001,0.09401666666666672,0.00809,0.46745
hull_covalent_Si_mp-149,mp_dataset/structures/hull_covalent_Si_mp-149/CONTCAR,2,64,64,,,64,5,0.00317,c,0.0031999999999999997,ok,0.00318,ok,0.00317,ok,-18.610730000000004,-0.29079265625000006,-4.55151,0.00183,64,5,0.00116,a,0.00116,ok,0.00119,ok,0.00116,ok,3.9409499999999977,0.061577343749999965,8e-05,0.92472
hull_ionic_NaCl_mp-22862,mp_dataset/structures/hull_ionic_NaCl_mp-22862/CONTCAR,2,50,50,,,50,5,0.03071,a,0.03071,ok,0.0308,ok,0.03087,ok,-4.445290000000001,-0.08890580000000002,-0.59549,-0.0005,50,5,0.00239,a,0.00239,ok,0.00239,ok,0.0024,ok,0.6578400000000003,0.013156800000000007,0.00018,0.08593
hull_metallic_AlNi_mp-1487,mp_dataset/structures/hull_metallic_AlNi_mp-1487/CONTCAR,2,96,96,,,96,5,0.00419,a,0.00419,ok,0.00509,ok,0.00474,ok,-30.92626,-0.3221485416666667,-1.99211,0.00661,96,5,0.00777,a,0.00777,ok,0.00778,ok,0.00777,ok,5.00504,0.05213583333333333,0.00044,0.2678
metastable_covalent_C_rhombohedral_mp-169,mp_dataset/structures/metastable_covalent_C_rhombohedral_mp-169/CONTCAR,2,130,130,,,130,7,0.00025,c,0.0005,ok,0.00051,ok,0.00025,ok,-37.14289999999995,-0.28571461538461496,-11.73735,0.03749,130,7,7.000000000000001e-05,a,7.000000000000001e-05,ok,7.000000000000001e-05,ok,0.00011,ok,3.9412300000000013,0.030317153846153855,3e-05,1.21731
metastable_ionic_LiBr_mp-23259,mp_dataset/structures/metastable_ionic_LiBr_mp-23259/CONTCAR,2,50,50,,,50,5,0.09879,c,0.09888,ok,0.09887,ok,0.09879,ok,-16.914780000000004,-0.3382956000000001,-2.04079,0.00502,50,5,0.02174,a,0.02174,ok,0.02174,ok,0.02174,ok,2.2625199999999985,0.04525039999999997,0.00094,0.27903
metastable_metallic_BeCu_mp-2323,mp_dataset/structures/metastable_metallic_BeCu_mp-2323/CONTCAR,2,168,168,,,168,5,0.00048,b,0.0009699999999999999,ok,0.00048,ok,0.0007099999999999999,ok,-27.255689999999998,-0.16223625,-1.84805,0.03161,168,5,0.00121,a,0.00121,ok,0.00121,ok,0.00122,ok,3.7756000000000047,0.022473809523809552,0.0004,0.19864
theo_metastable_Al4Si_mp-1228120,mp_dataset/structures/theo_metastable_Al4Si_mp-1228120/CONTCAR,5,81,81,,,81,3,0.08539,a,0.08539,ok,0.10225000000000001,ok,0.11204,ok,-85.94116999999999,-1.0610020987654318,-2.85629,0.22694,81,3,0.02835,c,0.028399999999999998,ok,0.0289,ok,0.02835,ok,10.011190000000001,0.12359493827160495,0.00488,0.26271
theo_metastable_AlSb_mp-1023918,mp_dataset/structures/theo_metastable_AlSb_mp-1023918/CONTCAR,4,92,92,,,92,3,0.00036,c,0.01183,ok,0.01165,ok,0.00036,ok,-30.311729999999983,-0.32947532608695634,-2.59169,0.00051,92,3,0.004149999999999999,c,0.00623,ok,0.00622,ok,0.004149999999999999,ok,6.584500000000002,0.07157065217391306,0.00207,0.54286
theo_metastable_B3Ir2_mp-1228647,mp_dataset/structures/theo_metastable_B3Ir2_mp-1228647/CONTCAR,10,473,473,,,473,5,0.00028000000000000003,a,0.00028000000000000003,ok,0.00029,ok,0.00047,ok,-159.65771999999993,-0.33754274841437615,-4.90359,0.00788,473,5,0.00068,b,0.00087,ok,0.00068,ok,0.0009,ok,22.488169999999997,0.047543699788583506,0.00029,0.55295
theo_metastable_B6Pb_mp-1096825,mp_dataset/structures/theo_metastable_B6Pb_mp-1096825/CONTCAR,7,399,399,,,399,5,0.00235,b,0.0023699999999999997,ok,0.00235,ok,0.00236,ok,-90.74389,-0.22742829573934836,-7.64309,0.12769,399,5,0.00108,a,0.00108,ok,0.00109,ok,0.00109,ok,12.135409999999998,0.030414561403508768,0.00016,0.89537
theo_metastable_BPd5_mp-1228665,mp_dataset/structures/theo_metastable_BPd5_mp-1228665/CONTCAR,6,135,135,,,135,3,0.024169999999999997,c,0.04352,ok,0.03788,ok,0.024169999999999997,ok,-59.58175,-0.4413462962962963,-6.32807,0.57068,135,3,0.01379,c,0.01438,ok,0.01441,ok,0.01379,ok,9.5344,0.07062518518518518,0.00396,0.69733
theo_metastable_BeAu3_mp-983539,mp_dataset/structures/theo_metastable_BeAu3_mp-983539/CONTCAR,4,144,144,,,144,3,0.0241,a,0.0241,ok,0.024489999999999998,ok,0.02476,ok,-44.17865999999998,-0.3067962499999999,-2.11257,0.00645,144,3,0.01207,b,0.0121,ok,0.01207,ok,0.01217,ok,6.264029999999997,0.04350020833333332,0.00333,0.22365
theo_metastable_BeCl2_mp-1190080,mp_dataset/structures/theo_metastable_BeCl2_mp-1190080/CONTCAR,18,300,300,,,300,3,0.00237,a,0.00237,ok,0.0025700000000000002,ok,0.0024200000000000003,ok,-151.16457000000005,-0.5038819000000002,-5.97938,-0.00071,300,3,0.00077,b,0.0007799999999999999,ok,0.00077,ok,0.00077,ok,19.755570000000024,0.06585190000000007,9e-05,0.75582
theo_metastable_CaGe2_mp-643542,mp_dataset/structures/theo_metastable_CaGe2_mp-643542/CONTCAR,3,72,72,,,72,5,0.013049999999999999,c,0.01865,ok,0.01865,ok,0.013049999999999999,ok,-14.503799999999996,-0.20144166666666663,-3.56561,0.00158,72,5,0.00145,c,0.0019099999999999998,ok,0.0019099999999999998,ok,0.00145,ok,3.6636699999999998,0.05088430555555555,0.00046,0.84722
theo_metastable_CoSe2_mp-1390196,mp_dataset/structures/theo_metastable_CoSe2_mp-1390196/CONTCAR,12,332,332,,,332,3,0.00084,b,0.00088,ok,0.00084,ok,0.00088,ok,-126.99852000000001,-0.38252566265060245,-4.33328,-0.00031,332,3,0.00414,c,0.00422,ok,0.00416,ok,0.00414,ok,22.933,0.06907530120481928,0.00207,0.70599
theo_metastable_Cr2C_mp-1226378,mp_dataset/structures/theo_metastable_Cr2C_mp-1226378/CONTCAR,3,186,186,,,186,7,0.00208,a,0.00208,ok,0.00208,ok,0.00558,ok,-32.547929999999994,-0.1749888709677419,-3.08155,-0.00104,186,7,0.00136,a,0.00136,ok,0.00136,ok,0.00137,ok,8.637399999999998,0.04643763440860214,0.00068,0.52707
theo_metastable_CrMo_mp-1226200,mp_dataset/structures/theo_metastable_CrMo_mp-1226200/CONTCAR,2,88,88,,,88,5,0.04226,a,0.04226,ok,0.04289,ok,0.04733,ok,-22.261799999999997,-0.25297499999999995,-1.75209,-0.01695,88,5,0.02629,c,0.02741,ok,0.027200000000000002,ok,0.02629,ok,7.67825,0.08725284090909091,0.01175,0.4739
theo_metastable_Ga2Se3_mp-1224809,mp_dataset/structures/theo_metastable_Ga2Se3_mp-1224809/CONTCAR,5,88,88,,,88,3,0.01137,c,0.01148,ok,0.01143,ok,0.01137,ok,-39.80488000000002,-0.452328181818182,-5.6484,0.00528,88,3,0.00384,b,0.00385,ok,0.00384,ok,0.00385,ok,7.491699999999996,0.0851329545454545,0.00015,1.00933
theo_metastable_GeS_mp-12910,mp_dataset/structures/theo_metastable_GeS_mp-12910/CONTCAR,4,114,114,,,114,5,0.00226,c,0.00366,ok,0.00266,ok,0.00226,ok,-25.770290000000003,-0.22605517543859652,-4.33615,-0.00094,114,5,0.00121,a,0.00121,ok,0.00178,ok,0.0025199999999999997,ok,5.513940000000001,0.04836789473684211,0.0006,0.81988
theo_metastable_HCl_mp-684609,mp_dataset/structures/theo_metastable_HCl_mp-684609/CONTCAR,2,45,45,,,45,5,0.00025,a,0.00025,ok,0.00025,ok,0.00025,ok,-7.493399999999999,-0.16651999999999997,-7.39848,0.00052,45,5,8e-05,a,8e-05,ok,8e-05,ok,8e-05,ok,0.9684899999999995,0.02152199999999999,0.0,0.94799
theo_metastable_HfMo_mp-1224314,mp_dataset/structures/theo_metastable_HfMo_mp-1224314/CONTCAR,2,88,88,,,88,5,0.01999,a,0.01999,ok,0.020319999999999998,ok,0.03771,ok,-24.30091,-0.27614670454545454,-1.93388,0.0108,88,5,0.01233,a,0.01233,ok,0.012379999999999999,ok,0.01436,ok,6.763840000000002,0.0768618181818182,0.00381,0.50399
theo_metastable_IN2_mp-1097011,mp_dataset/structures/theo_metastable_IN2_mp-1097011/CONTCAR,6,97,97,,,97,3,0.00047,a,0.00047,ok,0.00051,ok,0.00049,ok,-48.83377999999999,-0.503441030927835,-23.17819,0.00093,97,3,0.00014,a,0.00014,ok,0.00015000000000000001,ok,0.00014,ok,6.91818,0.07132144329896907,7e-05,2.95065
theo_metastable_InSe2_mp-1232036,mp_dataset/structures/theo_metastable_InSe2_mp-1232036/CONTCAR,6,126,126,,,126,3,0.00164,a,0.00164,ok,0.00164,ok,0.02239,ok,-37.357900000000015,-0.29649126984126994,-2.42284,-0.00164,126,3,0.00492,a,0.00492,ok,0.00492,ok,0.01034,ok,8.47071,0.06722785714285714,0.00246,0.44849
theo_metastable_IrCl3_mp-729507,mp_dataset/structures/theo_metastable_IrCl3_mp-729507/CONTCAR,16,273,273,,,273,3,0.00272,c,0.00443,ok,0.0052499999999999995,ok,0.00272,ok,-133.85750999999996,-0.4903205494505493,-5.68224,-0.00084,273,3,0.0005499999999999999,c,0.0008799999999999999,ok,0.0009,ok,0.0005499999999999999,ok,20.60022,0.07545868131868132,0.00016,0.76952
theo_metastable_K5As4_mp-684799,mp_dataset/structures/theo_metastable_K5As4_mp-684799/CONTCAR,9,104,104,,,104,3,0.0088,c,0.01314,ok,0.021859999999999997,ok,0.0088,ok,-26.337320000000002,-0.25324346153846156,-4.10068,0.00664,104,3,0.0023699999999999997,a,0.0023699999999999997,ok,0.00468,ok,0.007209999999999999,ok,6.2749299999999995,0.06033586538461538,0.001,1.02701
theo_metastable_KSn3_mp-1185151,mp_dataset/structures/theo_metastable_KSn3_mp-1185151/CONTCAR,8,88,88,,,88,3,0.02646,c,0.03053,ok,0.030699999999999998,ok,0.02646,ok,-35.3986,-0.4022568181818182,-1.93458,0.0268,88,3,0.0077,c,0.00893,ok,0.00901,ok,0.0077,ok,8.92426,0.10141204545454546,0.00445,0.55433
theo_metastable_Li3Ag_mp-976408,mp_dataset/structures/theo_metastable_Li3Ag_mp-976408/CONTCAR,4,156,156,,,156,5,0.01154,b,0.01243,ok,0.01154,ok,0.01872,ok,-34.50906999999997,-0.221211987179487,-1.97312,0.24047,156,5,0.00418,c,0.0043100000000000005,ok,0.00427,ok,0.00418,ok,3.7633099999999997,0.024123782051282048,0.00036,0.13717
theo_metastable_LiTl3_mp-1185253,mp_dataset/structures/theo_metastable_LiTl3_mp-1185253/CONTCAR,4,108,108,,,108,5,0.0033499999999999997,a,0.0033499999999999997,ok,0.00341,ok,0.00355,ok,-29.33398000000002,-0.2716109259259261,-1.43849,0.0175,108,5,0.0028,a,0.0028,ok,0.00281,ok,0.00289,ok,5.444380000000001,0.050410925925925935,0.0014,0.25083
theo_metastable_Mg15B_mp-1023515,mp_dataset/structures/theo_metastable_Mg15B_mp-1023515/CONTCAR,16,374,374,,,374,3,0.00028000000000000003,b,0.00038,ok,0.00028000000000000003,ok,0.0007800000000000001,ok,-4.3827500000000015,-0.011718582887700538,-0.13978,0.00141,374,3,4e-05,a,4e-05,ok,6e-05,ok,6e-05,ok,0.88487,0.00236596256684492,0.0,0.04087
theo_metastable_MgF2_mp-560236,mp_dataset/structures/theo_metastable_MgF2_mp-560236/CONTCAR,6,183,183,,,183,5,2e-05,c,4e-05,ok,4e-05,ok,2e-05,ok,-11.834699999999991,-0.06467049180327863,-1.30503,2e-05,183,5,0.0,c,1e-05,ok,1e-05,ok,0.0,ok,1.164099999999999,0.006361202185792344,0.0,0.11914
theo_metastable_MgSn_mp-1094669,mp_dataset/structures/theo_metastable_MgSn_mp-1094669/CONTCAR,2,44,44,,,44,3,0.00026,a,0.00026,ok,0.00026,ok,0.00026,ok,-7.845770000000001,-0.17831295454545457,-0.70591,0.00122,44,3,0.0001,a,0.0001,ok,0.0001,ok,0.0001,ok,2.243359999999999,0.05098545454545453,0.0001,0.2238
theo_metastable_MgSn_mp-1094801,mp_dataset/structures/theo_metastable_MgSn_mp-1094801/CONTCAR,2,60,60,,,60,5,0.00426,c,0.00479,ok,0.00464,ok,0.00426,ok,-8.82422,-0.14707033333333333,-1.27851,0.00426,60,5,0.00528,a,0.00528,ok,0.00529,ok,0.00544,ok,2.3914999999999997,0.03985833333333333,0.00074,0.31407
theo_metastable_MnN_mp-1009130,mp_dataset/structures/theo_metastable_MnN_mp-1009130/CONTCAR,2,152,152,,,152,7,0.00185,c,0.0018800000000000002,ok,0.0018900000000000002,ok,0.00185,ok,-20.357629999999983,-0.13393177631578937,-4.02068,-0.00089,152,7,0.00121,a,0.00121,ok,0.00121,ok,0.00121,ok,5.255659999999997,0.03457671052631577,0.00023,0.67404
theo_metastable_Na2Cl_mp-990084,mp_dataset/structures/theo_metastable_Na2Cl_mp-990084/CONTCAR,3,38,38,,,38,3,0.037559999999999996,a,0.037559999999999996,ok,0.037559999999999996,ok,0.037559999999999996,ok,-3.708499999999998,-0.09759210526315784,-0.3527,0.00114,38,3,0.01647,a,0.01647,ok,0.01647,ok,0.01647,ok,1.00453,0.026434999999999997,0.00037,0.09872
theo_metastable_Na3Cl_mp-1064484,mp_dataset/structures/theo_metastable_Na3Cl_mp-1064484/CONTCAR,4,83,83,,,83,5,0.00255,a,0.00255,ok,0.00255,ok,0.01722,ok,-4.649219999999999,-0.05601469879518071,-0.22718,0.00417,83,5,0.00030000000000000003,a,0.00030000000000000003,ok,0.00030000000000000003,ok,0.0098,ok,1.438379999999999,0.01732987951807228,0.0001,0.05763
theo_metastable_NbRh2_mp-1220414,mp_dataset/structures/theo_metastable_NbRh2_mp-1220414/CONTCAR,6,196,196,,,196,5,0.01765,b,0.04314,ok,0.01765,ok,0.054639999999999994,ok,-44.72329000000002,-0.22818005102040825,-1.5767,-0.0134,196,5,0.0082,b,0.0193,ok,0.0082,ok,0.035,ok,13.475230000000002,0.06875117346938776,0.00777,0.44099
theo_metastable_NbS2_mp-774873,mp_dataset/structures/theo_metastable_NbS2_mp-774873/CONTCAR,6,122,122,,,122,5,0.00012,b,0.00108,ok,0.00012,ok,0.01104,ok,-47.23432,-0.38716655737704914,-3.20531,-0.00012,122,5,0.00038,a,0.00038,ok,0.00039000000000000005,ok,0.00701,ok,10.81549,0.08865155737704919,0.00019,0.64085
theo_metastable_PtCl2_mp-1219748,mp_dataset/structures/theo_metastable_PtCl2_mp-1219748/CONTCAR,6,90,90,,,90,3,0.00504,a,0.00504,ok,0.00507,ok,0.00652,ok,-50.55453,-0.561717,-5.33331,-0.00059,90,3,0.0013800000000000002,a,0.0013800000000000002,ok,0.0013800000000000002,ok,0.00181,ok,7.18231,0.07980344444444444,0.00012,0.72114
theo_metastable_Sc2O3_mp-755313,mp_dataset/structures/theo_metastable_Sc2O3_mp-755313/CONTCAR,10,454,454,,,454,5,0.00051,b,0.00089,ok,0.00051,ok,0.00094,ok,-80.45501000000017,-0.1772136784140973,-3.26291,-0.00025,454,5,0.00015000000000000001,b,0.00016,ok,0.00015000000000000001,ok,0.00016,ok,11.736210000000009,0.02585068281938328,7e-05,0.50358
theo_metastable_ScTc3_mp-867262,mp_dataset/structures/theo_metastable_ScTc3_mp-867262/CONTCAR,4,140,140,,,140,5,0.03314,a,0.03314,ok,0.03499,ok,0.034839999999999996,ok,-34.260200000000026,-0.24471571428571448,-1.53919,-0.01549,140,5,0.0139,b,0.01452,ok,0.0139,ok,0.01421,ok,10.243740000000006,0.07316957142857147,0.01284,0.45315
theo_metastable_SiAu3_mp-1186998,mp_dataset/structures/theo_metastable_SiAu3_mp-1186998/CONTCAR,4,140,140,,,140,5,0.005679999999999999,b,0.00678,ok,0.005679999999999999,ok,0.009449999999999998,ok,-41.69953999999999,-0.29785385714285706,-2.75522,0.92506,140,5,0.008320000000000001,b,0.00841,ok,0.008320000000000001,ok,0.00833,ok,6.799959999999999,0.04857114285714285,0.00412,0.25809
theo_metastable_Sn7Pd5_mp-1219006,mp_dataset/structures/theo_metastable_Sn7Pd5_mp-1219006/CONTCAR,12,248,248,,,248,3,0.0023,c,0.0052,ok,0.0027,ok,0.0023,ok,-128.96776000000003,-0.5200312903225808,-3.49177,0.38826,248,3,0.00933,c,0.01153,ok,0.01115,ok,0.00933,ok,21.009450000000005,0.0847155241935484,0.00334,0.42417
theo_metastable_SnBr2_mp-978985,mp_dataset/structures/theo_metastable_SnBr2_mp-978985/CONTCAR,6,76,76,,,76,3,0.00033999999999999997,a,0.00033999999999999997,ok,0.00033999999999999997,ok,0.00078,ok,-20.712880000000023,-0.2725378947368424,-1.66544,0.00026,76,3,0.0016899999999999999,a,0.0016899999999999999,ok,0.0016899999999999999,ok,0.00262,ok,4.86656,0.06403368421052631,0.00013,0.36258
theo_metastable_Sr3As4_mp-678007,mp_dataset/structures/theo_metastable_Sr3As4_mp-678007/CONTCAR,14,196,196,,,196,3,0.00447,b,0.010440000000000001,ok,0.00447,ok,0.0052,ok,-42.3433,-0.21603724489795917,-3.36241,-0.00067,196,3,0.00146,b,0.00345,ok,0.00146,ok,0.00179,ok,10.90628,0.055644285714285716,0.00032,0.91898
theo_metastable_Sr3Sn_mp-1187136,mp_dataset/structures/theo_metastable_Sr3Sn_mp-1187136/CONTCAR,4,48,48,,,48,3,0.00794,a,0.00794,ok,0.00803,ok,0.00808,ok,-4.681520000000001,-0.09753166666666668,-0.23763,0.01805,48,3,0.00801,b,0.00809,ok,0.00801,ok,0.00807,ok,1.2946799999999992,0.026972499999999983,0.00801,0.05022
theo_metastable_SrTl3_mp-1206636,mp_dataset/structures/theo_metastable_SrTl3_mp-1206636/CONTCAR,4,48,48,,,48,3,0.00329,b,0.00891,ok,0.00329,ok,0.00419,ok,-19.802439999999997,-0.41255083333333326,-1.21486,-0.00329,48,3,0.00348,b,0.00393,ok,0.00348,ok,0.00354,ok,4.307620000000001,0.08974208333333335,0.00348,0.28713
theo_metastable_Ta4C3_mp-1218000,mp_dataset/structures/theo_metastable_Ta4C3_mp-1218000/CONTCAR,7,153,153,,,153,3,0.00144,a,0.00144,ok,0.00144,ok,0.00144,ok,-94.05323999999999,-0.6147270588235293,-3.89076,0.02044,153,3,0.00231,a,0.00231,ok,0.00231,ok,0.00231,ok,16.566650000000003,0.10827875816993465,0.00087,0.58226
theo_metastable_TaP_mp-1187244,mp_dataset/structures/theo_metastable_TaP_mp-1187244/CONTCAR,2,82,82,,,82,5,0.03592,a,0.03592,ok,0.03594,ok,0.04141999999999999,ok,-24.966360000000005,-0.30446780487804886,-2.75099,0.00042,82,5,0.0137,a,0.0137,ok,0.0137,ok,0.0146,ok,5.541500000000005,0.06757926829268299,0.00023,0.47923
theo_metastable_TaRe_mp-1217894,mp_dataset/structures/theo_metastable_TaRe_mp-1217894/CONTCAR,2,88,88,,,88,5,0.06977,b,0.07095,ok,0.06977,ok,0.07356,ok,-28.78317999999998,-0.32708159090909067,-1.92384,-0.03293,88,5,0.02542,c,0.027639999999999998,ok,0.02744,ok,0.02542,ok,7.422860000000003,0.08435068181818185,0.01068,0.47782
theo_metastable_TcW_mp-1217337,mp_dataset/structures/theo_metastable_TcW_mp-1217337/CONTCAR,2,88,88,,,88,5,0.0041,c,0.00861,ok,0.00861,ok,0.0041,ok,-42.68046000000001,-0.4850052272727274,-4.33733,-0.00166,88,5,0.01594,c,0.02368,ok,0.02369,ok,0.01594,ok,8.881599999999999,0.10092727272727271,0.00774,0.73997
theo_metastable_TiMo2_mp-1216675,mp_dataset/structures/theo_metastable_TiMo2_mp-1216675/CONTCAR,3,77,77,,,77,5,0.037720000000000004,a,0.037720000000000004,ok,0.046729999999999994,ok,0.044,ok,-32.361349999999995,-0.42027727272727267,-1.85161,-0.0072,77,5,0.01824,a,0.01824,ok,0.02534,ok,0.02093,ok,9.913500000000003,0.12874675324675328,0.00591,0.54104
theo_metastable_TiNi_mp-1067248,mp_dataset/structures/theo_metastable_TiNi_mp-1067248/CONTCAR,4,150,150,,,150,5,0.0052899999999999996,b,0.01118,ok,0.0052899999999999996,ok,0.01477,ok,-21.736069999999984,-0.14490713333333322,-0.924,-0.00264,150,5,0.00285,b,0.00845,ok,0.00285,ok,0.0096,ok,8.078130000000002,0.05385420000000001,0.00142,0.30626
theo_metastable_TiSi2_mp-570991,mp_dataset/structures/theo_metastable_TiSi2_mp-570991/CONTCAR,3,120,120,,,120,5,0.01347,b,0.01421,ok,0.01347,ok,0.0137,ok,-30.244960000000003,-0.25204133333333334,-1.8009,2e-05,120,5,0.00812,a,0.00812,ok,0.00817,ok,0.00823,ok,6.84916,0.05707633333333333,0.00048,0.28571
theo_metastable_TiW_mp-1216621,mp_dataset/structures/theo_metastable_TiW_mp-1216621/CONTCAR,2,88,88,,,88,5,0.00225,a,0.00225,ok,0.00227,ok,0.0033099999999999996,ok,-38.29017000000001,-0.4351155681818183,-4.37382,0.00311,88,5,0.0033,c,0.0063999999999999994,ok,0.0063999999999999994,ok,0.0033,ok,8.44408,0.09595545454545454,0.0031,0.80895
theo_metastable_Tl3Ga_mp-1187539,mp_dataset/structures/theo_metastable_Tl3Ga_mp-1187539/CONTCAR,4,76,76,,,76,3,5e-05,b,7e-05,ok,5e-05,ok,0.00020999999999999998,ok,-24.552200000000003,-0.3230552631578948,-1.42929,0.00342,76,3,0.00289,b,0.00293,ok,0.00289,ok,0.00293,ok,4.858509999999999,0.06392776315789472,0.00289,0.24517
theo_metastable_Tl4Sn_mp-1216560,mp_dataset/structures/theo_metastable_Tl4Sn_mp-1216560/CONTCAR,5,63,63,,,63,3,1.00233,a,1.00233,ok,1.00249,ok,1.0155800000000001,ok,-57.755669999999995,-0.9167566666666666,-2.44696,0.02496,63,3,0.19271999999999997,b,0.19308999999999998,ok,0.19271999999999997,ok,0.19346,ok,9.160240000000002,0.14540063492063496,0.00329,0.23315
theo_metastable_VCo3_mp-1095057,mp_dataset/structures/theo_metastable_VCo3_mp-1095057/CONTCAR,8,352,352,,,352,3,0.00293,c,0.00394,ok,0.00296,ok,0.00293,ok,-103.88034000000007,-0.2951146022727275,-2.61187,0.00307,352,3,0.005770000000000001,a,0.005770000000000001,ok,0.00649,ok,0.00649,ok,21.855109999999996,0.06208838068181817,0.00284,0.39146
theo_metastable_VN_mp-1017532,mp_dataset/structures/theo_metastable_VN_mp-1017532/CONTCAR,4,298,298,,,298,7,4e-05,a,4e-05,ok,6e-05,ok,0.00025,ok,-43.57257999999995,-0.14621671140939582,-2.69855,9e-05,298,7,0.00019,a,0.00019,ok,0.00019,ok,0.00029,ok,9.380229999999974,0.031477281879194546,9e-05,0.42961
theo_metastable_Y3Co_mp-1189329,mp_dataset/structures/theo_metastable_Y3Co_mp-1189329/CONTCAR,16,260,260,,,260,3,0.01504,a,0.01504,ok,0.01632,ok,0.03422,ok,-150.04215999999997,-0.5770852307692307,-3.89987,-0.00255,260,3,0.01044,a,0.01044,ok,0.01749,ok,0.02599,ok,31.75923,0.1221508846153846,0.00518,0.70792
theo_metastable_YAg3_mp-1187811,mp_dataset/structures/theo_metastable_YAg3_mp-1187811/CONTCAR,4,140,140,,,140,5,0.00112,c,0.00178,ok,0.00137,ok,0.00112,ok,-38.97065000000002,-0.2783617857142859,-1.86832,0.00825,140,5,0.00699,b,0.00702,ok,0.00699,ok,0.00704,ok,6.118550000000001,0.043703928571428574,0.00334,0.21272
theo_metastable_ZnPb3_mp-1187949,mp_dataset/structures/theo_metastable_ZnPb3_mp-1187949/CONTCAR,4,76,76,,,76,3,0.00451,b,0.00465,ok,0.00451,ok,0.00488,ok,-24.815240000000006,-0.32651631578947377,-1.325,-0.0044,76,3,0.00498,c,0.00504,ok,0.00504,ok,0.00498,ok,5.3759500000000005,0.07073618421052633,0.00496,0.25644
theo_metastable_Zn_mp-2647117,mp_dataset/structures/theo_metastable_Zn_mp-2647117/CONTCAR,1,58,58,,,58,5,0.01042,b,0.01043,ok,0.01042,ok,0.01047,ok,-19.399560000000005,-0.3344751724137932,-1.81081,0.00812,58,5,0.00464,a,0.00464,ok,0.00464,ok,0.00464,ok,2.7820400000000003,0.047966206896551726,0.00188,0.21815
theo_metastable_Zr3Be_mp-1188016,mp_dataset/structures/theo_metastable_Zr3Be_mp-1188016/CONTCAR,4,124,124,,,124,5,0.00105,c,0.00114,ok,0.00113,ok,0.00105,ok,-43.494539999999986,-0.3507624193548386,-1.88348,0.00114,124,5,0.00855,c,0.00865,ok,0.00861,ok,0.00855,ok,9.259350000000001,0.07467217741935485,0.00618,0.38315
theo_metastable_Zr3Ge_mp-1188039,mp_dataset/structures/theo_metastable_Zr3Ge_mp-1188039/CONTCAR,8,208,208,,,208,3,0.00659,c,0.02146,ok,0.02128,ok,0.00659,ok,-80.57463000000006,-0.38737802884615413,-2.04152,-0.00659,208,3,0.0061,c,0.01454,ok,0.0144,ok,0.0061,ok,17.274059999999995,0.08304836538461537,0.00373,0.41363
theo_metastable_ZrO2_mp-775909,mp_dataset/structures/theo_metastable_ZrO2_mp-775909/CONTCAR,6,187,187,,,187,5,0.00012,a,0.00012,ok,0.00026,ok,0.00036,ok,-57.65681000000004,-0.3083251871657756,-4.2313,0.02235,187,5,0.00030000000000000003,a,0.00030000000000000003,ok,0.00035999999999999997,ok,0.00048,ok,8.09212,0.043273368983957214,0.0001,0.57951
theo_metastable_ZrTi_mp-1215236,mp_dataset/structures/theo_metastable_ZrTi_mp-1215236/CONTCAR,2,60,60,,,60,5,0.03154,c,0.03275,ok,0.03357,ok,0.03154,ok,-19.68307,-0.32805116666666667,-1.65944,-0.01361,60,5,0.013999999999999999,c,0.01406,ok,0.01413,ok,0.013999999999999999,ok,5.965280000000001,0.09942133333333335,0.0053,0.37775
