compound_id,mp_id,formula,theoretical,energy_above_hull_eV_per_atom,formation_energy_per_atom_eV,delta_energy_per_atom_eV,delta_icohp_per_atom_eV,bonding_label,viability_label,warnings
exp_metastable_AgO_mp-1079720,mp-1079720,AgO,False,0.04234811749999956,-0.40022364833333235,0.40022364833333235,-4.6619193750000125,exobondic,stable_on_hull,
exp_metastable_Al12W_mp-11227,mp-11227,Al12W,False,0.01520368538461625,-0.0721041215384599,0.0721041215384599,-9.919361538461526,exobondic,stable_on_hull,
exp_metastable_Al3Os2_mp-16521,mp-16521,Al3Os2,False,0.007409683000005884,-0.5958528140000027,0.5958528140000027,-4.279001999999991,exobondic,stable_on_hull,
exp_metastable_AsPd2_mp-1080831,mp-1080831,AsPd2,False,0.011756747500001552,-0.35935601750000185,0.35935601750000185,-2.7380105555555474,exobondic,stable_on_hull,
exp_metastable_AsRh2_mp-1102364,mp-1102364,AsRh2,False,0.08062063166666178,-0.44921435583333863,0.44921435583333863,-2.241594166666669,exobondic,stable_on_hull,
exp_metastable_AsRh_mp-22079,mp-22079,AsRh,False,0.026917590833335225,-0.5242963187500003,0.5242963187500003,-1.0028012500000028,exobondic,stable_on_hull,
exp_metastable_BaSn5_mp-571353,mp-571353,BaSn5,False,0.026217794166670583,-0.2692301474999965,0.2692301474999965,-3.978703333333332,exobondic,stable_on_hull,
exp_metastable_Be12Pd_mp-12666,mp-12666,Be12Pd,False,0.07945158115384565,-0.06609085384615444,0.06609085384615444,-2.1177400000000044,exobondic,stable_on_hull,
exp_metastable_Be3N2_mp-6977,mp-6977,Be3N2,False,0.03151386449999993,-1.1858389340000008,1.1858389340000008,0.2576094999999981,endobondic,stable_on_hull,
exp_metastable_CaGa2_mp-992,mp-992,CaGa2,False,0.016981658333333982,-0.5780275900000001,0.5780275900000001,-1.0110816666666669,exobondic,stable_on_hull,
exp_metastable_CaGa4_mp-2461,mp-2461,CaGa4,False,0.0016006820000011857,-0.4217521700000006,0.4217521700000006,-1.0770699999999978,exobondic,stable_on_hull,
exp_metastable_CdI2_mp-567259,mp-567259,CdI2,False,0.0005410511111105798,-0.8265425073333326,0.8265425073333326,-0.2263366666666684,exobondic,stable_on_hull,
exp_metastable_CdO2_mp-2310,mp-2310,CdO2,False,0.05623419000000052,-0.841200041666666,0.841200041666666,-2.627934999999978,exobondic,stable_on_hull,
exp_metastable_ClF3_mp-556767,mp-556767,ClF3,False,0.0029946146875001745,-0.9563266143749998,0.9563266143749998,0.6883662500000147,endobondic,stable_on_hull,
exp_metastable_Cs2Se_mp-1011696,mp-1011696,Cs2Se,False,0.004232759166664213,-1.1927918180513661,1.1927918180513661,0.6733541666666687,endobondic,stable_on_hull,
exp_metastable_CsH_mp-632319,mp-632319,CsH,False,0.016097849999999525,-0.23149970437499867,0.23149970437499867,3.123319999999996,endobondic,stable_on_hull,
exp_metastable_Cu3Ge_mp-19724,mp-19724,Cu3Ge,False,0.01263984624999992,0.01263984624999992,-0.01263984624999992,-1.1982574999999995,exobondic,unstable_nonexistent,"exobondic sign means no bonding-derived kinetic barrier was found, but per Reitz & Dronskowski (ic-2026-04181q) this never proves the compound cannot exist -- slow, non-bond-breaking decomposition pathways (e.g. Mn2O7's gradual O2 loss) are not captured by this static sign criterion; check the literature before concluding UNSTABLE_NONEXISTENT."
exp_metastable_FeTe2_mp-1102002,mp-1102002,FeTe2,False,0.04490969833333569,-0.4170853777777766,0.4170853777777766,0.9186697222222234,endobondic,stable_on_hull,
exp_metastable_Ge4Rh_mp-1104286,mp-1104286,Ge4Rh,False,0.09073754899999997,-0.1339630540000011,0.1339630540000011,-1.0918333333333279,exobondic,stable_on_hull,
exp_metastable_GeSe2_mp-10074,mp-10074,GeSe2,False,0.012493755416668861,-0.566828659895832,0.566828659895832,0.7715466666666693,endobondic,stable_on_hull,
exp_metastable_H2O_mp-2739191,mp-2739191,H2O,False,0.049447999166666534,-1.230554994166667,1.230554994166667,1.6923995833333383,endobondic,stable_on_hull,
exp_metastable_H3N_mp-643432,mp-643432,H3N,False,0.0038271875000006617,-0.3450917143750001,0.3450917143750001,0.35134749999999393,endobondic,stable_on_hull,
exp_metastable_HI_mp-697025,mp-697025,HI,False,0.004366291041667303,-0.17565745749999984,0.17565745749999984,0.674919375,endobondic,stable_on_hull,
exp_metastable_IF7_mp-27988,mp-27988,IF7,False,0.006252095624999399,-1.685239713125,1.685239713125,1.7140568750000145,endobondic,stable_on_hull,
exp_metastable_In3Ir_mp-630976,mp-630976,In3Ir,False,0.004296428125002194,-0.2710954262499996,0.2710954262499996,-8.030723749999998,exobondic,stable_on_hull,
exp_metastable_InCl_mp-571636,mp-571636,InCl,False,0.0016458790624991337,-1.1152362308333328,1.1152362308333328,-4.5868775000000035,exobondic,stable_on_hull,
exp_metastable_K2S_mp-559278,mp-559278,K2S,False,0.0872531616666663,-1.160633495104167,1.160633495104167,-0.2290427083333313,exobondic,stable_on_hull,
exp_metastable_Li13Sn5_mp-30769,mp-30769,Li13Sn5,False,0.0033475494444448195,-0.39301188268518394,0.39301188268518394,-0.21240314814815361,exobondic,stable_on_hull,
exp_metastable_Li3Hg_mp-1646,mp-1646,Li3Hg,False,0.0012975900000000706,-0.2939551318750002,0.2939551318750002,0.59751666666667,endobondic,stable_on_hull,
exp_metastable_MgCl2_mp-570259,mp-570259,MgCl2,False,0.0006391266666669893,-2.2548148149999996,2.2548148149999996,0.15449999999999994,endobondic,stable_on_hull,
exp_metastable_MgH2_mp-23711,mp-23711,MgH2,False,0.0018755891666670799,-0.2808434833333333,0.2808434833333333,-0.4410591666666681,exobondic,stable_on_hull,
exp_metastable_MgPd3_mp-7753,mp-7753,MgPd3,False,0.01137175124999068,-0.47724602249999126,0.47724602249999126,-5.599669999999997,exobondic,stable_on_hull,
exp_metastable_Mo3Se4_mp-21021,mp-21021,Mo3Se4,False,0.06087143499999925,-0.5819315730357175,0.5819315730357175,-2.80965357142857,exobondic,stable_on_hull,
exp_metastable_NaN3_mp-1066400,mp-1066400,NaN3,False,0.0029249474999994973,-0.16403737406250052,0.16403737406250052,-1.7991537500000145,exobondic,stable_on_hull,
exp_metastable_Nb2O5_mp-1595,mp-1595,Nb2O5,False,0.007537548265307947,-3.0266677264285726,3.0266677264285726,-2.068904107142864,exobondic,stable_on_hull,
exp_metastable_NiB_mp-14019,mp-14019,NiB,False,0.0018463106250017347,-0.24070358374999934,0.24070358374999934,-0.8092183333333285,exobondic,stable_on_hull,
exp_metastable_NiHg4_mp-570835,mp-570835,NiHg4,False,0.01705295800000073,0.017052957999993623,-0.017052957999993623,-0.36091866666666733,exobondic,unstable_nonexistent,"exobondic sign means no bonding-derived kinetic barrier was found, but per Reitz & Dronskowski (ic-2026-04181q) this never proves the compound cannot exist -- slow, non-bond-breaking decomposition pathways (e.g. Mn2O7's gradual O2 loss) are not captured by this static sign criterion; check the literature before concluding UNSTABLE_NONEXISTENT."
exp_metastable_NiS_mp-1547,mp-1547,NiS,False,0.014181840833332515,-0.6106647137499989,0.6106647137499989,-1.1476215624999968,exobondic,stable_on_hull,
exp_metastable_PS_mp-612,mp-612,PS,False,0.026489451484373205,-0.15083367289434513,0.15083367289434513,-0.025426056547609655,exobondic,stable_on_hull,
exp_metastable_PbAu2_mp-19871,mp-19871,PbAu2,False,0.004742635416668861,-0.06558400666666368,0.06558400666666368,-10.942591666666667,exobondic,stable_on_hull,
exp_metastable_PbSe_mp-22009,mp-22009,PbSe,False,0.07310882999999535,-0.5994639245312499,0.5994639245312499,-2.9524124999999968,exobondic,stable_on_hull,
exp_metastable_Rb2Hg7_mp-31474,mp-31474,Rb2Hg7,False,0.00452349037037425,-0.21101027361111335,0.21101027361111335,-1.1840987037037063,exobondic,stable_on_hull,
exp_metastable_Re3Ge7_mp-29141,mp-29141,Re3Ge7,False,0.012616640750003683,0.012616640750002262,-0.012616640750002262,-0.24568600000000346,exobondic,unstable_nonexistent,"exobondic sign means no bonding-derived kinetic barrier was found, but per Reitz & Dronskowski (ic-2026-04181q) this never proves the compound cannot exist -- slow, non-bond-breaking decomposition pathways (e.g. Mn2O7's gradual O2 loss) are not captured by this static sign criterion; check the literature before concluding UNSTABLE_NONEXISTENT."
exp_metastable_SiO2_mp-546794,mp-546794,SiO2,False,0.005647450555557043,-3.2671838933333333,3.2671838933333333,2.1419541666666597,endobondic,stable_on_hull,
exp_metastable_SiRh_mp-2287,mp-2287,SiRh,False,0.02456185499999819,-0.8163077637500002,0.8163077637500002,-1.0381712499999942,exobondic,stable_on_hull,
exp_metastable_SiS2_mp-1095294,mp-1095294,SiS2,False,0.003013171666665926,-0.7467867135416668,0.7467867135416668,0.9960462499999979,endobondic,stable_on_hull,
exp_metastable_Sn7Ir5_mp-20466,mp-20466,Sn7Ir5,False,0.002421364999996456,-0.29034646416666493,0.29034646416666493,-6.97373749999998,exobondic,stable_on_hull,
exp_metastable_Sr2As_mp-15697,mp-15697,Sr2As,False,0.08000544425926037,-1.0304650837962963,1.0304650837962963,-0.6668983333333364,exobondic,stable_on_hull,
exp_metastable_Sr5Sn3_mp-17720,mp-17720,Sr5Sn3,False,0.003021452500000521,-0.7373520218750009,0.7373520218750009,-2.197773124999999,exobondic,stable_on_hull,
exp_metastable_SrAl2_mp-1638,mp-1638,SrAl2,False,0.013571949999999333,-0.27150349333333307,0.27150349333333307,-7.321968333333328,exobondic,stable_on_hull,
exp_metastable_Ta7Co6_mp-1104548,mp-1104548,Ta7Co6,False,0.0014632612820477675,-0.23498456394871864,0.23498456394871864,-9.406477692307694,exobondic,stable_on_hull,
exp_metastable_Te2Au_mp-567525,mp-567525,Te2Au,False,0.027432493333336083,-0.0634716500000015,0.0634716500000015,-2.2308344444444486,exobondic,stable_on_hull,
exp_metastable_Te2Ir_mp-1551,mp-1551,Te2Ir,False,0.0030421406944398655,-0.3634775388888948,0.3634775388888948,-2.0298977777777742,exobondic,stable_on_hull,
exp_metastable_Ti3Ge_mp-1189044,mp-1189044,Ti3Ge,False,0.013003969652777059,-0.4815656843750009,0.4815656843750009,-1.3615618750000076,exobondic,stable_on_hull,
exp_metastable_Y2O3_mp-558573,mp-558573,Y2O3,False,0.03422779625000061,-3.9196441264999975,3.9196441264999975,1.1429610833333315,endobondic,stable_on_hull,
exp_metastable_ZnAg_mp-1912,mp-1912,ZnAg,False,0.011211470555556602,-0.024371359999998177,0.024371359999998177,-4.5782574999999905,exobondic,stable_on_hull,
exp_metastable_ZrBr_mp-1065846,mp-1065846,ZrBr,False,0.0007946975000017176,-1.2701712349999985,1.2701712349999985,-0.24890000000000345,exobondic,stable_on_hull,
exp_metastable_ZrGa3_mp-30685,mp-30685,ZrGa3,False,0.013019501250001397,-0.5133076262499987,0.5133076262499987,1.2247631250000008,endobondic,stable_on_hull,
exp_metastable_ZrRh_mp-2808,mp-2808,ZrRh,False,0.08393397999999763,-0.8013510275000009,0.8013510275000009,-1.1561075000000045,exobondic,stable_on_hull,
exp_stable_As2S3_mp-1189572,mp-1189572,As2S3,False,0.0,-0.15650999518749842,0.15650999518749842,-0.30639837499999845,exobondic,stable_on_hull,
exp_stable_AsF3_mp-28027,mp-28027,AsF3,False,0.0,-2.4719516212500006,2.4719516212500006,0.8953193750000059,endobondic,stable_on_hull,
exp_stable_BI3_mp-23189,mp-23189,BI3,False,0.0,-0.3473448510416679,0.3473448510416679,0.0005945833333296235,endobondic,stable_on_hull,
exp_stable_BW_mp-7832,mp-7832,BW,False,0.0,-0.35971011500000216,0.35971011500000216,-7.545794583333333,exobondic,stable_on_hull,
exp_stable_BaAu2_mp-30363,mp-30363,BaAu2,False,0.0,-0.7404507499999978,0.7404507499999978,-8.739236666666672,exobondic,stable_on_hull,
exp_stable_BaCl2_mp-568662,mp-568662,BaCl2,False,0.0,-2.96823858,2.96823858,-0.12700333333333447,exobondic,stable_on_hull,
exp_stable_BaH2_mp-23715,mp-23715,BaH2,False,0.0,-0.6047468716666676,0.6047468716666676,-0.49352833333333407,exobondic,stable_on_hull,
exp_stable_Be2Cu_mp-2031,mp-2031,Be2Cu,False,0.0,-0.1403742000000007,0.1403742000000007,-1.135625000000001,exobondic,stable_on_hull,
exp_stable_Be2Nb3_mp-11272,mp-11272,Be2Nb3,False,0.0,-0.13487592800000242,0.13487592800000242,-5.6161820000000064,exobondic,stable_on_hull,
exp_stable_Be2V_mp-11281,mp-11281,Be2V,False,0.0,-0.21818012416666596,0.21818012416666596,-3.0021300000000117,exobondic,stable_on_hull,
exp_stable_CaAl4_mp-1749,mp-1749,CaAl4,False,0.0,-0.22058213399999999,0.22058213399999999,-8.980873999999996,exobondic,stable_on_hull,
exp_stable_CaSn_mp-2450,mp-2450,CaSn,False,0.0,-0.6481111449999988,0.6481111449999988,-2.556897499999999,exobondic,stable_on_hull,
exp_stable_CdPd_mp-1696,mp-1696,CdPd,False,0.0,-0.3915251949999985,0.3915251949999985,-6.1699274999999965,exobondic,stable_on_hull,
exp_stable_CoB_mp-20857,mp-20857,CoB,False,0.0,-0.2975242550000008,0.2975242550000008,-4.753432083333314,exobondic,stable_on_hull,
exp_stable_Cs2As3_mp-15557,mp-15557,Cs2As3,False,0.0,-0.432719623362069,0.432719623362069,-0.13861200000000337,exobondic,stable_on_hull,
exp_stable_FeS_mp-505531,mp-505531,FeS,False,0.0,-0.7574410312499991,0.7574410312499991,0.1832834375000072,endobondic,stable_on_hull,
exp_stable_Ge2Os_mp-10032,mp-10032,Ge2Os,False,0.0,-0.0834786366666691,0.0834786366666691,0.1781700000000027,endobondic,stable_on_hull,
exp_stable_HfTc2_mp-1095669,mp-1095669,HfTc2,False,0.0,-0.40995929166666656,0.40995929166666656,-3.5918841666666643,exobondic,stable_on_hull,
exp_stable_Hg4Pt_mp-936,mp-936,Hg4Pt,False,0.0,-0.12306363999999803,0.12306363999999803,-2.5907686666666705,exobondic,stable_on_hull,
exp_stable_HgF2_mp-8177,mp-8177,HgF2,False,0.0,-1.7027978508333355,1.7027978508333355,0.984068888888892,endobondic,stable_on_hull,
exp_stable_InBr_mp-22870,mp-22870,InBr,False,0.0,-0.9348113258333335,0.9348113258333335,-3.9955475000000025,exobondic,stable_on_hull,
exp_stable_KI_mp-22898,mp-22898,KI,False,0.0,-1.6699892911249994,1.6699892911249994,0.5498074999999998,endobondic,stable_on_hull,
exp_stable_KN3_mp-827,mp-827,KN3,False,0.0,-0.2211123337500016,0.2211123337500016,-1.8717737500000062,exobondic,stable_on_hull,
exp_stable_Li2Se_mp-2286,mp-2286,Li2Se,False,0.0,-1.4516769874652777,1.4516769874652777,2.4216755555555594,endobondic,stable_on_hull,
exp_stable_LiB_mp-1001835,mp-1001835,LiB,False,0.0,-0.22468806208333358,0.22468806208333358,-0.9046341666666695,exobondic,stable_on_hull,
exp_stable_Mg2Ni_mp-2137,mp-2137,Mg2Ni,False,0.0,-0.153033664444444,0.153033664444444,-1.3905555555555544,exobondic,stable_on_hull,
exp_stable_MgP4_mp-384,mp-384,MgP4,False,0.0,-0.2983330857142853,0.2983330857142853,-0.10676319047618961,exobondic,stable_on_hull,
exp_stable_MnAl12_mp-1104165,mp-1104165,MnAl12,False,0.0,-0.09883573907161856,0.09883573907161856,-8.174767400530506,exobondic,stable_on_hull,
exp_stable_MoSe2_mp-1634,mp-1634,MoSe2,False,0.0,-0.7499368427083345,0.7499368427083345,-0.9474833333333296,exobondic,stable_on_hull,
exp_stable_NaS_mp-2400,mp-2400,NaS,False,0.0,-1.00427061140625,1.00427061140625,-0.49526656249999856,exobondic,stable_on_hull,
exp_stable_Nb3Ir_mp-1458,mp-1458,Nb3Ir,False,0.0,-0.402662928749999,0.402662928749999,-10.122311249999996,exobondic,stable_on_hull,
exp_stable_NbGa3_mp-1973,mp-1973,NbGa3,False,0.0,-0.351950454999999,0.351950454999999,-0.757318125000003,exobondic,stable_on_hull,
exp_stable_PI2_mp-29443,mp-29443,PI2,False,0.0,-0.3134069832142856,0.3134069832142856,-0.08567091269841676,exobondic,stable_on_hull,
exp_stable_PbSe_mp-2201,mp-2201,PbSe,False,0.0,-0.6725727545312452,0.6725727545312452,-2.4817799999999997,exobondic,stable_on_hull,
exp_stable_RbI_mp-22903,mp-22903,RbI,False,0.0,-1.6958504512500008,1.6958504512500008,0.8192387499999998,endobondic,stable_on_hull,
exp_stable_Sc5Ge3_mp-17190,mp-17190,Sc5Ge3,False,0.0,-0.9092670950000006,0.9092670950000006,-0.5250024999999923,exobondic,stable_on_hull,
exp_stable_ScAg2_mp-1018128,mp-1018128,ScAg2,False,0.0,-0.2906822483333329,0.2906822483333329,-2.6841683333333344,exobondic,stable_on_hull,
exp_stable_ScTe_mp-10026,mp-10026,ScTe,False,0.0,-1.3886115333333322,1.3886115333333322,0.9020241666666697,endobondic,stable_on_hull,
exp_stable_SnPt_mp-19856,mp-19856,SnPt,False,0.0,-0.617788777499996,0.617788777499996,-5.180329999999998,exobondic,stable_on_hull,
exp_stable_SrO2_mp-2697,mp-2697,SrO2,False,0.0,-2.2044791333333316,2.2044791333333316,-0.8542041666666709,exobondic,stable_on_hull,
exp_stable_SrSi_mp-2661,mp-2661,SrSi,False,0.0,-0.5268471175000009,0.5268471175000009,-1.341455000000002,exobondic,stable_on_hull,
exp_stable_Ta5Ge3_mp-17593,mp-17593,Ta5Ge3,False,0.0,-0.40993436708333064,0.40993436708333064,-5.086806874999999,exobondic,stable_on_hull,
exp_stable_TaP_mp-1067587,mp-1067587,TaP,False,0.0,-0.9955650676547627,0.9955650676547627,-2.2731813690476166,exobondic,stable_on_hull,
exp_stable_TaSb2_mp-11697,mp-11697,TaSb2,False,0.0,-0.1680856907777771,0.1680856907777771,-1.784688333333334,exobondic,stable_on_hull,
exp_stable_Te2Pd_mp-782,mp-782,Te2Pd,False,0.0,-0.34445980000000515,0.34445980000000515,1.3781288888888905,endobondic,stable_on_hull,
exp_stable_Te2Ru_mp-267,mp-267,Te2Ru,False,0.0,-0.40611876333333896,0.40611876333333896,0.656938888888894,endobondic,stable_on_hull,
exp_stable_TeO2_mp-8377,mp-8377,TeO2,False,0.0,-1.4950600038888868,1.4950600038888868,-0.14890388888887904,exobondic,stable_on_hull,
exp_stable_Ti3In_mp-866046,mp-866046,Ti3In,False,0.0,-0.12506459416666527,0.12506459416666527,-2.5967062500000013,exobondic,stable_on_hull,
exp_stable_Ti3Pt_mp-2339,mp-2339,Ti3Pt,False,0.0,-0.6843641187500005,0.6843641187500005,-3.640461250000003,exobondic,stable_on_hull,
exp_stable_TiBe12_mp-1104067,mp-1104067,TiBe12,False,0.0,-0.14771482794871815,0.14771482794871815,-1.742406538461543,exobondic,stable_on_hull,
exp_stable_TiNi_mp-1048,mp-1048,TiNi,False,0.0,-0.3958550266666663,0.3958550266666663,-1.5889549999999986,exobondic,stable_on_hull,
exp_stable_TiO_mp-1071163,mp-1071163,TiO,False,0.0,-2.9079562791666667,2.9079562791666667,-0.14112937500001266,exobondic,stable_on_hull,
exp_stable_TiSi2_mp-1077503,mp-1077503,TiSi2,False,0.0,-0.5380357655555557,0.5380357655555557,0.8801616666666708,endobondic,stable_on_hull,
exp_stable_TlCl_mp-571079,mp-571079,TlCl,False,0.0,-1.3258213141666677,1.3258213141666677,-2.2967424999999984,exobondic,stable_on_hull,
exp_stable_VNi2_mp-11531,mp-11531,VNi2,False,0.0,-0.21683060000000154,0.21683060000000154,-3.104726666666663,exobondic,stable_on_hull,
exp_stable_WO2_mp-1524394,mp-1524394,WO2,False,0.0,-2.0675175558333336,2.0675175558333336,-4.597315833333354,exobondic,stable_on_hull,
exp_stable_Zr2Au_mp-2348,mp-2348,Zr2Au,False,0.0,-0.468447070000001,0.468447070000001,-2.1791900000000055,exobondic,stable_on_hull,
exp_stable_Zr5Pb3_mp-681992,mp-681992,Zr5Pb3,False,0.0,-0.37525825500000565,0.37525825500000565,-2.33502812500001,exobondic,stable_on_hull,
exp_stable_ZrMo2_mp-2049,mp-2049,ZrMo2,False,0.0,-0.1390927483333352,0.1390927483333352,-6.869564999999998,exobondic,stable_on_hull,
extension_Ba5P4_exp_mp-17566,mp-17566,Ba5P4,False,3.472888887223746e-05,-1.0102398348412531,1.0102398348412531,-0.9589662169312148,exobondic,stable_on_hull,
extension_BaCl2_exp_mp-23199,mp-23199,BaCl2,False,0.006785772499999787,-2.9614528075,2.9614528075,-0.22439916666666537,exobondic,stable_on_hull,
extension_BaF3_exp_mp-1080821,mp-1080821,BaF3,False,0.0,-3.19264289375,3.19264289375,-0.8679649999999988,exobondic,stable_on_hull,
extension_BaF3_theo_mp-1183303,mp-1183303,BaF3,True,0.061207927499999926,-3.13143496625,3.13143496625,-0.24934749999999806,exobondic,stable_on_hull,
extension_BaN2_exp_mp-1102371,mp-1102371,BaN2,False,2.056778179166667,1.3050746108333324,-1.3050746108333324,-8.62484500000001,exobondic,unstable_nonexistent,"exobondic sign means no bonding-derived kinetic barrier was found, but per Reitz & Dronskowski (ic-2026-04181q) this never proves the compound cannot exist -- slow, non-bond-breaking decomposition pathways (e.g. Mn2O7's gradual O2 loss) are not captured by this static sign criterion; check the literature before concluding UNSTABLE_NONEXISTENT."
extension_BaO_exp_mp-1008500,mp-1008500,BaO,False,0.01888829749999843,-2.804754410000002,2.804754410000002,-0.3221143749999982,exobondic,stable_on_hull,
extension_BaO_theo_mp-1950989,mp-1950989,BaO,True,0.04343597749999972,-2.7802067300000006,2.7802067300000006,-1.612911874999999,exobondic,stable_on_hull,
extension_BaS3_exp_mp-556296,mp-556296,BaS3,False,0.04356796437499888,-1.3907245862499997,1.3907245862499997,-0.6232979687499967,exobondic,stable_on_hull,
extension_Be3N2_exp_mp-18337,mp-18337,Be3N2,False,0.0,-1.2173527985000014,1.2173527985000014,-0.07463374999998393,exobondic,stable_on_hull,
extension_Be3N2_theo_mp-1017550,mp-1017550,Be3N2,True,0.20808621349999967,-1.009266585000001,1.009266585000001,0.3960435000000132,endobondic,stable_on_hull,
extension_Be3P2_exp_mp-567841,mp-567841,Be3P2,False,0.0,-0.23136165360714217,0.23136165360714217,-0.2110653452381058,exobondic,stable_on_hull,
extension_Be3P2_theo_mp-1084771,mp-1084771,Be3P2,True,0.15672523674999983,-0.0746364168571425,0.0746364168571425,-0.17951959523810784,exobondic,stable_on_hull,
extension_BeCl2_exp_mp-23267,mp-23267,BeCl2,False,0.008707515833333623,-1.837467066666666,1.837467066666666,1.8203724999999977,endobondic,stable_on_hull,
extension_BeCl2_theo_mp-1172909,mp-1172909,BeCl2,True,3.1687985972222217,1.322624014722222,-1.322624014722222,-5.780678611111114,exobondic,unstable_nonexistent,"exobondic sign means no bonding-derived kinetic barrier was found, but per Reitz & Dronskowski (ic-2026-04181q) this never proves the compound cannot exist -- slow, non-bond-breaking decomposition pathways (e.g. Mn2O7's gradual O2 loss) are not captured by this static sign criterion; check the literature before concluding UNSTABLE_NONEXISTENT."
extension_BeF2_exp_mp-15951,mp-15951,BeF2,False,0.00039670611111120024,-3.550195442777778,3.550195442777778,3.1514019444444217,endobondic,stable_on_hull,
extension_BeF2_theo_mp-975644,mp-975644,BeF2,True,2.518145377222223,-1.0324467716666665,1.0324467716666665,-0.6815591666666497,exobondic,stable_on_hull,
extension_BeO_exp_mp-7599,mp-7599,BeO,False,0.015346631250000797,-3.087509171249999,3.087509171249999,2.786351875000017,endobondic,stable_on_hull,
extension_BeO_theo_mp-1778,mp-1778,BeO,True,0.006973667500000502,-3.095882134999999,3.095882134999999,4.439109374999987,endobondic,stable_on_hull,
extension_Ca3N2_exp_mp-1047,mp-1047,Ca3N2,False,0.01669766374999959,-0.9430230205000001,0.9430230205000001,-4.488066000000008,exobondic,stable_on_hull,
extension_Ca3N2_mp-844,mp-844,Ca3N2,False,0.0,-0.95972068425,0.95972068425,-4.43741000000001,exobondic,stable_on_hull,
extension_Ca3N2_theo_mp-1013524,mp-1013524,Ca3N2,True,0.5111703895000002,-0.4485502947499995,0.4485502947499995,-4.489784000000008,exobondic,stable_on_hull,
extension_CaCl2_exp_mp-23214,mp-23214,CaCl2,False,0.0011452108333331878,-2.8042218233333327,2.8042218233333327,-0.3198966666666661,exobondic,stable_on_hull,
extension_CaCl2_theo_mp-1120739,mp-1120739,CaCl2,True,0.04218543083333426,-2.7631816033333325,2.7631816033333325,-0.22084666666666694,exobondic,stable_on_hull,
extension_CaF2_exp_mp-10464,mp-10464,CaF2,False,0.03464170166666669,-4.187573868333334,4.187573868333334,-0.22266999999999726,exobondic,stable_on_hull,
extension_CaF2_theo_mp-554355,mp-554355,CaF2,True,0.24025145999999964,-3.98196411,3.98196411,-0.1814066666666664,exobondic,stable_on_hull,
extension_CaN_mp-1058549,mp-1058549,CaN,False,0.39816828843749974,-0.4413817726562499,0.4413817726562499,-4.91829750000001,exobondic,stable_on_hull,
extension_CaO_exp_mp-1079707,mp-1079707,CaO,False,0.20976985500000023,-3.0962495374999994,3.0962495374999994,-2.212696875000002,exobondic,stable_on_hull,
extension_CaO_mp-2605,mp-2605,CaO,False,0.0,-3.3060193924999997,3.3060193924999997,-0.9524718750000014,exobondic,stable_on_hull,
extension_CaO_theo_mp-1181903,mp-1181903,CaO,True,2.7281320512499994,-0.5778873412500003,0.5778873412500003,-2.9971018750000016,exobondic,stable_on_hull,
extension_Cs2S_exp_mp-1077814,mp-1077814,Cs2S,False,0.06672482000000102,-1.1257135284374986,1.1257135284374986,0.9554056250000015,endobondic,stable_on_hull,
extension_CsCl_exp_mp-573697,mp-573697,CsCl,False,0.007141250000000099,-2.2486625248275875,2.2486625248275875,0.8829825000000002,endobondic,stable_on_hull,
extension_CsF_exp_mp-8455,mp-8455,CsF,False,0.10877166999999943,-2.7259756223275873,2.7259756223275873,3.8464000000000045,endobondic,stable_on_hull,
extension_CsN3_exp_mp-510557,mp-510557,CsN3,False,0.0,-0.21685479031249955,0.21685479031249955,-2.290323750000013,exobondic,stable_on_hull,
extension_CsN3_theo_mp-1225892,mp-1225892,CsN3,True,0.011297812499998727,-0.20555697781250082,0.20555697781250082,-1.6664237500000088,exobondic,stable_on_hull,
extension_CsO2_exp_mp-1441,mp-1441,CsO2,False,0.03485998833333248,-0.9756556932183914,0.9756556932183914,0.06662416666666478,endobondic,stable_on_hull,
extension_CsO2_theo_mp-1096936,mp-1096936,CsO2,True,0.0940473483333335,-0.916468333218391,0.916468333218391,0.774327500000003,endobondic,stable_on_hull,
extension_CsP7_exp_mp-1201790,mp-1201790,CsP7,False,0.0,-0.24634146729166595,0.24634146729166595,-0.2977792708333302,exobondic,stable_on_hull,
extension_CsP7_theo_mp-1213206,mp-1213206,CsP7,True,8.425187500016307e-05,-0.2462572154166658,0.2462572154166658,-0.26666708333332956,exobondic,stable_on_hull,
extension_K2O_exp_mp-971,mp-971,K2O,False,0.0,-1.2338780364999995,1.2338780364999995,-0.4357045833333366,exobondic,stable_on_hull,
extension_K2O_theo_mp-1223784,mp-1223784,K2O,True,0.19996455333333385,-1.0339134831666659,1.0339134831666659,-1.5638312500000013,exobondic,stable_on_hull,
extension_K2S_exp_mp-1022,mp-1022,K2S,False,0.0,-1.2478866567708333,1.2478866567708333,-0.3359177083333315,exobondic,stable_on_hull,
extension_KCl_exp_mp-23289,mp-23289,KCl,False,0.07764382000000003,-2.1701050336249996,2.1701050336249996,0.7616274999999977,endobondic,stable_on_hull,
extension_KF3_exp_mp-1544557,mp-1544557,KF3,False,0.01249103906249971,-1.458083969375,1.458083969375,-1.151135937499998,exobondic,stable_on_hull,
extension_KF3_theo_mp-2749823,mp-2749823,KF3,True,0.011928009062500244,-1.4586469993749995,1.4586469993749995,-1.1505074999999991,exobondic,stable_on_hull,
extension_KN3_theo_mp-636056,mp-636056,KN3,True,1.0369771337499998,0.8158647999999982,-0.8158647999999982,-5.999087500000012,exobondic,unstable_nonexistent,"exobondic sign means no bonding-derived kinetic barrier was found, but per Reitz & Dronskowski (ic-2026-04181q) this never proves the compound cannot exist -- slow, non-bond-breaking decomposition pathways (e.g. Mn2O7's gradual O2 loss) are not captured by this static sign criterion; check the literature before concluding UNSTABLE_NONEXISTENT."
extension_KP_exp_mp-1058315,mp-1058315,KP,False,1.008041285,0.47145372788690576,-0.47145372788690576,-2.1599638690476204,exobondic,unstable_nonexistent,"exobondic sign means no bonding-derived kinetic barrier was found, but per Reitz & Dronskowski (ic-2026-04181q) this never proves the compound cannot exist -- slow, non-bond-breaking decomposition pathways (e.g. Mn2O7's gradual O2 loss) are not captured by this static sign criterion; check the literature before concluding UNSTABLE_NONEXISTENT."
extension_KP_theo_mp-1057787,mp-1057787,KP,True,1.0092306499999992,0.472643092886905,-0.472643092886905,-2.1366488690476206,exobondic,unstable_nonexistent,"exobondic sign means no bonding-derived kinetic barrier was found, but per Reitz & Dronskowski (ic-2026-04181q) this never proves the compound cannot exist -- slow, non-bond-breaking decomposition pathways (e.g. Mn2O7's gradual O2 loss) are not captured by this static sign criterion; check the literature before concluding UNSTABLE_NONEXISTENT."
extension_Li2O_exp_mp-1960,mp-1960,Li2O,False,0.0,-2.0615979138888885,2.0615979138888885,2.33658763888889,endobondic,stable_on_hull,
extension_Li2O_theo_mp-755894,mp-755894,Li2O,True,0.0843597108333336,-1.9772382030555544,1.9772382030555544,1.948129305555554,endobondic,stable_on_hull,
extension_Li2S_exp_mp-1125,mp-1125,Li2S,False,0.061509288333333245,-1.4419439997222228,1.4419439997222228,1.8504536805555556,endobondic,stable_on_hull,
extension_Li2S_theo_mp-557142,mp-557142,Li2S,True,0.1749633300000002,-1.3284899580555554,1.3284899580555554,1.505169513888891,endobondic,stable_on_hull,
extension_Li3N_exp_mp-2341,mp-2341,Li3N,False,0.003927161250000033,-0.4785742609375001,0.4785742609375001,0.6165012499999971,endobondic,stable_on_hull,
extension_LiCl_exp_mp-22905,mp-22905,LiCl,False,0.02431463874999995,-2.1164624016666664,2.1164624016666664,2.8030179166666684,endobondic,stable_on_hull,
extension_LiCl_theo_mp-1185319,mp-1185319,LiCl,True,0.0038527562499997003,-2.1369242841666667,2.1369242841666667,2.5004591666666673,endobondic,stable_on_hull,
extension_LiF_exp_mp-1138,mp-1138,LiF,False,0.0,-3.164395454166666,3.164395454166666,4.467346666666674,endobondic,stable_on_hull,
extension_LiF_theo_mp-1009009,mp-1009009,LiF,True,0.2875420599999998,-2.876853394166666,2.876853394166666,4.513056666666659,endobondic,stable_on_hull,
extension_LiP5_exp_mp-2412,mp-2412,LiP5,False,0.007694938690475439,-0.23905247275793565,0.23905247275793565,0.9043245238095245,endobondic,stable_on_hull,
extension_LiP5_theo_mp-32760,mp-32760,LiP5,True,0.09630660601190577,-0.1504408054365065,0.1504408054365065,0.8692157738095242,endobondic,stable_on_hull,
extension_MgCl2_exp_mp-23210,mp-23210,MgCl2,False,0.0,-2.255453941666667,2.255453941666667,0.15684222222221797,endobondic,stable_on_hull,
extension_MgCl2_theo_mp-569626,mp-569626,MgCl2,True,0.19913082333333376,-2.0563231183333333,2.0563231183333333,-0.08623500000000088,exobondic,stable_on_hull,
extension_MgF2_exp_mp-1072956,mp-1072956,MgF2,False,0.0024727899999996694,-3.814811965,3.814811965,0.0014516666666709217,endobondic,stable_on_hull,
extension_MgF2_theo_mp-1062842,mp-1062842,MgF2,True,0.26364889999999974,-3.553635855,3.553635855,0.02290000000000288,endobondic,stable_on_hull,
extension_MgO_exp_mp-549706,mp-549706,MgO,False,0.11804199249999936,-2.9202671775000004,2.9202671775000004,-1.417906875000004,exobondic,stable_on_hull,
extension_MgO_theo_mp-1009127,mp-1009127,MgO,True,0.7484379050000003,-2.2898712649999995,2.2898712649999995,-1.0763218749999997,exobondic,stable_on_hull,
extension_MgS_exp_mp-1315,mp-1315,MgS,False,0.0,-1.661984376249999,1.661984376249999,-0.3400615624999981,exobondic,stable_on_hull,
extension_MgS_theo_mp-13032,mp-13032,MgS,True,0.034344234999999834,-1.6276401412499992,1.6276401412499992,-0.41632156249999763,exobondic,stable_on_hull,
extension_Mn2O7_mp-28338,mp-28338,Mn2O7,False,0.3346113968981488,-0.8804072191235627,0.8804072191235627,-1.468709990421448,exobondic,stable_on_hull,
extension_MnO2_mp-510408,mp-510408,MnO2,False,0.04644304472222238,-1.7760848793103463,1.7760848793103463,-0.527407902298858,exobondic,stable_on_hull,
extension_Na2Cl_theo_mp-1077015,mp-1077015,Na2Cl,True,0.23910790120689684,-1.1609046559195402,1.1609046559195402,-0.3965083333333337,exobondic,stable_on_hull,
extension_Na2O_exp_mp-2352,mp-2352,Na2O,False,0.0,-1.4257386859195398,1.4257386859195398,-1.305681250000001,exobondic,stable_on_hull,
extension_Na2O_theo_mp-1975297,mp-1975297,Na2O,True,0.09812461166666742,-1.3276140742528726,1.3276140742528726,-1.5618695833333325,exobondic,stable_on_hull,
extension_NaN3_exp_mp-22003,mp-22003,NaN3,False,0.0017140024999999781,-0.16524831906250004,0.16524831906250004,-1.520146250000023,exobondic,stable_on_hull,
extension_NaN3_theo_mp-1065265,mp-1065265,NaN3,True,1.0162235174999994,0.8492611959374994,-0.8492611959374994,-5.424788750000008,exobondic,unstable_nonexistent,"exobondic sign means no bonding-derived kinetic barrier was found, but per Reitz & Dronskowski (ic-2026-04181q) this never proves the compound cannot exist -- slow, non-bond-breaking decomposition pathways (e.g. Mn2O7's gradual O2 loss) are not captured by this static sign criterion; check the literature before concluding UNSTABLE_NONEXISTENT."
extension_NaS_exp_mp-409,mp-409,NaS,False,0.002286554999999524,-1.0019840564062494,1.0019840564062494,-0.49107906249999944,exobondic,stable_on_hull,
extension_NaS_theo_mp-1180106,mp-1180106,NaS,True,1.0060650862499996,0.001794474843749505,-0.001794474843749505,-2.3998865624999977,exobondic,unstable_nonexistent,"exobondic sign means no bonding-derived kinetic barrier was found, but per Reitz & Dronskowski (ic-2026-04181q) this never proves the compound cannot exist -- slow, non-bond-breaking decomposition pathways (e.g. Mn2O7's gradual O2 loss) are not captured by this static sign criterion; check the literature before concluding UNSTABLE_NONEXISTENT."
extension_PbN6_mp-667338,mp-667338,PbN6,False,0.10931083119047358,0.10931083119047139,-0.10931083119047139,-2.525742261904745,exobondic,unstable_nonexistent,"exobondic sign means no bonding-derived kinetic barrier was found, but per Reitz & Dronskowski (ic-2026-04181q) this never proves the compound cannot exist -- slow, non-bond-breaking decomposition pathways (e.g. Mn2O7's gradual O2 loss) are not captured by this static sign criterion; check the literature before concluding UNSTABLE_NONEXISTENT."
extension_Rb2O_exp_mp-1394,mp-1394,Rb2O,False,0.0031695866666665573,-1.1299987866666665,1.1299987866666665,0.7235354166666644,endobondic,stable_on_hull,
extension_Rb2O_theo_mp-2023482,mp-2023482,Rb2O,True,0.047853428888886995,-1.0192492748611117,1.0192492748611117,-0.7591862500000012,exobondic,stable_on_hull,
extension_RbCl_exp_mp-23299,mp-23299,RbCl,False,0.02977404000000128,-2.2150984737499986,2.2150984737499986,1.792408750000001,endobondic,stable_on_hull,
extension_RbF_exp_mp-2064,mp-2064,RbF,False,0.05158332500000107,-2.8214060062499984,2.8214060062499984,3.924386250000003,endobondic,stable_on_hull,
extension_RbF_theo_mp-11718,mp-11718,RbF,True,0.0,-2.8729893312499994,2.8729893312499994,1.949701249999999,endobondic,stable_on_hull,
extension_RbN3_exp_mp-581833,mp-581833,RbN3,False,0.019336026250000415,-0.39161828312500013,0.39161828312500013,-1.3477681250000106,exobondic,stable_on_hull,
extension_RbN3_theo_mp-1219567,mp-1219567,RbN3,True,0.79660387875,0.3856495693749995,-0.3856495693749995,-3.5635531250000216,exobondic,unstable_nonexistent,"exobondic sign means no bonding-derived kinetic barrier was found, but per Reitz & Dronskowski (ic-2026-04181q) this never proves the compound cannot exist -- slow, non-bond-breaking decomposition pathways (e.g. Mn2O7's gradual O2 loss) are not captured by this static sign criterion; check the literature before concluding UNSTABLE_NONEXISTENT."
extension_RbP_exp_mp-1179688,mp-1179688,RbP,False,0.9878872979166671,0.6284900989285722,-0.6284900989285722,-1.9314526190476196,exobondic,unstable_nonexistent,"exobondic sign means no bonding-derived kinetic barrier was found, but per Reitz & Dronskowski (ic-2026-04181q) this never proves the compound cannot exist -- slow, non-bond-breaking decomposition pathways (e.g. Mn2O7's gradual O2 loss) are not captured by this static sign criterion; check the literature before concluding UNSTABLE_NONEXISTENT."
extension_RbP_theo_mp-1058499,mp-1058499,RbP,True,0.9881531929166671,0.6287559939285723,-0.6287559939285723,-1.9104026190476202,exobondic,unstable_nonexistent,"exobondic sign means no bonding-derived kinetic barrier was found, but per Reitz & Dronskowski (ic-2026-04181q) this never proves the compound cannot exist -- slow, non-bond-breaking decomposition pathways (e.g. Mn2O7's gradual O2 loss) are not captured by this static sign criterion; check the literature before concluding UNSTABLE_NONEXISTENT."
extension_RbS_exp_mp-558071,mp-558071,RbS,False,0.0018650299999998232,-1.1575999733333306,1.1575999733333306,-0.32169281249999804,exobondic,stable_on_hull,
extension_RbS_theo_mp-1179684,mp-1179684,RbS,True,0.9974513208333313,-0.16201368249999915,0.16201368249999915,-2.7347153124999974,exobondic,stable_on_hull,
extension_S4N2_cod4031496,,S2N,,,,,-0.9767216666666627,,insufficient_data,no MP formation_energy_per_atom (COD-sourced compound)
extension_S4N4_cod7017102,,SN,,,,,-1.396343437500029,,insufficient_data,no MP formation_energy_per_atom (COD-sourced compound)
extension_Sr3P4_exp_mp-14288,mp-14288,Sr3P4,False,0.0,-1.1078930374149658,1.1078930374149658,-1.047186564625852,exobondic,stable_on_hull,
extension_Sr3P4_theo_mp-682953,mp-682953,Sr3P4,True,0.00811516785714339,-1.0997778695578222,1.0997778695578222,-1.079343707482995,exobondic,stable_on_hull,
extension_SrF2_exp_mp-1102240,mp-1102240,SrF2,False,0.06457278833333291,-4.164941925,4.164941925,-0.5421183333333337,exobondic,stable_on_hull,
extension_SrF2_theo_mp-1102911,mp-1102911,SrF2,True,0.02665916666666579,-4.202855546666667,4.202855546666667,-0.14805500000000027,exobondic,stable_on_hull,
extension_SrN_exp_mp-1058586,mp-1058586,SrN,False,0.4343258274999986,-0.23450164187500278,0.23450164187500278,-4.539525000000008,exobondic,stable_on_hull,
extension_SrO2_exp_mp-726705,mp-726705,SrO2,False,0.009602360833331325,-2.1948767725000002,2.1948767725000002,-1.9205191666666679,exobondic,stable_on_hull,
extension_SrO2_theo_mp-2763179,mp-2763179,SrO2,True,0.011030372499999608,-2.193448760833332,2.193448760833332,-1.752209999999997,exobondic,stable_on_hull,
extension_SrS_exp_mp-10627,mp-10627,SrS,False,0.2996298049999986,-2.125360496406252,2.125360496406252,-0.1088340624999975,exobondic,stable_on_hull,
extension_TiO2II_mp-1439,mp-1439,TiO2,False,0.004523600833332253,-3.5035318511111115,3.5035318511111115,-0.6461000000000053,exobondic,stable_on_hull,
extension_TiO2OII_mp-9173,mp-9173,TiO2,False,0.05749979000000138,-3.4505556619444433,3.4505556619444433,-0.6509166666666827,exobondic,stable_on_hull,
extension_TiO2baddeleyite_mp-430,mp-430,TiO2,False,0.03948350083333452,-3.46857195111111,3.46857195111111,-0.6266658333333387,exobondic,stable_on_hull,
hull_ionic_NaCl_mp-22862,,NaCl,,0.0,,,0.37354750000000037,,insufficient_data,no MP formation_energy_per_atom (COD-sourced compound)
hull_metallic_AlNi_mp-1487,,AlNi,,0.0,,,3.0197300000000045,,insufficient_data,no MP formation_energy_per_atom (COD-sourced compound)
metastable_ionic_LiBr_mp-23259,,LiBr,,0.009895712500000542,,,4.0582291666666706,,insufficient_data,no MP formation_energy_per_atom (COD-sourced compound)
metastable_metallic_BeCu_mp-2323,,BeCu,,0.005036342500000401,,,5.037086249999994,,insufficient_data,no MP formation_energy_per_atom (COD-sourced compound)
theo_metastable_Al4Si_mp-1228120,mp-1228120,Al4Si,True,0.11491430399999913,0.11491430399999984,-0.11491430399999984,0.6603129999999993,endobondic,metastable_viable,
theo_metastable_AlSb_mp-1023918,mp-1023918,AlSb,True,0.18779470750000016,-0.06518077750000018,0.06518077750000018,-4.166435000000003,exobondic,stable_on_hull,
theo_metastable_B3Ir2_mp-1228647,mp-1228647,B3Ir2,True,0.06085322616666744,-0.1111847268333321,0.1111847268333321,-6.439124000000004,exobondic,stable_on_hull,
theo_metastable_B6Pb_mp-1096825,mp-1096825,B6Pb,True,0.115100015000003,0.11510001500000401,-0.11510001500000401,-2.1018785714285713,exobondic,unstable_nonexistent,"exobondic sign means no bonding-derived kinetic barrier was found, but per Reitz & Dronskowski (ic-2026-04181q) this never proves the compound cannot exist -- slow, non-bond-breaking decomposition pathways (e.g. Mn2O7's gradual O2 loss) are not captured by this static sign criterion; check the literature before concluding UNSTABLE_NONEXISTENT."
theo_metastable_BPd5_mp-1228665,mp-1228665,BPd5,True,0.13249513083333042,-0.08821138208333441,0.08821138208333441,-7.324416111111108,exobondic,stable_on_hull,
theo_metastable_BeAu3_mp-983539,mp-983539,BeAu3,True,0.18183134000000178,0.08000512375000035,-0.08000512375000035,-11.26242937500001,exobondic,unstable_nonexistent,"exobondic sign means no bonding-derived kinetic barrier was found, but per Reitz & Dronskowski (ic-2026-04181q) this never proves the compound cannot exist -- slow, non-bond-breaking decomposition pathways (e.g. Mn2O7's gradual O2 loss) are not captured by this static sign criterion; check the literature before concluding UNSTABLE_NONEXISTENT."
theo_metastable_BeCl2_mp-1190080,mp-1190080,BeCl2,True,0.01870443305555547,-1.8274701494444443,1.8274701494444443,1.9870758333333332,endobondic,stable_on_hull,
theo_metastable_CaGe2_mp-643542,mp-643542,CaGe2,True,0.0978748566666674,-0.4575655433333357,0.4575655433333357,-1.4506833333333333,exobondic,stable_on_hull,
theo_metastable_CoSe2_mp-1390196,mp-1390196,CoSe2,True,0.07343032750000056,-0.2722482618749993,0.2722482618749993,-0.6308166666666631,exobondic,stable_on_hull,
theo_metastable_Cr2C_mp-1226378,mp-1226378,Cr2C,True,0.06254013708333694,-0.03604538166666534,0.03604538166666534,-0.25900833333333867,exobondic,stable_on_hull,
theo_metastable_CrMo_mp-1226200,mp-1226200,CrMo,True,0.11631646000000018,0.11631646000000018,-0.11631646000000018,-1.3396875000000001,exobondic,unstable_nonexistent,"exobondic sign means no bonding-derived kinetic barrier was found, but per Reitz & Dronskowski (ic-2026-04181q) this never proves the compound cannot exist -- slow, non-bond-breaking decomposition pathways (e.g. Mn2O7's gradual O2 loss) are not captured by this static sign criterion; check the literature before concluding UNSTABLE_NONEXISTENT."
theo_metastable_Ga2Se3_mp-1224809,mp-1224809,Ga2Se3,True,0.006252534999998005,-0.6946149294375005,0.6946149294375005,1.4066290000000052,endobondic,stable_on_hull,
theo_metastable_GeS_mp-12910,mp-12910,GeS,True,0.0761541225000002,-0.42503283624999977,0.42503283624999977,-1.2556515624999962,exobondic,stable_on_hull,
theo_metastable_HCl_mp-684609,mp-684609,HCl,True,0.053566722500000274,-0.7609282406249998,0.7609282406249998,0.9904674999999994,endobondic,stable_on_hull,
theo_metastable_HfMo_mp-1224314,mp-1224314,HfMo,True,0.19909284749999756,0.0690783037499898,-0.0690783037499898,-2.3153750000000013,exobondic,unstable_nonexistent,"exobondic sign means no bonding-derived kinetic barrier was found, but per Reitz & Dronskowski (ic-2026-04181q) this never proves the compound cannot exist -- slow, non-bond-breaking decomposition pathways (e.g. Mn2O7's gradual O2 loss) are not captured by this static sign criterion; check the literature before concluding UNSTABLE_NONEXISTENT."
theo_metastable_IN2_mp-1097011,mp-1097011,IN2,True,0.07299064583333248,-0.0824328016666674,0.0824328016666674,-3.3610550000000123,exobondic,stable_on_hull,
theo_metastable_InSe2_mp-1232036,mp-1232036,InSe2,True,0.17326202766492926,-0.3989775288107656,0.3989775288107656,-1.4409099999999977,exobondic,stable_on_hull,
theo_metastable_IrCl3_mp-729507,mp-729507,IrCl3,True,0.030088630624999446,-0.9297515512499994,0.9297515512499994,-1.8955243750000008,exobondic,stable_on_hull,
theo_metastable_K5As4_mp-684799,mp-684799,K5As4,True,0.05643723222222263,-0.3641723795833336,0.3641723795833336,-0.4922911111111144,exobondic,stable_on_hull,
theo_metastable_KSn3_mp-1185151,mp-1185151,KSn3,True,0.05729916087053466,-0.12330395556249929,0.12330395556249929,-3.779799999999998,exobondic,stable_on_hull,
theo_metastable_Li3Ag_mp-976408,mp-976408,Li3Ag,True,0.0013151149999997003,-0.1210302612499996,0.1210302612499996,-0.6531675000000039,exobondic,stable_on_hull,
theo_metastable_LiTl3_mp-1185253,mp-1185253,LiTl3,True,0.046669947499999864,-0.08112993416666825,0.08112993416666825,-1.4423716666666602,exobondic,stable_on_hull,
theo_metastable_Mg15B_mp-1023515,mp-1023515,Mg15B,True,0.19432971906249996,0.17783865718749947,-0.17783865718749947,-0.7179247916666665,exobondic,unstable_nonexistent,"exobondic sign means no bonding-derived kinetic barrier was found, but per Reitz & Dronskowski (ic-2026-04181q) this never proves the compound cannot exist -- slow, non-bond-breaking decomposition pathways (e.g. Mn2O7's gradual O2 loss) are not captured by this static sign criterion; check the literature before concluding UNSTABLE_NONEXISTENT."
theo_metastable_MgF2_mp-560236,mp-560236,MgF2,True,0.10763880333333375,-3.709645951666666,3.709645951666666,-0.39061666666666667,exobondic,stable_on_hull,
theo_metastable_MgSn_mp-1094669,mp-1094669,MgSn,True,0.0559883787500004,-0.06933570499999853,0.06933570499999853,-1.385364999999998,exobondic,stable_on_hull,
theo_metastable_MgSn_mp-1094801,mp-1094801,MgSn,True,0.021182148749999463,-0.10414193499999946,0.10414193499999946,-0.8961399999999982,exobondic,stable_on_hull,
theo_metastable_MnN_mp-1009130,mp-1009130,MnN,True,0.01508596781249949,-0.3115266166163799,0.3115266166163799,-0.33952060344829427,exobondic,stable_on_hull,
theo_metastable_Na2Cl_mp-990084,mp-990084,Na2Cl,True,0.1105395928735633,-1.2894729642528737,1.2894729642528737,-0.24723500000000076,exobondic,stable_on_hull,
theo_metastable_Na3Cl_mp-1064484,mp-1064484,Na3Cl,True,0.145649899310345,-0.904359518534483,0.904359518534483,-0.13824875000000048,exobondic,stable_on_hull,
theo_metastable_NbRh2_mp-1220414,mp-1220414,NbRh2,True,0.10426935750000332,-0.36841257833333313,0.36841257833333313,-5.27339833333333,exobondic,stable_on_hull,
theo_metastable_NbS2_mp-774873,mp-774873,NbS2,True,0.05761998666666823,-1.2909205533333303,1.2909205533333303,-1.99676208333333,exobondic,stable_on_hull,
theo_metastable_PtCl2_mp-1219748,mp-1219748,PtCl2,True,0.04902293166666505,-0.7323549772222252,0.7323549772222252,-1.841121666666666,exobondic,stable_on_hull,
theo_metastable_Sc2O3_mp-755313,mp-755313,Sc2O3,True,0.03639289474999963,-3.9323397459999994,3.9323397459999994,0.08295675000001665,endobondic,stable_on_hull,
theo_metastable_ScTc3_mp-867262,mp-867262,ScTc3,True,0.11536893812500004,-0.11340673750000008,0.11340673750000008,-2.444692499999997,exobondic,stable_on_hull,
theo_metastable_SiAu3_mp-1186998,mp-1186998,SiAu3,True,0.16429186749999758,0.16429186749999758,-0.16429186749999758,-10.873426250000007,exobondic,unstable_nonexistent,"exobondic sign means no bonding-derived kinetic barrier was found, but per Reitz & Dronskowski (ic-2026-04181q) this never proves the compound cannot exist -- slow, non-bond-breaking decomposition pathways (e.g. Mn2O7's gradual O2 loss) are not captured by this static sign criterion; check the literature before concluding UNSTABLE_NONEXISTENT."
theo_metastable_Sn7Pd5_mp-1219006,mp-1219006,Sn7Pd5,True,0.04139117625000566,-0.37680645499999815,0.37680645499999815,-2.7505366666666595,exobondic,stable_on_hull,
theo_metastable_SnBr2_mp-978985,mp-978985,SnBr2,True,0.040465399999999985,-1.1328811783333315,1.1328811783333315,-1.528763333333328,exobondic,stable_on_hull,
theo_metastable_Sr3As4_mp-678007,mp-678007,Sr3As4,True,0.006247547857142877,-1.126214365714286,1.126214365714286,-0.7459835714285761,exobondic,stable_on_hull,
theo_metastable_Sr3Sn_mp-1187136,mp-1187136,Sr3Sn,True,0.11112304583333454,-0.4344768354166675,0.4344768354166675,-1.6013937499999988,exobondic,stable_on_hull,
theo_metastable_SrTl3_mp-1206636,mp-1206636,SrTl3,True,0.029404816250000465,-0.2944864125000066,0.2944864125000066,-2.20567125,exobondic,stable_on_hull,
theo_metastable_Ta4C3_mp-1218000,mp-1218000,Ta4C3,True,0.03350051428571277,-0.6343579470476186,0.6343579470476186,-5.556173571428575,exobondic,stable_on_hull,
theo_metastable_TaP_mp-1187244,mp-1187244,TaP,True,0.0032522499999991794,-0.9923128176547635,0.9923128176547635,-1.2039838690476152,exobondic,stable_on_hull,
theo_metastable_TaRe_mp-1217894,mp-1217894,TaRe,True,0.11133223291667349,-0.2499425399166597,0.2499425399166597,-2.6081325000000035,exobondic,stable_on_hull,
theo_metastable_TcW_mp-1217337,mp-1217337,TcW,True,0.10564943749999856,0.10564943749999856,-0.10564943749999856,-3.711692499999991,exobondic,unstable_nonexistent,"exobondic sign means no bonding-derived kinetic barrier was found, but per Reitz & Dronskowski (ic-2026-04181q) this never proves the compound cannot exist -- slow, non-bond-breaking decomposition pathways (e.g. Mn2O7's gradual O2 loss) are not captured by this static sign criterion; check the literature before concluding UNSTABLE_NONEXISTENT."
theo_metastable_TiMo2_mp-1216675,mp-1216675,TiMo2,True,0.061337100370366215,-0.058206392222227045,0.058206392222227045,-3.375598333333336,exobondic,stable_on_hull,
theo_metastable_TiNi_mp-1067248,mp-1067248,TiNi,True,0.0020067824999996375,-0.39384824416666664,0.39384824416666664,-1.6587150000000044,exobondic,stable_on_hull,
theo_metastable_TiSi2_mp-570991,mp-570991,TiSi2,True,0.17960538666666537,-0.3584303788888903,0.3584303788888903,1.3340016666666645,endobondic,stable_on_hull,
theo_metastable_TiW_mp-1216621,mp-1216621,TiW,True,0.022547341666665943,0.022547341666665943,-0.022547341666665943,-3.4600974999999927,exobondic,unstable_nonexistent,"exobondic sign means no bonding-derived kinetic barrier was found, but per Reitz & Dronskowski (ic-2026-04181q) this never proves the compound cannot exist -- slow, non-bond-breaking decomposition pathways (e.g. Mn2O7's gradual O2 loss) are not captured by this static sign criterion; check the literature before concluding UNSTABLE_NONEXISTENT."
theo_metastable_Tl3Ga_mp-1187539,mp-1187539,Tl3Ga,True,0.09724636562500422,0.09724636562500422,-0.09724636562500422,-3.376731874999998,exobondic,unstable_nonexistent,"exobondic sign means no bonding-derived kinetic barrier was found, but per Reitz & Dronskowski (ic-2026-04181q) this never proves the compound cannot exist -- slow, non-bond-breaking decomposition pathways (e.g. Mn2O7's gradual O2 loss) are not captured by this static sign criterion; check the literature before concluding UNSTABLE_NONEXISTENT."
theo_metastable_Tl4Sn_mp-1216560,mp-1216560,Tl4Sn,True,0.045918155999999044,0.045918155999999044,-0.045918155999999044,1.8362980000000007,endobondic,metastable_viable,
theo_metastable_VCo3_mp-1095057,mp-1095057,VCo3,True,0.09418410500000007,0.019661535000000896,-0.019661535000000896,-8.837857499999988,exobondic,unstable_nonexistent,"exobondic sign means no bonding-derived kinetic barrier was found, but per Reitz & Dronskowski (ic-2026-04181q) this never proves the compound cannot exist -- slow, non-bond-breaking decomposition pathways (e.g. Mn2O7's gradual O2 loss) are not captured by this static sign criterion; check the literature before concluding UNSTABLE_NONEXISTENT."
theo_metastable_VN_mp-1017532,mp-1017532,VN,True,0.10796184249999996,-1.2445660768749995,1.2445660768749995,-4.09095250000002,exobondic,stable_on_hull,
theo_metastable_Y3Co_mp-1189329,mp-1189329,Y3Co,True,0.0015564962500009827,-0.10440807624999948,0.10440807624999948,-2.883478750000002,exobondic,stable_on_hull,
theo_metastable_YAg3_mp-1187811,mp-1187811,YAg3,True,0.059440931413043074,-0.20675142624999765,0.20675142624999765,-5.207958749999992,exobondic,stable_on_hull,
theo_metastable_ZnPb3_mp-1187949,mp-1187949,ZnPb3,True,0.11069147749999786,0.11069147749999786,-0.11069147749999786,-5.826411249999999,exobondic,unstable_nonexistent,"exobondic sign means no bonding-derived kinetic barrier was found, but per Reitz & Dronskowski (ic-2026-04181q) this never proves the compound cannot exist -- slow, non-bond-breaking decomposition pathways (e.g. Mn2O7's gradual O2 loss) are not captured by this static sign criterion; check the literature before concluding UNSTABLE_NONEXISTENT."
theo_metastable_Zr3Be_mp-1188016,mp-1188016,Zr3Be,True,0.14302901249999955,0.07070107874999909,-0.07070107874999909,-1.879543125000012,exobondic,unstable_nonexistent,"exobondic sign means no bonding-derived kinetic barrier was found, but per Reitz & Dronskowski (ic-2026-04181q) this never proves the compound cannot exist -- slow, non-bond-breaking decomposition pathways (e.g. Mn2O7's gradual O2 loss) are not captured by this static sign criterion; check the literature before concluding UNSTABLE_NONEXISTENT."
theo_metastable_Zr3Ge_mp-1188039,mp-1188039,Zr3Ge,True,0.18508675843749955,-0.420470967187498,0.420470967187498,-1.6673762499999984,exobondic,stable_on_hull,
theo_metastable_ZrO2_mp-775909,mp-775909,ZrO2,True,0.06265508166666578,-3.750962673333332,3.750962673333332,-0.5516691666666631,exobondic,stable_on_hull,
theo_metastable_ZrTi_mp-1215236,mp-1215236,ZrTi,True,0.0883353483333309,0.0883353483333309,-0.0883353483333309,-0.2532800000000055,exobondic,unstable_nonexistent,"exobondic sign means no bonding-derived kinetic barrier was found, but per Reitz & Dronskowski (ic-2026-04181q) this never proves the compound cannot exist -- slow, non-bond-breaking decomposition pathways (e.g. Mn2O7's gradual O2 loss) are not captured by this static sign criterion; check the literature before concluding UNSTABLE_NONEXISTENT."
