element,compound_id,mp_id,spacegroup,nsites,campaign_energy_per_atom_eV,mp_energy_per_atom_eV,icohp_mean,icobi_mean,antibond_w_raw,antibond_w_normalized,mp_vs_campaign_diff_meV_per_atom
Ag,extension_Ag_mp-124,mp-124,Fm-3m,1,-2.7138966,-21.35375043,-1.2495533333333333,0.1544716666666666,0.0,0.0,18639.85383
Al,extension_Al_mp-134,mp-134,Fm-3m,1,-3.7529937,-6.73209833,-1.4193316666666669,0.22704,0.0,0.0,2979.1046300000003
As,extension_As_mp-158,mp-158,Cmce,4,-4.64736125,-14.7075309875,-3.968256666666667,0.8847766666666667,0.00251492195,0.0102834557981681,10060.1697375
Au,extension_Au_mp-81,mp-81,Fm-3m,1,-3.2282125,-50.58496015,-1.338088333333333,0.1962166666666666,4.2551e-06,9.083553923661516e-06,47356.747650000005
B,extension_B_mp-160,mp-160,R-3m,12,-6.7055315,-7.346354197499999,-4.796036153846154,0.5202615384615384,0.0,0.0,640.8226974999991
Ba,extension_Ba_mp-122,mp-122,Im-3m,2,-1.900444,-1.91897494,-0.0122083333333333,0.0001533333333333,0.1516982985999999,8.239994492123845,18.530939999999994
Be,extension_Be_mp-87,mp-87,P6_3/mmc,4,-3.76684975,-3.739412865,-1.897523214285714,0.2032703571428571,0.0,0.0,-27.43688500000019
Br,extension_Br_mp-23154,mp-23154,Cmce,4,-1.624910675,-1.636946535,-3.53622,0.78268,0.05943576185,0.4256661308458067,12.03586000000012
C,extension_Cgraphite_mp-48,mp-48,P6_3/mmc,4,-9.225231,-9.944113335,-11.538683333333331,1.219475,0.0,0.0,718.882335
Ca,extension_Ca_mp-21,mp-21,Im-3m,1,-1.9092798,-7.03267766,-0.0304275,0.00253,0.0659248206,3.2205579189057167,5123.39786
Cd,extension_Cd_mp-94,mp-94,P6_3/mmc,2,-0.7327359,-20.10498769,-1.6119283333333332,0.2423261111111111,0.0,0.0,19372.25179
Cl,extension_Cl_mp-22848,mp-22848,Cmce,4,-1.83117455,-1.84853666,-5.57283,0.92543,0.0767585757499999,0.4555134754613969,17.362109999999873
Co,extension_Co_mp-102,mp-102,Fm-3m,1,-7.0237111,-13.23423113,-1.914965,0.2680066666666666,0.00595816385,0.0189058031096303,6210.52003
Cr,extension_Cr_mp-90,mp-90,Im-3m,2,-9.3755665,-15.07334239,-0.6244795000000001,0.2487075,0.0017954911999999,0.0114713212369026,5697.775890000001
Cs,extension_Cs_mp-1,mp-1,Im-3m,1,-0.85117175,-25.08911155,-0.123,0.0556275,0.02086121165,0.1696309290128476,24237.9398
Cu,extension_Cu_mp-30,mp-30,Fm-3m,1,-3.7348967,-10.846796,-0.2488183333333333,0.0455833333333333,0.0080790510499999,0.1640749603980503,7111.899299999999
F,extension_F_mp-561203,mp-561203,C2/c,4,-1.802139375,-1.9114789675,-6.95357,0.97312,0.0410424402,0.4568901280195926,109.33959249999981
Fe,extension_Fe_mp-13,mp-13,Im-3m,2,-8.2637925,-8.47002121,-0.5370085,0.1417129999999999,0.0118463596499999,0.0921608810487008,206.2287100000013
Ga,extension_Ga_mp-142,mp-142,Cmce,4,-2.895418,-11.44277595,-2.637843571428572,0.4307657142857142,0.0,0.0,8547.35795
Ge,extension_Ge_mp-32,mp-32,Fd-3m,2,-4.5037223,-13.87197758,-4.6450325,0.89558,0.000541925,0.001517572108653,9368.25528
H,extension_H_mp-730101,mp-730101,P2_12_12_1,8,-3.388391875,-3.45511240125,-5.12216,0.9954325,0.0,0.0,66.72052625000013
Hf,extension_Hf_mp-103,mp-103,P6_3/mmc,2,-9.9280475,-45.15141539,-1.1611572222222222,0.3120744444444445,0.0,0.0,35223.36789
Hg,extension_Hg_mp-10861,mp-10861,P6/mmm,3,-0.17790223666666669,-49.36484606333334,-0.9652014814814814,0.1621692592592592,0.0,0.0,49186.94382666667
I,extension_I_mp-23153,mp-23153,Cmce,4,-1.508537825,-1.524012615,-0.150375,0.0444327272727272,0.0687695137,0.4981493205360377,15.47478999999985
In,extension_In_mp-1055994,mp-1055994,I4/mmm,1,-2.5393282,-22.57410065,-1.1562266666666667,0.2176733333333332,9.0112e-06,2.7147074772549253e-05,20034.772449999997
Ir,extension_Ir_mp-101,mp-101,Fm-3m,1,-8.8645969,-52.35935345,-2.4129766666666668,0.3469016666666666,0.0189316472,0.0317410757159144,43494.75655
K,exp_metastable_K_mp-10157,mp-10157,Fm-3m,1,-1.0369919,-6.01133367,-0.08075,0.0430133333333333,0.0074560966,0.0923355616099071,4974.34177
Li,extension_Li_mp-1018134,mp-1018134,R-3m,3,-1.9055574999999998,-2.3867064133333336,-0.6930862962962963,0.0885881481481481,0.0,0.0,481.1489133333338
Mg,extension_Mg_mp-153,mp-153,P6_3/mmc,2,-1.4359582,-4.169303585,0.0,0.0,0.0014821364999999,,2733.3453849999996
Mn,extension_Mn_mp-35,mp-35,I-43m,29,-8.842160689655172,-14.683334675517242,-0.6082248421052634,,0.0059364153,0.0410853020970309,5841.17398586207
Mo,extension_Mo_mp-129,mp-129,Im-3m,1,-10.898435,-26.07197944,-1.1059271428571429,0.3113271428571428,0.00418221605,0.0139184506456336,15173.544440000001
N,gasref_N2_dimerbox,,,2,-8.329438,,,,,,
Na,exp_stable_Na_mp-10172,mp-10172,P6_3/mmc,2,-1.31108645,-3.56418057,-0.0838861111111111,0.0469838888888888,0.00731714355,0.1167567185256103,2253.09412
Nb,extension_Nb_mp-75,mp-75,Im-3m,1,-10.084445,-24.73407465,-1.143867142857143,0.3267771428571428,0.0,0.0,14649.629649999999
Ni,extension_Ni_mp-23,mp-23,Fm-3m,1,-5.4842004,-11.98171716,-0.4204116666666667,0.09474,0.03191821735,0.3799335477919295,6497.51676
O,extension_O2_mp-1524462,mp-1524462,C2/m,8,-4.861148,-5.97253365125,-17.79561,1.481645,0.03001306235,0.1270663096951735,1111.38565125
Os,extension_Os_mp-49,mp-49,P6_3/mmc,2,-11.2253585,-52.98522885,-1.157885,0.25668,0.0154854461,0.0538380770434238,41759.87035
P,extension_P_mp-568348,mp-568348,P2/c,84,-5.403853690476191,-9.00207631202381,-5.076030079365079,0.920153253968254,0.00901002995,0.0209447904365614,3598.2226215476194
Pb,extension_Pb_mp-20483,mp-20483,Fm-3m,1,-3.5758825,-56.28513411,-0.8519083333333333,0.19432,0.0157228469999999,0.0276382488398256,52709.25161
Pd,extension_Pd_mp-2,mp-2,Fm-3m,1,-5.2008696,-22.96045361,-1.2162266666666666,0.163095,0.0410341243,0.1263910685024333,17759.58401
Pt,extension_Pt_mp-126,mp-126,Fm-3m,1,-6.0991604,-51.4877169,-1.808938333333333,0.2366966666666666,0.0427388963499999,0.0926568450548497,45388.5565
Rb,extension_Rb_mp-70,mp-70,Im-3m,8,-0.9425912625,-0.9713216,-0.1179562499999999,0.0590359375,0.0098891873,0.1306538155634826,28.73033749999998
Re,extension_Re_mp-8,mp-8,P6_3/mmc,2,-12.389115,-52.407027685,-1.3803422222222224,0.3161894444444444,0.0067606707499999,0.0205341718806949,40017.912684999996
Rh,extension_Rh_mp-74,mp-74,Fm-3m,1,-7.2570575,-24.13622863,-0.7081166666666667,0.1620233333333333,0.0356691608999999,0.185226987069637,16879.171130000002
Ru,extension_Ru_mp-33,mp-33,P6_3/mmc,2,-9.228413,-25.424535295,-0.9478488888888889,0.2374916666666667,0.02052719275,0.0874539568421949,16196.122295
S,extension_S_mp-77,mp-77,Fddd,32,-4.1185984375,-8.0340372271875,-5.92461,0.9691653124999998,0.0317349749,0.0879743156931777,3915.4387896875
Sb,extension_Sb_mp-104,mp-104,R-3m,2,-4.1450014,-25.70631573,-1.720173333333333,0.4398433333333333,0.0118441101499999,0.0425038044570444,21561.31433
Sc,extension_Sc_mp-67,mp-67,P6_3/mmc,2,-6.2415555,-11.398487355,-0.6595716666666668,0.2109605555555555,0.0,0.0,5156.931855000001
Se,extension_Se_mp-14,mp-14,P3_121,3,-3.4990126666666668,-14.310479153333333,-4.149629999999999,0.9053233333333334,0.02084837815,0.0827940834359239,10811.466486666666
Si,hull_covalent_Si_mp-149,mp-149,,2,-5.422008,-8.773764595,-4.5418475,0.924265,3.0035999999999995e-06,1.0328393108902718e-05,3351.7565949999994
Sn,extension_Sn_mp-623511,mp-623511,I4/mmm,1,-3.7899378,-24.684776775,-0.8803349999999998,0.1988766666666667,0.0073309014,0.0234776666132906,20894.838975
Sr,extension_Sr_mp-139,mp-139,P6_3/mmc,2,-1.6304965,-15.14566107,-0.0171366666666666,0.0009333333333333,0.0855430673,4.904992391055046,13515.164569999999
Ta,extension_Ta_mp-50,mp-50,Im-3m,1,-11.816583,-48.5826828,-1.2794285714285714,0.3226371428571428,0.0,0.0,36766.099799999996
Tc,extension_Tc_mp-113,mp-113,P6_3/mmc,2,-10.349658,-25.96466205,-1.2061466666666667,0.3130083333333333,0.0068281954,0.0239855114514542,15615.004050000001
Te,extension_Te_mp-19,mp-19,P3_121,3,-3.138214233333333,-25.417224309999998,-1.1233211111111112,0.3171866666666666,0.0256433647,0.1196778116395202,22279.010076666666
Ti,extension_Ti_mp-46,mp-46,P6_3/mmc,2,-7.8002075,-12.92258741,-0.7536116666666667,0.3009961111111112,0.0,0.0,5122.379910000001
Tl,extension_Tl_mp-82,mp-82,P6_3/mmc,2,-2.20726455,-53.17930458,-1.0463244444444446,0.1905477777777778,0.0,0.0,50972.040030000004
V,extension_V_mp-146,mp-146,Im-3m,1,-8.9616275,-14.08957573,-0.8777328571428571,0.3178299999999999,0.0,0.0,5127.948229999999
W,extension_W_mp-91,mp-91,Im-3m,1,-12.999786,-51.36779438,-2.5600457142857143,0.4372042857142857,0.0,0.0,38368.00838
Y,extension_Y_mp-112,mp-112,P6_3/mmc,2,-6.417915,-20.31360096,-0.8681983333333334,0.237415,0.0,0.0,13895.685959999999
Zn,extension_Zn_mp-79,mp-79,P6_3/mmc,2,-1.08760625,-8.910602605,-1.8892361111111111,0.2295955555555555,0.0,0.0,7822.996354999999
Zr,extension_Zr_mp-131,mp-131,P6_3/mmc,2,-8.5227245,-22.749791905,-1.3169544444444448,0.3222927777777778,0.0,0.0,14227.067404999998
