compound_id,mp_id,formula,family,bond_type,is_metal,theoretical,energy_above_hull_eV_per_atom,formation_energy_per_atom,icobi_antibond_w_raw,icobi_antibond_w_normalized,icobi_antibond_e_ref,icobi_antibond_w_raw_dE0.5,icobi_antibond_w_raw_dE1.0,icobi_antibond_w_raw_dE2.0
exp_metastable_AgO_mp-1079720,mp-1079720,AgO,exp_metastable,,False,False,0.0423481174999995,-0.4002236483333323,7.460069999999999e-05,0.002381126715608,0.1365099999999994,7.460069999999999e-05,7.460069999999999e-05,7.460069999999999e-05
exp_metastable_Al12W_mp-11227,mp-11227,Al12W,exp_metastable,metallic,True,False,0.0152036853846162,-0.0721041215384599,0.0,0.0,0.0,0.0,0.0,0.0
exp_metastable_Al3Os2_mp-16521,mp-16521,Al3Os2,exp_metastable,metallic,True,False,0.0074096830000058,-0.5958528140000027,0.0,0.0,0.0,0.0,0.0,0.0
exp_metastable_AsPd2_mp-1080831,mp-1080831,AsPd2,exp_metastable,,True,False,0.0117567475000015,-0.3593560175000018,0.0008267798499999,0.0156705809325246,0.0,0.0008245267,0.0008267798499999,0.00082677985
exp_metastable_AsRh2_mp-1102364,mp-1102364,AsRh2,exp_metastable,,True,False,0.0806206316666617,-0.4492143558333386,0.0009304205999999,0.018884120154252,0.0,0.0009304205999999,0.0009304205999999,0.0009304205999999
exp_metastable_AsRh_mp-22079,mp-22079,AsRh,exp_metastable,,True,False,0.0269175908333352,-0.5242963187500003,0.0008267789999999,0.0158477860839562,0.0,0.00079373755,0.0008267789999999,0.000826779
exp_metastable_BaSn5_mp-571353,mp-571353,BaSn5,exp_metastable,metallic,True,False,0.0262177941666705,-0.2692301474999965,0.0003754611,0.0041932220236765,0.0,0.0003754611,0.0003754611,0.0003754611
exp_metastable_Be12Pd_mp-12666,mp-12666,Be12Pd,exp_metastable,metallic,True,False,0.0794515811538456,-0.0660908538461544,0.0,0.0,0.0,0.0,0.0,0.0
exp_metastable_Be3N2_mp-6977,mp-6977,Be3N2,exp_metastable,,False,False,0.0315138644999999,-1.1858389340000008,0.0,0.0,-0.5342700000000002,0.0,0.0,0.0
exp_metastable_CaGa2_mp-992,mp-992,CaGa2,exp_metastable,metallic,True,False,0.0169816583333339,-0.5780275900000001,0.0,0.0,0.0,0.0,0.0,0.0
exp_metastable_CaGa4_mp-2461,mp-2461,CaGa4,exp_metastable,metallic,True,False,0.0016006820000011,-0.4217521700000006,5.5066e-06,8.524148606811145e-05,0.0,5.5066e-06,5.5066e-06,5.5066e-06
exp_metastable_CdI2_mp-567259,mp-567259,CdI2,exp_metastable,,False,False,0.0005410511111105,-0.8265425073333326,0.0,0.0,-0.2495400000000001,0.0,0.0,0.0
exp_metastable_CdO2_mp-2310,mp-2310,CdO2,exp_metastable,,False,False,0.0562341900000005,-0.841200041666666,0.0,0.0,-0.23486,0.0,0.0,0.0
exp_metastable_ClF3_mp-556767,mp-556767,ClF3,exp_metastable,,False,False,0.0029946146875001,-0.9563266143749998,0.0,0.0,-0.2791140000000001,0.0,0.0,0.0
exp_metastable_Cs2Se_mp-1011696,mp-1011696,Cs2Se,exp_metastable,,False,False,0.0042327591666642,-1.192791818051366,0.0,0.0,-0.2753699999999999,0.0,0.0,0.0
exp_metastable_CsH_mp-632319,mp-632319,CsH,exp_metastable,,False,False,0.0160978499999995,-0.2314997043749986,5.5066000000000025e-06,0.000217738236457,-0.2524729999999999,5.5066000000000025e-06,5.5066000000000025e-06,5.5066000000000025e-06
exp_metastable_Cu3Ge_mp-19724,mp-19724,Cu3Ge,exp_metastable,metallic,True,False,0.0126398462499999,0.0126398462499999,0.0009163940999999,0.0409653151542244,0.0,0.0004455536499999,0.0009163940999999,0.0009514375
exp_metastable_FeTe2_mp-1102002,mp-1102002,FeTe2,exp_metastable,,True,False,0.0449096983333356,-0.4170853777777766,0.0,0.0,0.0,0.0,0.0,0.0
exp_metastable_Ge4Rh_mp-1104286,mp-1104286,Ge4Rh,exp_metastable,metallic,True,False,0.0907375489999999,-0.1339630540000011,4.355295e-05,0.0006423738938053,0.0,4.355295e-05,4.355295e-05,4.355295e-05
exp_metastable_GeSe2_mp-10074,mp-10074,GeSe2,exp_metastable,covalent,False,False,0.0124937554166688,-0.566828659895832,0.0,0.0,-0.2739299999999998,0.0,0.0,0.0
exp_metastable_H2O_mp-2739191,mp-2739191,H2O,exp_metastable,,False,False,0.0494479991666665,-1.230554994166667,0.0,0.0,-0.2988500000000003,0.0,0.0,0.0
exp_metastable_H3N_mp-643432,mp-643432,H3N,exp_metastable,covalent,False,False,0.0038271875000006,-0.3450917143750001,0.0,0.0,-0.2960199999999999,0.0,0.0,0.0
exp_metastable_HI_mp-697025,mp-697025,HI,exp_metastable,,False,False,0.0043662910416673,-0.1756574574999998,0.0,0.0,-0.226197,0.0,0.0,0.0
exp_metastable_IF7_mp-27988,mp-27988,IF7,exp_metastable,,False,False,0.0062520956249993,-1.685239713125,0.0,0.0,-0.22283,0.0,0.0,0.0
exp_metastable_In3Ir_mp-630976,mp-630976,In3Ir,exp_metastable,metallic,True,False,0.0042964281250021,-0.2710954262499996,0.0,0.0,0.0,0.0,0.0,0.0
exp_metastable_InCl_mp-571636,mp-571636,InCl,exp_metastable,covalent,False,False,0.0016458790624991,-1.1152362308333328,3.704465000000001e-05,0.0006267069869734,-0.2913800000000002,3.153780000000001e-05,3.704465000000001e-05,3.704465000000001e-05
exp_metastable_K2S_mp-559278,mp-559278,K2S,exp_metastable,,False,False,0.0872531616666663,-1.160633495104167,1.8271950000000007e-05,0.0006111020066889,-0.2634229999999999,1.8271950000000007e-05,1.8271950000000007e-05,1.8271950000000007e-05
exp_metastable_K_mp-10157,mp-10157,K,exp_metastable,,True,False,0.0069302662500003,0.0069302662500003,0.0021451816,0.0498763450360381,0.0,0.0021446809,0.0021451816,0.0021451816
exp_metastable_Li13Sn5_mp-30769,mp-30769,Li13Sn5,exp_metastable,metallic,True,False,0.0033475494444448,-0.3930118826851839,0.0,0.0,0.0,0.0,0.0,0.0
exp_metastable_Li3Hg_mp-1646,mp-1646,Li3Hg,exp_metastable,metallic,True,False,0.00129759,-0.2939551318750002,0.0,0.0,0.0,0.0,0.0,0.0
exp_metastable_MgCl2_mp-570259,mp-570259,MgCl2,exp_metastable,ionic,False,False,0.0006391266666669,-2.254814815,4.230230000000002e-05,0.0028258049432197,-0.209893,4.230230000000002e-05,4.230230000000002e-05,4.230230000000002e-05
exp_metastable_MgH2_mp-23711,mp-23711,MgH2,exp_metastable,,False,False,0.001875589166667,-0.2808434833333333,0.0,0.0,-0.272644,0.0,0.0,0.0
exp_metastable_MgPd3_mp-7753,mp-7753,MgPd3,exp_metastable,metallic,True,False,0.0113717512499906,-0.4772460224999912,0.00111940125,0.0303854845276872,0.0,0.0010951173,0.00111940125,0.00111940125
exp_metastable_Mo3Se4_mp-21021,mp-21021,Mo3Se4,exp_metastable,,True,False,0.0608714349999992,-0.5819315730357175,4.28013e-05,0.0004387177121771,0.0,4.28013e-05,4.28013e-05,4.28013e-05
exp_metastable_NaN3_mp-1066400,mp-1066400,NaN3,exp_metastable,,False,False,0.0029249474999994,-0.1640373740625005,0.0,0.0,-0.272602,0.0,0.0,0.0
exp_metastable_Nb2O5_mp-1595,mp-1595,Nb2O5,exp_metastable,,False,False,0.0075375482653079,-3.0266677264285726,0.0,0.0,-0.3502249999999999,0.0,0.0,0.0
exp_metastable_NiB_mp-14019,mp-14019,NiB,exp_metastable,,True,False,0.0018463106250017,-0.2407035837499993,0.0002460576999999,0.0092887013967534,0.0,0.000245557,0.0002460576999999,0.0002460576999999
exp_metastable_NiHg4_mp-570835,mp-570835,NiHg4,exp_metastable,metallic,True,False,0.0170529580000007,0.0170529579999936,2.4529650000000003e-05,0.0003613146266018,0.0,0.0,2.4529650000000003e-05,2.4529650000000003e-05
exp_metastable_NiS_mp-1547,mp-1547,NiS,exp_metastable,,True,False,0.0141818408333325,-0.6106647137499989,0.0010020012999999,0.0342096722430863,0.0,0.0008908564999999,0.0010020012999999,0.0010020012999999
exp_metastable_PS_mp-612,mp-612,PS,exp_metastable,covalent,False,False,0.0264894514843732,-0.1508336728943451,0.0,0.0,-0.2086300000000003,0.0,0.0,0.0
exp_metastable_PbAu2_mp-19871,mp-19871,PbAu2,exp_metastable,metallic,True,False,0.0047426354166688,-0.0655840066666636,0.0,0.0,0.0,0.0,0.0,0.0
exp_metastable_PbSe_mp-22009,mp-22009,PbSe,exp_metastable,covalent,False,False,0.0731088299999953,-0.5994639245312499,0.0,0.0,-0.227134,0.0,0.0,0.0
exp_metastable_Rb2Hg7_mp-31474,mp-31474,Rb2Hg7,exp_metastable,metallic,True,False,0.0045234903703742,-0.2110102736111133,0.0,0.0,0.0,0.0,0.0,0.0
exp_metastable_Re3Ge7_mp-29141,mp-29141,Re3Ge7,exp_metastable,metallic,True,False,0.0126166407500036,0.0126166407500022,1.55186e-05,0.0002243544889402,0.0,1.55186e-05,1.55186e-05,1.55186e-05
exp_metastable_SiO2_mp-546794,mp-546794,SiO2,exp_metastable,covalent,False,False,0.005647450555557,-3.2671838933333333,0.0,0.0,-0.2893259999999999,0.0,0.0,0.0
exp_metastable_SiRh_mp-2287,mp-2287,SiRh,exp_metastable,metallic,True,False,0.0245618549999981,-0.8163077637500002,4.280385e-05,0.0008731915544675,0.0,4.280385e-05,4.280385e-05,4.280385e-05
exp_metastable_SiS2_mp-1095294,mp-1095294,SiS2,exp_metastable,covalent,False,False,0.0030131716666659,-0.7467867135416668,0.0,0.0,-0.2272000000000003,0.0,0.0,0.0
exp_metastable_Sn7Ir5_mp-20466,mp-20466,Sn7Ir5,exp_metastable,metallic,True,False,0.0024213649999964,-0.2903464641666649,0.0,0.0,0.0,0.0,0.0,0.0
exp_metastable_Sr2As_mp-15697,mp-15697,Sr2As,exp_metastable,,True,False,0.0800054442592603,-1.0304650837962963,0.0007975168499999,0.0267174824120602,0.0,0.0007975168499999,0.0007975168499999,0.0007975168499999
exp_metastable_Sr5Sn3_mp-17720,mp-17720,Sr5Sn3,exp_metastable,metallic,True,False,0.0030214525000005,-0.7373520218750009,0.0,0.0,0.0,0.0,0.0,0.0
exp_metastable_SrAl2_mp-1638,mp-1638,SrAl2,exp_metastable,metallic,True,False,0.0135719499999993,-0.271503493333333,0.0,0.0,0.0,0.0,0.0,0.0
exp_metastable_Ta7Co6_mp-1104548,mp-1104548,Ta7Co6,exp_metastable,metallic,True,False,0.0014632612820477,-0.2349845639487186,0.0,0.0,0.0,0.0,0.0,0.0
exp_metastable_Te2Au_mp-567525,mp-567525,Te2Au,exp_metastable,,True,False,0.027432493333336,-0.0634716500000015,0.0028047584999999,0.0326933034153164,0.0,0.0021294137499999,0.0028047584999999,0.0028080123999999
exp_metastable_Te2Ir_mp-1551,mp-1551,Te2Ir,exp_metastable,,True,False,0.0030421406944398,-0.3634775388888948,0.0005459345,0.0046450650897643,0.0,0.00053817365,0.0005459345,0.0005459344999999
exp_metastable_Ti3Ge_mp-1189044,mp-1189044,Ti3Ge,exp_metastable,metallic,True,False,0.013003969652777,-0.4815656843750009,0.0,0.0,0.0,0.0,0.0,0.0
exp_metastable_Y2O3_mp-558573,mp-558573,Y2O3,exp_metastable,,False,False,0.0342277962500006,-3.9196441264999975,0.0,0.0,-0.2876299999999996,0.0,0.0,0.0
exp_metastable_ZnAg_mp-1912,mp-1912,ZnAg,exp_metastable,metallic,True,False,0.0112114705555566,-0.0243713599999981,0.0,0.0,0.0,0.0,0.0,0.0
exp_metastable_ZrBr_mp-1065846,mp-1065846,ZrBr,exp_metastable,,True,False,0.0007946975000017,-1.2701712349999985,1.326605e-05,0.0001395544918998,0.0,1.326605e-05,1.326605e-05,1.326605e-05
exp_metastable_ZrGa3_mp-30685,mp-30685,ZrGa3,exp_metastable,metallic,True,False,0.0130195012500013,-0.5133076262499987,0.0,0.0,0.0,0.0,0.0,0.0
exp_metastable_ZrRh_mp-2808,mp-2808,ZrRh,exp_metastable,metallic,True,False,0.0839339799999976,-0.8013510275000009,0.000139431,0.0023801809491293,0.0,0.000139431,0.000139431,0.000139431
exp_stable_As2S3_mp-1189572,mp-1189572,As2S3,exp_stable,covalent,False,False,0.0,-0.1565099951874984,0.0,0.0,-0.2641999999999997,0.0,0.0,0.0
exp_stable_AsF3_mp-28027,mp-28027,AsF3,exp_stable,covalent,False,False,0.0,-2.471951621250001,0.0,0.0,-0.2243319999999999,0.0,0.0,0.0
exp_stable_BI3_mp-23189,mp-23189,BI3,exp_stable,covalent,False,False,0.0,-0.3473448510416679,0.0,0.0,-0.218332,0.0,0.0,0.0
exp_stable_BW_mp-7832,mp-7832,BW,exp_stable,,True,False,0.0,-0.3597101150000021,0.0,0.0,0.0,0.0,0.0,0.0
exp_stable_BaAu2_mp-30363,mp-30363,BaAu2,exp_stable,metallic,True,False,0.0,-0.7404507499999978,0.0002448049999999,0.0034281613219437,0.0,0.0002448049999999,0.0002448049999999,0.0002448049999999
exp_stable_BaCl2_mp-568662,mp-568662,BaCl2,exp_stable,ionic,False,False,0.0,-2.96823858,0.0001031236,0.0066104871794871,-0.263612,0.0001031236,0.0001031236,0.0001031236
exp_stable_BaH2_mp-23715,mp-23715,BaH2,exp_stable,,False,False,0.0,-0.6047468716666676,0.0,0.0,-0.259843,0.0,0.0,0.0
exp_stable_Be2Cu_mp-2031,mp-2031,Be2Cu,exp_stable,metallic,True,False,0.0,-0.1403742000000007,2.2527e-06,0.0001115198019801,0.0,2.2527e-06,2.2527e-06,2.2527e-06
exp_stable_Be2Nb3_mp-11272,mp-11272,Be2Nb3,exp_stable,metallic,True,False,0.0,-0.1348759280000024,0.0,0.0,0.0,0.0,0.0,0.0
exp_stable_Be2V_mp-11281,mp-11281,Be2V,exp_stable,metallic,True,False,0.0,-0.2181801241666659,0.0,0.0,0.0,0.0,0.0,0.0
exp_stable_CaAl4_mp-1749,mp-1749,CaAl4,exp_stable,metallic,True,False,0.0,-0.2205821339999999,1.27653e-05,0.0001840706560922,0.0,1.27653e-05,1.27653e-05,1.27653e-05
exp_stable_CaSn_mp-2450,mp-2450,CaSn,exp_stable,metallic,True,False,0.0,-0.6481111449999988,0.0014500758999999,0.0275679828897338,0.0,0.0013929984499999,0.0014500758999999,0.0014500758999999
exp_stable_CdPd_mp-1696,mp-1696,CdPd,exp_stable,metallic,True,False,0.0,-0.3915251949999985,1.6521449999999997e-05,0.0003996480406386,0.0,1.6521449999999997e-05,1.6521449999999997e-05,1.6521449999999997e-05
exp_stable_CoB_mp-20857,mp-20857,CoB,exp_stable,,True,False,0.0,-0.2975242550000008,0.0,0.0,0.0,0.0,0.0,0.0
exp_stable_Cs2As3_mp-15557,mp-15557,Cs2As3,exp_stable,,False,False,0.0,-0.432719623362069,0.0,0.0,-0.2336399999999998,0.0,0.0,0.0
exp_stable_FeS_mp-505531,mp-505531,FeS,exp_stable,,True,False,0.0,-0.7574410312499991,0.0001454331,0.0024126260783012,0.0,0.0001454331,0.0001454331,0.0001454331
exp_stable_Ge2Os_mp-10032,mp-10032,Ge2Os,exp_stable,metallic,True,False,0.0,-0.0834786366666691,1.80216e-05,0.0002600144279324,0.0,1.80216e-05,1.80216e-05,1.80216e-05
exp_stable_HfTc2_mp-1095669,mp-1095669,HfTc2,exp_stable,metallic,True,False,0.0,-0.4099592916666665,9.96233e-05,0.001183174584323,0.0,9.96233e-05,9.96233e-05,9.96233e-05
exp_stable_Hg4Pt_mp-936,mp-936,Hg4Pt,exp_stable,metallic,True,False,0.0,-0.123063639999998,3.504445e-05,0.0004922664700098,0.0,3.7545e-06,3.504445e-05,3.504445e-05
exp_stable_HgF2_mp-8177,mp-8177,HgF2,exp_stable,,False,False,0.0,-1.7027978508333357,0.0,0.0,-0.2799210000000001,0.0,0.0,0.0
exp_stable_InBr_mp-22870,mp-22870,InBr,exp_stable,covalent,False,False,0.0,-0.9348113258333336,0.0001526879,0.0023628582482203,-0.2759499999999999,0.0001351669,0.0001526879,0.0001526879
exp_stable_KI_mp-22898,mp-22898,KI,exp_stable,ionic,False,False,0.0,-1.6699892911249994,0.0,0.0,-0.256609,0.0,0.0,0.0
exp_stable_KN3_mp-827,mp-827,KN3,exp_stable,,False,False,0.0,-0.2211123337500016,0.0,0.0,-0.278652,0.0,0.0,0.0
exp_stable_Li2Se_mp-2286,mp-2286,Li2Se,exp_stable,,False,False,0.0,-1.4516769874652775,0.0,0.0,-0.36178,0.0,0.0,0.0
exp_stable_LiB_mp-1001835,mp-1001835,LiB,exp_stable,,True,False,0.0,-0.2246880620833335,0.0,0.0,0.0,0.0,0.0,0.0
exp_stable_Mg2Ni_mp-2137,mp-2137,Mg2Ni,exp_stable,metallic,True,False,0.0,-0.153033664444444,0.0031497023999999,0.3329495137420718,0.0,0.0019929836,0.0031497023999999,0.0033331745499999
exp_stable_MgP4_mp-384,mp-384,MgP4,exp_stable,,False,False,0.0,-0.2983330857142853,0.0,0.0,-0.2495799999999999,0.0,0.0,0.0
exp_stable_MnAl12_mp-1104165,mp-1104165,MnAl12,exp_stable,metallic,True,False,0.0,-0.0988357390716185,0.0,0.0,0.0,0.0,0.0,0.0
exp_stable_MoSe2_mp-1634,mp-1634,MoSe2,exp_stable,covalent,False,False,0.0,-0.7499368427083345,0.0,0.0,-0.2023999999999999,0.0,0.0,0.0
exp_stable_NaS_mp-2400,mp-2400,NaS,exp_stable,,False,False,0.0,-1.00427061140625,0.0,0.0,-0.2266400000000001,0.0,0.0,0.0
exp_stable_Na_mp-10172,mp-10172,Na,exp_stable,,True,False,0.0,0.0,0.00319036225,0.0900723390739695,0.0,0.00313729035,0.00319036225,0.00319036225
exp_stable_Nb3Ir_mp-1458,mp-1458,Nb3Ir,exp_stable,metallic,True,False,0.0,-0.402662928749999,2.05246e-05,0.0002334463148316,0.0,2.05246e-05,2.05246e-05,2.05246e-05
exp_stable_NbGa3_mp-1973,mp-1973,NbGa3,exp_stable,metallic,True,False,0.0,-0.351950454999999,0.0,0.0,0.0,0.0,0.0,0.0
exp_stable_PI2_mp-29443,mp-29443,PI2,exp_stable,covalent,False,False,0.0,-0.3134069832142856,0.0,0.0,-0.25563,0.0,0.0,0.0
exp_stable_PbSe_mp-2201,mp-2201,PbSe,exp_stable,covalent,False,False,0.0,-0.6725727545312452,0.0002412968,0.0039241632785818,-0.29258,0.0002412968,0.0002412968,0.0002412968
exp_stable_RbI_mp-22903,mp-22903,RbI,exp_stable,ionic,False,False,0.0,-1.6958504512500008,2.853420000000003e-05,0.0013089082568807,-0.2327159999999999,0.0,2.853420000000003e-05,2.853420000000003e-05
exp_stable_Sc5Ge3_mp-17190,mp-17190,Sc5Ge3,exp_stable,metallic,True,False,0.0,-0.9092670950000006,0.0,0.0,0.0,0.0,0.0,0.0
exp_stable_ScAg2_mp-1018128,mp-1018128,ScAg2,exp_stable,metallic,True,False,0.0,-0.2906822483333329,0.0,0.0,0.0,0.0,0.0,0.0
exp_stable_ScTe_mp-10026,mp-10026,ScTe,exp_stable,,True,False,0.0,-1.3886115333333322,0.0,0.0,0.0,0.0,0.0,1.4017649999999986e-05
exp_stable_SnPt_mp-19856,mp-19856,SnPt,exp_stable,metallic,True,False,0.0,-0.617788777499996,2.5030000000000025e-06,2.826970860627968e-05,0.0,0.0,2.5030000000000025e-06,2.5030000000000025e-06
exp_stable_SrO2_mp-2697,mp-2697,SrO2,exp_stable,ionic,False,False,0.0,-2.204479133333332,0.0,0.0,-0.2046900000000002,0.0,0.0,4.6557950000000014e-05
exp_stable_SrSi_mp-2661,mp-2661,SrSi,exp_stable,metallic,True,False,0.0,-0.5268471175000009,0.00054368605,0.0097104134666904,0.0,0.00052516385,0.00054368605,0.00054368605
exp_stable_Ta5Ge3_mp-17593,mp-17593,Ta5Ge3,exp_stable,metallic,True,False,0.0,-0.4099343670833306,0.0,0.0,0.0,0.0,0.0,0.0
exp_stable_TaP_mp-1067587,mp-1067587,TaP,exp_stable,,True,False,0.0,-0.9955650676547628,0.0,0.0,0.0,0.0,0.0,0.0
exp_stable_TaSb2_mp-11697,mp-11697,TaSb2,exp_stable,metallic,True,False,0.0,-0.1680856907777771,0.0,0.0,0.0,0.0,0.0,0.0
exp_stable_Te2Pd_mp-782,mp-782,Te2Pd,exp_stable,,True,False,0.0,-0.3444598000000051,0.0019529258,0.0200238470214293,0.0,0.00149636435,0.0019529258,0.0019529258
exp_stable_Te2Ru_mp-267,mp-267,Te2Ru,exp_stable,covalent,False,False,0.0,-0.4061187633333389,0.0001356713,0.0016984389083625,-0.1779100000000006,0.0001036291499999,0.0001356713,0.0001356713
exp_stable_TeO2_mp-8377,mp-8377,TeO2,exp_stable,covalent,False,False,0.0,-1.4950600038888868,0.0,0.0,-0.2529699999999995,0.0,0.0,0.0
exp_stable_Ti3In_mp-866046,mp-866046,Ti3In,exp_stable,metallic,True,False,0.0,-0.1250645941666652,0.0,0.0,0.0,0.0,0.0,0.0
exp_stable_Ti3Pt_mp-2339,mp-2339,Ti3Pt,exp_stable,metallic,True,False,0.0,-0.6843641187500005,0.0,0.0,0.0,0.0,0.0,0.0
exp_stable_TiBe12_mp-1104067,mp-1104067,TiBe12,exp_stable,metallic,True,False,0.0,-0.1477148279487181,0.0,0.0,0.0,0.0,0.0,0.0
exp_stable_TiNi_mp-1048,mp-1048,TiNi,exp_stable,metallic,True,False,0.0,-0.3958550266666663,0.0,0.0,0.0,0.0,0.0,0.0
exp_stable_TiO_mp-1071163,mp-1071163,TiO,exp_stable,,True,False,0.0,-2.9079562791666667,0.0,0.0,0.0,0.0,0.0,0.0
exp_stable_TiSi2_mp-1077503,mp-1077503,TiSi2,exp_stable,metallic,True,False,0.0,-0.5380357655555557,0.0,0.0,0.0,0.0,0.0,0.0
exp_stable_TlCl_mp-571079,mp-571079,TlCl,exp_stable,,False,False,0.0,-1.3258213141666677,0.0,0.0,-0.2527500000000002,0.0,0.0,0.0
exp_stable_VNi2_mp-11531,mp-11531,VNi2,exp_stable,metallic,True,False,0.0,-0.2168306000000015,3.1039e-05,0.0007757810547363,0.0,3.1039e-05,3.1039e-05,3.1039e-05
exp_stable_WO2_mp-1524394,mp-1524394,WO2,exp_stable,,True,False,0.0,-2.0675175558333336,0.0,0.0,0.0,0.0,0.0,0.0
exp_stable_Zr2Au_mp-2348,mp-2348,Zr2Au,exp_stable,metallic,True,False,0.0,-0.468447070000001,0.0,0.0,0.0,0.0,0.0,0.0
exp_stable_Zr5Pb3_mp-681992,mp-681992,Zr5Pb3,exp_stable,metallic,True,False,0.0,-0.3752582550000056,0.0,0.0,0.0,0.0,0.0,0.0
exp_stable_ZrMo2_mp-2049,mp-2049,ZrMo2,exp_stable,metallic,True,False,0.0,-0.1390927483333352,0.0,0.0,0.0,0.0,0.0,0.0
extension_Ag3As_mp-1183193,mp-1183193,Ag3As,extension,,True,True,0.0883969775000004,0.0883969775000004,0.0,0.0,0.0,0.0,0.0,0.0
extension_Ag3Pt_mp-12065,mp-12065,Ag3Pt,extension,metallic,True,False,0.0208054225000005,-0.0203912187499959,0.0001031284,0.0025730638722554,0.0,9.712000000000002e-05,0.0001031284,0.0001031284
extension_Ag3Sb_mp-2273,mp-2273,Ag3Sb,extension,metallic,True,False,0.0508994350000016,0.0508994350000016,0.0,0.0,0.0,0.0,0.0,0.0
extension_AgH_mp-1096804,mp-1096804,AgH,extension,,False,True,0.1208983966666679,0.1208983966666679,0.0,0.0,-0.2877200000000002,0.0,0.0,0.0
extension_AgI_mp-22915,mp-22915,AgI,extension,,True,False,0.3927372599999996,-0.0750226383333325,0.0,0.0,0.0,0.0,0.0,0.0
extension_AgN_anchor_mp-1091417,mp-1091417,AgN,extension,,True,False,1.520129764166667,1.520129764166667,0.00015068995,0.0029898799603174,0.0,0.00015068995,0.00015068995,0.00015068995
extension_AgN_poly_mp-1009766,mp-1009766,AgN,extension,,True,True,1.5494896491666663,1.5494896491666663,0.0009346663499999,0.0172798363838047,0.0,0.0009078789,0.0009346663499999,0.00093466635
extension_AgN_poly_mp-1424734,mp-1424734,AgN,extension,,True,True,1.9196186741666672,1.9196186741666672,0.0001692102,0.002456594076655,0.0,0.0001692102,0.0001692102,0.0001692102
extension_AgN_poly_mp-1428312,mp-1428312,AgN,extension,,True,True,1.6518583891666676,1.6518583891666676,0.0001622033,0.0040836681772406,0.0,0.0001622033,0.0001622033,0.0001622033
extension_AgPb3_mp-1183256,mp-1183256,AgPb3,extension,metallic,True,True,0.0850927583333387,0.0850927583333387,0.0,0.0,0.0,0.0,0.0,0.0
extension_AgPd_mp-1183222,mp-1183222,AgPd,extension,metallic,True,True,0.006955855000001,-0.0656381675000012,0.0008427856,0.0199051865847897,0.0,0.0006765727499999,0.0008427856,0.0008427856
extension_Ag_mp-124,mp-124,Ag,extension,,True,False,0.0021267149999992,0.0021267149999992,0.0,0.0,0.0,0.0,0.0,0.0
extension_Al12Mo_mp-550,mp-550,Al12Mo,extension,metallic,True,False,0.0141426919230767,-0.1132426415384617,0.0,0.0,0.0,0.0,0.0,0.0
extension_Al2W_mp-12524,mp-12524,Al2W,extension,metallic,True,False,0.0931175611111143,-0.0582159708888872,0.0,0.0,0.0,0.0,0.0,0.0
extension_Al3Ag_mp-1183130,mp-1183130,Al3Ag,extension,metallic,True,True,0.0712581868749993,0.0471000101249998,0.0,0.0,0.0,0.0,0.0,0.0
extension_Al3As_mp-1183129,mp-1183129,Al3As,extension,,True,True,0.3636485250000003,0.0501271368750018,0.0,0.0,0.0,0.0,0.0,0.0
extension_AlAg2_mp-985805,mp-985805,AlAg2,extension,metallic,True,True,0.0076561579999996,-0.0567656466666666,0.0,0.0,0.0,0.0,0.0,0.0
extension_AlAg_mp-1228901,mp-1228901,AlAg,extension,metallic,True,True,0.018330401,-0.0299859525000005,0.0,0.0,0.0,0.0,0.0,0.0
extension_AlH3_mp-1106356,mp-1106356,AlH3,extension,covalent,False,False,0.0100144587500006,-0.0636176240624992,0.0,0.0,-0.2515212999999999,0.0,0.0,0.0
extension_Al_mp-134,mp-134,Al,extension,,True,False,0.0,0.0,0.0,0.0,0.0,0.0,0.0,0.0
extension_As3W2_mp-11696,mp-11696,As3W2,extension,,True,False,0.0,-0.0927698695000003,0.0,0.0,0.0,0.0,0.0,0.0
extension_As4S3_mp-27543,mp-27543,As4S3,extension,covalent,False,False,0.0063556478571413,-0.1304276883482142,0.0,0.0,-0.2320899999999999,0.0,0.0,0.0
extension_As4S3_mp-557321,mp-557321,As4S3,extension,covalent,False,False,0.0068404364285701,-0.1299428997767851,0.0,0.0,-0.2634700000000001,0.0,0.0,0.0
extension_As_mp-158,mp-158,As,extension,,True,False,0.0,0.0,0.0,0.0,0.0,0.0,0.0,0.0
extension_Au2S_mp-947,mp-947,Au2S,extension,covalent,False,False,0.0,-0.1183418259375012,0.0,0.0,-0.2766099999999998,0.0,0.0,0.0
extension_Au_mp-81,mp-81,Au,extension,,True,False,0.0,0.0,0.0,0.0,0.0,0.0,0.0,9.461960000000002e-05
extension_BPd5_mp-1228665,mp-1228665,BPd5,extension,,True,True,0.1324951308333304,-0.0882113820833344,0.00127785655,0.0180948251203625,0.0,0.0010498305999999,0.00127785655,0.00127785655
extension_B_mp-160,mp-160,B,extension,covalent,False,False,0.0,0.0,0.0,0.0,-0.2358799999999998,0.0,0.0,0.0
extension_Ba3Ca_mp-1183342,mp-1183342,Ba3Ca,extension,metallic,True,True,0.0392140474999997,0.0392140474999997,0.0,,0.0,0.0,0.0,0.0
extension_Ba3N2_mp-1013528,mp-1013528,Ba3N2,extension,,True,True,0.6831039496666662,0.1128675839999999,2.7533000000000016e-05,0.0007123673997412,0.0,2.7533000000000016e-05,2.7533000000000016e-05,2.7533000000000016e-05
extension_Ba4Pd_mp-1214438,mp-1214438,Ba4Pd,extension,,False,True,0.1557169809999998,-0.0639634269999998,0.0004618707,0.0075003361481,-0.0293499999999999,0.0004618707,0.0004618707,0.0004618707
extension_Ba5P4_exp_mp-17566,mp-17566,Ba5P4,extension,,False,False,3.472888887223746e-05,-1.0102398348412531,0.0,0.0,-0.3173599999999998,0.0,0.0,0.0
extension_BaCl2_exp_mp-23199,mp-23199,BaCl2,extension,ionic,False,False,0.0067857724999997,-2.9614528075,3.004035e-05,0.0019281354300385,-0.230158,3.004035e-05,3.004035e-05,3.004035e-05
extension_BaF3_exp_mp-1080821,mp-1080821,BaF3,extension,ionic,False,False,0.0,-3.19264289375,0.00050061905,0.0437221877729257,0.0430200000000002,0.00050061905,0.00050061905,0.00050061905
extension_BaF3_theo_mp-1183303,mp-1183303,BaF3,extension,,True,True,0.0612079274999999,-3.13143496625,0.00208788395,0.2536918529769137,0.0,0.00208788395,0.00208788395,0.00208788395
extension_BaMg3_mp-1016218,mp-1016218,BaMg3,extension,metallic,True,True,0.1714063855113634,0.1205822262500002,0.0017910096499999,1.1860991059602648,0.0,0.00127411285,0.0017910096499999,0.0029158937
extension_BaN2_exp_mp-1102371,mp-1102371,BaN2,extension,,True,False,2.056778179166667,1.3050746108333324,0.0009727226,0.0214208896718784,0.0,0.0009727226,0.0009727226,0.0009727226
extension_BaO_exp_mp-1008500,mp-1008500,BaO,extension,ionic,False,False,0.0188882974999984,-2.804754410000002,3.729470000000001e-05,0.0015552418682235,-0.2665599999999997,3.729470000000001e-05,3.729470000000001e-05,3.729470000000001e-05
extension_BaO_theo_mp-1950989,mp-1950989,BaO,extension,ionic,False,True,0.0434359774999997,-2.7802067300000006,0.0,0.0,-0.2779299999999999,0.0,0.0,0.0
extension_BaP10_mp-28035,mp-28035,BaP10,extension,,False,False,0.0036162985064951,-0.2570918210389595,0.0,0.0,-0.3037600000000005,0.0,0.0,0.0
extension_BaS3_exp_mp-556296,mp-556296,BaS3,extension,,False,False,0.0435679643749988,-1.3907245862499995,0.0,0.0,-0.2690299999999999,0.0,0.0,0.0
extension_Ba_mp-122,mp-122,Ba,extension,,True,False,0.0,0.0,0.00390358355,2.957260265151515,0.0,0.0016450491,0.00390358355,0.0039754201999999
extension_Be12Mo_mp-1475,mp-1475,Be12Mo,extension,metallic,True,False,0.0,-0.1278044192307687,0.0,0.0,0.0,0.0,0.0,0.0
extension_Be3N2_exp_mp-18337,mp-18337,Be3N2,extension,,False,False,0.0,-1.2173527985000014,0.0,0.0,-0.2762000000000002,0.0,0.0,0.0
extension_Be3N2_theo_mp-1017550,mp-1017550,Be3N2,extension,,False,True,0.2080862134999996,-1.009266585000001,0.0,0.0,-0.2860500000000003,0.0,0.0,0.0
extension_Be3P2_exp_mp-567841,mp-567841,Be3P2,extension,,False,False,0.0,-0.2313616536071421,0.0,0.0,-0.4193699999999998,0.0,0.0,0.0
extension_Be3P2_mp-1084771,mp-1084771,Be3P2,extension,,False,True,0.1567252367499998,-0.0746364168571425,7.510349999999999e-06,0.0001618261150614,0.1069199999999996,7.510349999999999e-06,7.510349999999999e-06,7.510349999999999e-06
extension_Be3P2_mp-567841,mp-567841,Be3P2,extension,,False,False,0.0,-0.2313616536071421,0.0,0.0,-0.4193699999999998,0.0,0.0,0.0
extension_Be3P2_theo_mp-1084771,mp-1084771,Be3P2,extension,,False,True,0.1567252367499998,-0.0746364168571425,7.510349999999999e-06,0.0001618261150614,0.1069199999999996,7.510349999999999e-06,7.510349999999999e-06,7.510349999999999e-06
extension_BeCl2_exp_mp-23267,mp-23267,BeCl2,extension,ionic,False,False,0.0087075158333336,-1.837467066666666,0.0,0.0,-0.2417430000000001,0.0,0.0,0.0
extension_BeCl2_theo_mp-1172909,mp-1172909,BeCl2,extension,ionic,False,True,3.1687985972222217,1.322624014722222,0.0651060336,0.1760859890734029,0.0204899999999996,0.0651060336,0.0651060336,0.0651060336
extension_BeF2_exp_mp-15951,mp-15951,BeF2,extension,ionic,False,False,0.0003967061111112,-3.550195442777778,0.0,0.0,-0.5079399999999996,0.0,0.0,0.0
extension_BeF2_theo_mp-975644,mp-975644,BeF2,extension,,True,True,2.518145377222223,-1.0324467716666663,0.0,0.0,0.0,0.0,0.0,0.0
extension_BeO_exp_mp-7599,mp-7599,BeO,extension,ionic,False,False,0.0153466312500007,-3.087509171249999,0.0,0.0,-0.3606699999999998,0.0,0.0,0.0
extension_BeO_theo_mp-1778,mp-1778,BeO,extension,ionic,False,True,0.0069736675000005,-3.095882134999999,0.0,0.0,-0.3915600000000001,0.0,0.0,0.0
extension_Be_mp-87,mp-87,Be,extension,,True,False,0.0,0.0,0.0,0.0,0.0,0.0,0.0,0.0
extension_Bi2O3_anchor_mp-558953,mp-558953,Bi2O3,extension,,True,False,0.600030676500003,-1.0416965385000012,0.00015168985,0.0037602838373822,0.0,0.00015168985,0.00015168985,0.00015168985
extension_Bi2O3_poly_mp-1383505,mp-1383505,Bi2O3,extension,,True,True,0.9067888160000024,-0.7349383990000014,0.0,0.0,0.0,0.0,0.0,0.0
extension_Bi2O3_poly_mp-674644,mp-674644,Bi2O3,extension,,False,True,0.6198849705000029,-1.0218422445000015,0.0,0.0,-0.2693700000000003,0.0,0.0,0.0
extension_Bi2O3_poly_mp-714859,mp-714859,Bi2O3,extension,,False,True,2.402893258000003,0.7611660429999987,4.0048e-06,9.483305706843475e-05,0.0735599999999996,4.0048e-06,4.0048e-06,4.0048e-06
extension_Br_mp-23154,mp-23154,Br,extension,,False,False,0.0,0.0,0.00036445745,0.0096878641679957,-0.220585,0.00036445745,0.00036445745,0.00036445745
extension_C(NO)2_mp-1197051,mp-1197051,C(NO)2,extension,covalent,False,False,1.1348039342500007,0.0735699232499982,0.0,0.0,-0.27427,0.0,0.0,0.0
extension_C2N2O_mp-1214250,mp-1214250,C2N2O,extension,covalent,False,True,0.4720562601666653,-0.0585607453333333,0.0,0.0,-0.2214799999999999,0.0,0.0,0.0
extension_C3N4_anchor_mp-571653,mp-571653,C3N4,extension,covalent,False,False,0.4981181882142849,0.4981181882142859,0.0,0.0,-0.2595000000000009,0.0,0.0,0.0
extension_C3N4_mp-567885,mp-567885,C3N4,extension,covalent,False,True,0.1475561110714274,0.1475561110714279,0.0,0.0,-0.3073199999999998,0.0,0.0,0.0
extension_C3N4_mp-570572,mp-570572,C3N4,extension,covalent,False,False,0.1472676482142851,0.1472676482142856,0.0,0.0,-0.3008799999999998,0.0,0.0,0.0
extension_C3N4_mp-971683,mp-971683,C3N4,extension,covalent,False,True,0.1216764853571419,0.1216764853571432,0.0,0.0,-0.3061600000000002,0.0,0.0,0.0
extension_C3N4_poly_mp-1182484,mp-1182484,C3N4,extension,covalent,False,True,0.5848164510714273,0.5848164510714285,0.0,0.0,-0.2651099999999999,0.0,0.0,0.0
extension_C3N4_poly_mp-2852,mp-2852,C3N4,extension,covalent,False,True,0.5033424574999987,0.5033424575,0.0,0.0,-0.3338999999999998,0.0,0.0,0.0
extension_C3N4_poly_mp-563,mp-563,C3N4,extension,covalent,False,True,1.5118795946428565,1.5118795946428574,0.0,0.0,-0.3119999999999994,0.0,0.0,0.0
extension_CMcarbon_mp-1080826,mp-1080826,C,extension,covalent,False,True,0.3009154999999985,0.3009154999999985,0.0,0.0,-0.2417799999999985,0.0,0.0,0.0
extension_CWcarbon_mp-1190171,mp-1190171,C,extension,covalent,False,True,0.2926701068749988,0.2926701068749988,0.0,0.0,-0.3158999999999992,0.0,0.0,0.0
extension_Ca3N2_exp_mp-1047,mp-1047,Ca3N2,extension,,False,False,0.0166976637499995,-0.9430230205,0.0,0.0,-0.2539500000000001,0.0,0.0,0.0
extension_Ca3N2_mp-844,mp-844,Ca3N2,extension,,False,False,0.0,-0.95972068425,0.0,0.0,-0.28125,0.0,0.0,0.0
extension_Ca3N2_theo_mp-1013524,mp-1013524,Ca3N2,extension,,True,True,0.5111703895000002,-0.4485502947499995,0.0,0.0,0.0,0.0,0.0,0.0
extension_Ca3Zn_mp-1039229,mp-1039229,Ca3Zn,extension,metallic,True,True,0.1588404112499999,0.0249392575,0.0003869766999999,0.0086340182954038,0.0,0.0003869766999999,0.0003869766999999,0.0004009949
extension_CaCl2_exp_mp-23214,mp-23214,CaCl2,extension,ionic,False,False,0.0011452108333331,-2.8042218233333327,1.3016600000000002e-05,0.0008435904082955,-0.2721679999999999,1.3016600000000003e-05,1.3016600000000002e-05,1.3016600000000002e-05
extension_CaCl2_theo_mp-1120739,mp-1120739,CaCl2,extension,ionic,False,True,0.0421854308333342,-2.7631816033333325,6.683245e-05,0.0068126860346585,-0.2741399999999999,6.683245e-05,6.683245e-05,6.683245e-05
extension_CaF2_exp_mp-10464,mp-10464,CaF2,extension,ionic,False,False,0.0346417016666666,-4.187573868333334,0.0,0.0,-0.217936,0.0,0.0,0.0
extension_CaF2_theo_mp-554355,mp-554355,CaF2,extension,ionic,False,True,0.2402514599999996,-3.98196411,0.0,0.0,-0.251549,0.0,0.0,0.0
extension_CaN6_mp-656097,mp-656097,CaN6,extension,,False,True,0.0792059214285725,-0.1947650882142864,0.0,0.0,-0.26698,0.0,0.0,0.0
extension_CaN6_mp-676,mp-676,CaN6,extension,,False,False,0.0406129899999996,-0.2333580196428581,0.0,0.0,-0.2951300000000001,0.0,0.0,0.0
extension_CaN_mp-1058549,mp-1058549,CaN,extension,,True,False,0.3981682884374997,-0.4413817726562499,0.0014933774,0.0656141212653778,0.0,0.0014718494499999,0.0014933774,0.0014933774
extension_CaNi_mp-1059707,mp-1059707,CaNi,extension,metallic,True,False,0.1656498062499993,0.023789325,0.0008935772,0.0500043200895355,0.0,0.0006633012,0.0008935772,0.0009030886
extension_CaO_exp_mp-1079707,mp-1079707,CaO,extension,ionic,False,False,0.2097698550000002,-3.0962495374999994,0.0,0.0,-0.3440229999999999,0.0,0.0,0.0
extension_CaO_mp-2605,mp-2605,CaO,extension,ionic,False,False,0.0,-3.3060193925,0.0,0.0,-0.26682,0.0,0.0,0.0
extension_CaO_theo_mp-1181903,mp-1181903,CaO,extension,,True,True,2.72813205125,-0.5778873412500003,0.001031791,0.0756445014662756,0.0,0.0010247826,0.001031791,0.001031791
extension_Ca_mp-21,mp-21,Ca,extension,,True,False,0.0056160399999996,0.0056160399999996,0.0058117555,3.302133806818182,0.0,0.00241601515,0.0058117555,0.00659847845
extension_CdIn3_mp-1183674,mp-1183674,CdIn3,extension,metallic,True,True,0.0641602675000001,0.0641602675000001,0.0,0.0,0.0,0.0,0.0,0.0
extension_CdP4_mp-7904,mp-7904,CdP4,extension,covalent,False,False,0.0,-0.1207425323809516,0.0,0.0,-0.2235000000000004,0.0,0.0,0.0
extension_CdSb3_mp-1183739,mp-1183739,CdSb3,extension,metallic,True,True,0.1319331468749993,0.0839982221874997,0.00039372375,0.0058045665634674,0.0,0.00039372375,0.00039372375,0.00039372375
extension_Cd_mp-94,mp-94,Cd,extension,,True,False,0.0,0.0,0.0,0.0,0.0,0.0,0.0,0.0
extension_Cdiamond_mp-66,mp-66,C,extension,covalent,False,False,0.1122649000000013,0.1122649000000013,0.0,0.0,-0.2705999999999999,0.0,0.0,0.0
extension_Cgraphite_mp-48,mp-48,C,extension,,True,False,0.0031218549999998,0.0031218549999998,0.0,0.0,0.0,0.0,0.0,0.0
extension_Cl_mp-22848,mp-22848,Cl2,extension,,False,False,0.0,0.0,8.760500000000004e-06,0.0002890300230946,-0.26210525,8.760500000000004e-06,8.760500000000004e-06,9.261150000000004e-06
extension_Clonsdaleite_mp-47,mp-47,C,extension,covalent,False,False,0.1394772175000014,0.1394772175000014,0.0,0.0,-0.3114000000000008,0.0,0.0,0.0
extension_CoGe_mp-21237,mp-21237,CoGe,extension,metallic,True,False,0.0,-0.0724745737500018,0.0001509390499999,0.0022242712938402,0.0,0.0001509390499999,0.0001509390499999,0.0001509390499999
extension_CoRe_mp-1225995,mp-1225995,CoRe,extension,metallic,True,True,0.1217252000000002,0.1184565329166673,0.00065431385,0.0081738144909431,0.0,0.00065431385,0.00065431385,0.00065431385
extension_CoSn_mp-20536,mp-20536,CoSn,extension,metallic,True,False,0.0,-0.095879675833333,0.00018323305,0.0022878393057809,0.0,0.00018323305,0.00018323305,0.00018323305
extension_Co_mp-102,mp-102,Co,extension,,True,False,0.0,0.0,0.0018227795499999,0.0373214486076986,0.0,4.35522e-05,0.0018227795499999,0.0020272769
extension_Cr5Si3_mp-7506,mp-7506,Cr5Si3,extension,metallic,True,False,0.0547373332499994,-0.121995866875002,2.15258e-05,0.0003437527946343,0.0,2.15258e-05,2.15258e-05,2.15258e-05
extension_CrRe3_mp-1183703,mp-1183703,CrRe3,extension,metallic,True,True,0.1330999237500023,0.1330999237500023,0.0,0.0,0.0,0.0,0.0,0.0
extension_CrW_mp-1226162,mp-1226162,CrW,extension,metallic,True,True,0.1211949699999976,0.1211949699999976,5.531925000000001e-05,0.0005359873074314,0.0,5.531925000000001e-05,5.531925000000001e-05,5.531925000000001e-05
extension_Cr_mp-90,mp-90,Cr,extension,,True,False,0.0,0.0,0.0003354237,0.0049254581497797,0.0,0.0003354237,0.0003354237,0.0003354237
extension_Cs2S_exp_mp-1077814,mp-1077814,Cs2S,extension,,False,False,0.066724820000001,-1.1257135284374986,0.0,0.0,-0.25183,0.0,0.0,0.0
extension_CsCl_exp_mp-573697,mp-573697,CsCl,extension,ionic,False,False,0.00714125,-2.2486625248275875,0.0,0.0,-0.28959,0.0,0.0,0.0
extension_CsF_exp_mp-8455,mp-8455,CsF,extension,ionic,False,False,0.1087716699999994,-2.7259756223275877,1.95234e-05,0.0008080877483443,-0.2893099999999999,3.0035999999999995e-06,1.95234e-05,1.95234e-05
extension_CsN3_exp_mp-510557,mp-510557,CsN3,extension,,False,False,0.0,-0.2168547903124995,0.0,0.0,-0.267278,0.0,0.0,0.0
extension_CsN3_mp-1225892,mp-1225892,CsN3,extension,,False,True,0.0112978124999987,-0.2055569778125008,0.0,0.0,-0.299186,0.0,0.0,0.0
extension_CsN3_mp-510557,mp-510557,CsN3,extension,,False,False,0.0,-0.2168547903124995,0.0,0.0,-0.267278,0.0,0.0,0.0
extension_CsN3_theo_mp-1225892,mp-1225892,CsN3,extension,,False,True,0.0112978124999987,-0.2055569778125008,0.0,0.0,-0.299186,0.0,0.0,0.0
extension_CsO2_exp_mp-1441,mp-1441,CsO2,extension,,True,False,0.0348599883333324,-0.9756556932183914,0.0041054499999999,0.1435974116824064,0.0,0.00025681745,0.0041054499999999,0.005266608
extension_CsO2_theo_mp-1096936,mp-1096936,CsO2,extension,,True,True,0.0940473483333335,-0.916468333218391,0.00227233955,0.0871964524174981,0.0,0.0001056271499999,0.00227233955,0.00317595835
extension_CsP7_exp_mp-1201790,mp-1201790,CsP7,extension,,False,False,0.0,-0.2463414672916659,0.0,0.0,-0.2182499999999998,0.0,0.0,0.0
extension_CsP7_mp-1201790,mp-1201790,CsP7,extension,,False,False,0.0,-0.2463414672916659,0.0,0.0,-0.2182499999999998,0.0,0.0,0.0
extension_CsP7_mp-1213206,mp-1213206,CsP7,extension,,False,True,8.425187500016307e-05,-0.2462572154166658,0.0,0.0,-0.2419700000000002,0.0,0.0,0.0
extension_CsP7_theo_mp-1213206,mp-1213206,CsP7,extension,,False,True,8.425187500016307e-05,-0.2462572154166658,0.0,0.0,-0.2419700000000002,0.0,0.0,0.0
extension_CsRb_mp-1225895,mp-1225895,CsRb,extension,metallic,True,True,0.0344804714224128,0.0344804714224128,0.0039640491499999,0.0961447768615085,0.0,0.0039640491499999,0.0039640491499999,0.0039640491499999
extension_Cs_mp-1,mp-1,Cs,extension,,True,False,0.0193414500000024,0.0193414500000024,0.00385518485,0.0693129243078029,0.0,0.00385518485,0.00385518485,0.00385518485
extension_Cu2S_mp-12087,mp-12087,Cu2S,extension,,True,False,0.0942642177083339,-0.1178100580208318,2.428e-05,0.0011820837390457,0.0,2.428e-05,2.428e-05,2.428e-05
extension_Cu2S_mp-553942,mp-553942,Cu2S,extension,,True,False,0.2384562743750002,0.0263819986458339,0.00016045325,0.0086591068537506,0.0,8.435619999999999e-05,0.00016045325,0.00016045325
extension_Cu3Te2_mp-1225676,mp-1225676,Cu3Te2,extension,,True,True,0.0212578780000001,-0.0461058239999999,0.0018880943999999,0.0662721797121797,0.0,0.00120072855,0.0018880943999999,0.0019379048
extension_Cu7Te4_mp-624307,mp-624307,Cu7Te4,extension,,True,False,0.1459016827272741,0.0846619536363613,0.0014350418,0.0510146391752577,0.0,0.0005404134,0.0014350418,0.00168835405
extension_CuH_mp-1225705,mp-1225705,CuH,extension,,True,True,0.0982054649999994,0.0982054649999994,3.128915e-05,0.0037028579881656,0.0,3.00374e-05,3.128915e-05,3.229035e-05
extension_CuNi_mp-1184069,mp-1184069,CuNi,extension,metallic,True,True,0.0596835599999998,0.0596835599999998,0.00149613035,0.0731962010763209,0.0,0.00149613035,0.00149613035,0.00149613035
extension_Cu_mp-30,mp-30,Cu,extension,,True,False,0.0,0.0,0.0011441723999999,0.0945597024793388,0.0,0.0007511766,0.0011441723999999,0.0016022503
extension_F_mp-561203,mp-561203,F2,extension,,False,False,0.0030982875,0.0030982875,0.0,0.0,-0.2736099999999997,0.0,0.0,0.0
extension_Fe_mp-13,mp-13,Fe,extension,,True,False,0.0,0.0,0.0030297994,0.0793764579512706,0.0,0.0025148803,0.0030297994,0.0034493107499999
extension_Ga2Au7_mp-571598,mp-571598,Ga2Au7,extension,metallic,True,False,0.0176603709259239,-0.0849347496296273,0.0,0.0,0.0,0.0,0.0,0.0
extension_Ga3Hg_mp-1184289,mp-1184289,Ga3Hg,extension,metallic,True,True,0.0870753443750018,0.0870753443750018,0.0,0.0,0.0,0.0,0.0,0.0
extension_Ga3Pb_mp-1184425,mp-1184425,Ga3Pb,extension,metallic,True,True,0.0910919393750013,0.0910919393750013,0.0,0.0,0.0,0.0,0.0,0.0
extension_Ga3Re_mp-1188393,mp-1188393,Ga3Re,extension,metallic,True,False,0.0385729517187485,-0.1107117587499999,0.0,0.0,0.0,0.0,0.0,0.0
extension_GaSb_mp-1224785,mp-1224785,GaSb,extension,metallic,True,True,0.1847465150000005,-0.0445254050000016,0.0,0.0,0.0,0.0,0.0,0.0
extension_Ga_mp-142,mp-142,Ga,extension,,True,False,0.0,0.0,0.0,0.0,0.0,0.0,0.0,0.0
extension_Ge3Mo5_mp-17094,mp-17094,Ge3Mo5,extension,metallic,True,False,0.0425097624999999,-0.111207846874997,6.53308e-05,0.0008669161358811,0.0,6.53308e-05,6.53308e-05,6.53308e-05
extension_Ge3O_mp-1184665,mp-1184665,Ge3O,extension,,True,True,0.89046678375,0.0817209099999995,0.0001093866,0.0027015707582119,0.0,0.0001093866,0.0001093866,0.0001093866
extension_GeAs_mp-7591,mp-7591,GeAs,extension,,True,False,0.1054438066666687,0.0451492220833351,7.98495e-05,0.0013665839466027,0.0,7.98495e-05,7.98495e-05,7.98495e-05
extension_GeSb_mp-9935,mp-9935,GeSb,extension,metallic,True,True,0.0494254924999992,0.0494254924999992,0.0002500653499999,0.0039492316803537,0.0,0.0002500653499999,0.0002500653499999,0.0002500653499999
extension_GeTe_mp-938,mp-938,GeTe,extension,covalent,False,False,0.0,-0.0354679950000011,0.00014443225,0.0021112739365589,-0.2343400000000004,0.00014443225,0.00014443225,0.00014443225
extension_Ge_mp-32,mp-32,Ge,extension,,True,False,0.0,0.0,0.0,0.0,0.0,0.0,0.0,0.0
extension_H2CN2_mp-703527,mp-703527,H2CN2,extension,covalent,False,False,0.1874176477499949,-0.12882059975,0.0,0.0,-0.2670999999999999,0.0,0.0,0.0
extension_H2CN5_mp-1212563,mp-1212563,H2CN5,extension,covalent,False,True,0.1617986478124971,-0.0358502568750003,0.0,0.0,-0.296133,0.0,0.0,0.0
extension_H3Pd4_mp-1224413,mp-1224413,H3Pd4,extension,,True,True,0.0130569764285706,-0.0635278566071438,0.00050288215,0.0202123050643086,0.0,0.00046633215,0.00050288215,0.00050288215
extension_H4N_mp-1238814,mp-1238814,H4N,extension,,True,True,0.3245114000000004,0.0453762785000002,8.010000000000001e-06,0.000596425912137,0.0,8.010000000000001e-06,8.010000000000001e-06,8.010000000000001e-06
extension_H9CN9_mp-1202455,mp-1202455,H9CN9,extension,covalent,False,False,0.1523291407017541,-0.1374064066447371,0.0,0.0,-0.269958,0.0,0.0,0.0
extension_HC2N3_mp-1103408,mp-1103408,HC2N3,extension,covalent,False,True,0.2897617915277699,0.0995443147916657,0.0,0.0,-0.26342,0.0,0.0,0.0
extension_HC2_mp-995184,mp-995184,HC2,extension,,True,True,0.1491960781249988,0.0427113235416645,0.00010763285,0.0024834529303184,0.0,9.96219e-05,0.00010763285,0.00010763285
extension_HC3_mp-995200,mp-995200,HC3,extension,,True,True,0.1376740154687485,0.0578104495312477,0.0,0.0,0.0,0.0,0.0,0.0
extension_HC6_mp-995202,mp-995202,HC6,extension,,True,True,0.0857463320535707,0.0401100086607136,0.0,0.0,0.0,0.0,0.0,0.0
extension_HC_mp-995197,mp-995197,HC,extension,covalent,False,True,0.1098043665624999,-0.0499227653125,0.0,0.0,-0.2861889999999999,0.0,0.0,0.0
extension_HN_mp-1224501,mp-1224501,HN,extension,covalent,False,True,0.1923862111458332,-0.0402263901041664,0.0,0.0,-0.268449,0.0,0.0,0.0
extension_HN_mp-23922,mp-23922,HN,extension,covalent,False,False,0.1681552468749991,-0.0644573543750004,0.0,0.0,-0.2768879,0.0,0.0,0.0
extension_HN_mp-720515,mp-720515,HN,extension,covalent,False,False,0.1478446383333338,-0.0847679629166655,0.0,0.0,-0.2279397,0.0,0.0,0.0
extension_H_mp-730101,mp-730101,H2,extension,,False,False,0.0,0.0,0.0,0.0,-0.2316199999999995,0.0,0.0,0.0
extension_Hf3Pb_mp-1184772,mp-1184772,Hf3Pb,extension,metallic,True,True,0.0,-0.0715145925000086,0.0,0.0,0.0,0.0,0.0,0.0
extension_HfCd_mp-1007758,mp-1007758,HfCd,extension,metallic,True,False,0.0,-0.095908780000002,0.0,0.0,0.0,0.0,0.0,0.0
extension_HfCr2_mp-569624,mp-569624,HfCr2,extension,metallic,True,False,0.1030547933333316,0.1030547933333328,0.0,0.0,0.0,0.0,0.0,0.0
extension_HfCu3_mp-1184704,mp-1184704,HfCu3,extension,metallic,True,True,0.0724953200762206,-0.089767235,0.0,0.0,0.0,0.0,0.0,0.0
extension_HfMg15_mp-1023478,mp-1023478,HfMg15,extension,metallic,True,True,0.0712011403125001,0.0712011403125001,0.00161399865,0.4373980081300813,0.0,0.000615765,0.00161399865,0.0022400354
extension_HfW2_mp-1224230,mp-1224230,HfW2,extension,metallic,True,True,0.2690691899999962,0.1002866716666706,0.0,0.0,0.0,0.0,0.0,0.0
extension_Hf_mp-103,mp-103,Hf,extension,,True,False,0.0,0.0,0.0,0.0,0.0,0.0,0.0,0.0
extension_Hg3Pb_mp-1184700,mp-1184700,Hg3Pb,extension,metallic,True,True,0.0683460781249962,0.0683460781249962,0.0,0.0,0.0,0.0,0.0,0.0
extension_Hg3Sb_mp-977242,mp-977242,Hg3Sb,extension,metallic,True,True,0.1257160649999988,0.1257160649999988,2.17761e-05,0.0003155956521739,0.0,2.17761e-05,2.17761e-05,2.17761e-05
extension_Hg5Pd2_mp-30721,mp-30721,Hg5Pd2,extension,metallic,True,False,0.0396781074999952,-0.0555878989285777,1.55186e-05,0.0002451208339914,0.0,1.55186e-05,1.55186e-05,1.55186e-05
extension_Hg_mp-10861,mp-10861,Hg,extension,,True,False,0.0029604591666583,0.002960459166663,0.0,0.0,0.0,0.0,0.0,0.0
extension_I_mp-23153,mp-23153,I,extension,,False,False,0.0,0.0,0.0036680475999999,0.0900134380368098,-0.2553399999999999,0.002447272,0.0036680475999999,0.0038572884999999
extension_In2Te3_mp-1105025,mp-1105025,In2Te3,extension,,True,False,0.3077599069777754,-0.1388392915555565,0.001211256,0.0089975932253751,0.0,0.001211256,0.001211256,0.001211256
extension_In7Cu10_mp-646039,mp-646039,In7Cu10,extension,metallic,True,False,0.0,-0.0438224738235315,0.00015369085,0.003948891315519,0.0,0.0001446797,0.00015369085,0.00015369085
extension_InNi_mp-20997,mp-20997,InNi,extension,metallic,True,False,0.0921875400000011,-0.121018259999996,0.0007689741,0.015616858245329,0.0,0.0007003803499999,0.0007689741,0.0007689741
extension_InSn4_mp-1223653,mp-1223653,InSn4,extension,metallic,True,True,0.1478455520000032,0.1478455520000011,0.0,0.0,0.0,0.0,0.0,0.0
extension_In_mp-1055994,mp-1055994,In,extension,,True,False,0.004489730000003,0.004489730000003,0.0,0.0,0.0,0.0,0.0,0.0
extension_Ir3Ru_mp-974358,mp-974358,Ir3Ru,extension,metallic,True,True,0.0,-0.0410198437500071,0.0015439155,0.0197608537053628,0.0,0.00143076055,0.0015439155,0.0015439155
extension_Ir4W_mp-1223666,mp-1223666,Ir4W,extension,metallic,True,True,0.2319650820000021,-0.0646568429999888,0.00771841855,0.0434106780089988,0.0,0.0062547985,0.00771841855,0.00771841855
extension_IrPd_mp-1223675,mp-1223675,IrPd,extension,metallic,True,True,0.1100063050000059,0.1100063050000059,0.0027038950999999,0.03842397470513,0.0,0.0027038950999999,0.0027038950999999,0.0027038950999999
extension_Ir_mp-101,mp-101,Ir,extension,,True,False,0.0,0.0,0.00264479235,0.0274128560323383,0.0,0.00156942335,0.00264479235,0.00264479235
extension_K2O_exp_mp-971,mp-971,K2O,extension,ionic,False,False,0.0,-1.2338780364999995,0.0,0.0,-0.293364,0.0,0.0,0.0
extension_K2O_theo_mp-1223784,mp-1223784,K2O,extension,,True,True,0.1999645533333338,-1.033913483166666,0.0,0.0,0.0,0.0,0.0,0.0
extension_K2S_exp_mp-1022,mp-1022,K2S,extension,,False,False,0.0,-1.247886656770833,0.0,0.0,-0.2986248,0.0,0.0,0.0
extension_K3Rb_mp-976115,mp-976115,K3Rb,extension,metallic,True,True,0.0374039251875006,0.0374039251875006,0.00370813405,0.0889240779376498,0.0,0.00370813405,0.00370813405,0.00370813405
extension_KCl_exp_mp-23289,mp-23289,KCl,extension,ionic,False,False,0.07764382,-2.170105033625,0.0,0.0,-0.267537,0.0,0.0,0.0
extension_KF3_exp_mp-1544557,mp-1544557,KF3,extension,ionic,False,False,0.0124910390624997,-1.458083969375,0.0028647540999999,0.3545487747524752,0.1349999999999998,0.0028647540999999,0.0028647540999999,0.0028647540999999
extension_KF3_theo_mp-2749823,mp-2749823,KF3,extension,ionic,False,True,0.0119280090625002,-1.4586469993749995,0.00279366175,0.3514039937106918,0.1340400000000001,0.00279366175,0.00279366175,0.00279366175
extension_KMg15_mp-1023498,mp-1023498,KMg15,extension,metallic,True,True,0.1010596635625002,0.1010596635625002,0.0007469312999999,1.965608684210526,0.0,0.00034942915,0.0007469312999999,0.0013121387499999
extension_KN2_anchor_mp-1071868,mp-1071868,KN2,extension,,True,False,1.1629511857777777,0.9664068891111092,0.0,0.0,0.0,0.0,0.0,0.0
extension_KN2_poly_mp-1180757,mp-1180757,KN2,extension,,True,True,1.2293322591111109,1.0327879624444425,0.0,0.0,0.0,0.0,0.0,0.0
extension_KN3_mp-827,mp-827,KN3,extension,,False,False,0.0,-0.2211123337500016,0.0,0.0,-0.278652,0.0,0.0,0.0
extension_KN3_theo_mp-636056,mp-636056,KN3,extension,,True,True,1.0369771337499998,0.8158647999999982,0.0008420092,0.0107139483394833,0.0,0.0008420092,0.0008420092,0.0008420092
extension_KP15_mp-1211471,mp-1211471,KP15,extension,,False,True,0.0,-0.1233385955245527,0.0,0.0,-0.2315300000000002,0.0,0.0,0.0
extension_KP_exp_mp-1058315,mp-1058315,KP,extension,,True,False,1.008041285,0.4714537278869057,0.0021061035,0.0441531132075471,0.0,0.0021061035,0.0021061035,0.0021061035
extension_KP_theo_mp-1057787,mp-1057787,KP,extension,,True,True,1.0092306499999992,0.472643092886905,0.00106003725,0.0218024938296997,0.0,0.00106003725,0.00106003725,0.00106003725
extension_Li2O_exp_mp-1960,mp-1960,Li2O,extension,ionic,False,False,0.0,-2.0615979138888885,0.0,0.0,-0.37788,0.0,0.0,0.0
extension_Li2O_theo_mp-755894,mp-755894,Li2O,extension,ionic,False,True,0.0843597108333336,-1.9772382030555544,0.0,0.0,-0.2819100000000003,0.0,0.0,0.0
extension_Li2S_exp_mp-1125,mp-1125,Li2S,extension,,False,False,0.0615092883333332,-1.4419439997222228,0.0,0.0,-0.3496299999999999,0.0,0.0,0.0
extension_Li2S_theo_mp-557142,mp-557142,Li2S,extension,,False,True,0.1749633300000002,-1.3284899580555554,0.0,0.0,-0.2234800000000001,0.0,0.0,0.0
extension_Li3Ca_mp-976075,mp-976075,Li3Ca,extension,metallic,True,True,0.0600475589583333,0.045540925,0.0,0.0,0.0,0.0,0.0,0.0
extension_Li3N_exp_mp-2341,mp-2341,Li3N,extension,,False,False,0.00392716125,-0.4785742609375001,0.0,0.0,-0.3541099999999999,0.0,0.0,0.0
extension_LiCl_exp_mp-22905,mp-22905,LiCl,extension,ionic,False,False,0.0243146387499999,-2.1164624016666664,0.0,0.0,-0.3133699999999999,0.0,0.0,0.0
extension_LiCl_theo_mp-1185319,mp-1185319,LiCl,extension,ionic,False,True,0.0038527562499997,-2.1369242841666667,0.0,0.0,-0.22485,0.0,0.0,0.0
extension_LiF_exp_mp-1138,mp-1138,LiF,extension,ionic,False,False,0.0,-3.164395454166666,0.0,0.0,-0.449019,0.0,0.0,0.0
extension_LiF_theo_mp-1009009,mp-1009009,LiF,extension,ionic,False,True,0.2875420599999998,-2.876853394166666,0.0,0.0,-0.457927,0.0,0.0,0.0
extension_LiN3_mp-2659,mp-2659,LiN3,extension,,False,False,0.0,-0.2058215257291671,0.0,0.0,-0.3721099999999999,0.0,0.0,0.0
extension_LiP5_exp_mp-2412,mp-2412,LiP5,extension,,False,False,0.0076949386904754,-0.2390524727579356,0.0,0.0,-0.2680100000000003,0.0,0.0,0.0
extension_LiP5_mp-2412,mp-2412,LiP5,extension,,False,False,0.0076949386904754,-0.2390524727579356,0.0,0.0,-0.2680100000000003,0.0,0.0,0.0
extension_LiP5_mp-32760,mp-32760,LiP5,extension,,False,True,0.0963066060119057,-0.1504408054365065,0.0,0.0,-0.2739200000000004,0.0,0.0,0.0
extension_LiP5_theo_mp-32760,mp-32760,LiP5,extension,,False,True,0.0963066060119057,-0.1504408054365065,0.0,0.0,-0.2739200000000004,0.0,0.0,0.0
extension_LiRh3_mp-1001787,mp-1001787,LiRh3,extension,metallic,True,False,0.0,-0.146932781666667,0.0008663373999999,0.0192348445825932,0.0,0.0008663373999999,0.0008663373999999,0.0008663373999999
extension_LiS4_mp-1143546,mp-1143546,LiS4,extension,,False,True,0.212306888031251,-0.2454370955833326,0.0,0.0,-0.3933900000000001,0.0,0.0,0.0
extension_Li_mp-1018134,mp-1018134,Li,extension,,True,False,0.0,0.0,0.0,0.0,0.0,0.0,0.0,0.0
extension_Mg15Ni_mp-1023622,mp-1023622,Mg15Ni,extension,metallic,True,True,0.0760831498958336,0.0473893378125001,0.00147834535,2.111921928571429,0.0,0.00102501975,0.00147834535,0.00195719355
extension_Mg2Ge_mp-250,mp-250,Mg2Ge,extension,metallic,True,False,0.4831721600000005,0.1392754333333326,0.0006748523,0.0306333318202451,0.0,0.0005702094,0.0006748523,0.00067785595
extension_Mg3Al_mp-978271,mp-978271,Mg3Al,extension,metallic,True,True,0.0275074255208336,0.0218695112500002,0.00139525885,0.0680614073170731,0.0,0.0007864718,0.00139525885,0.0020050109
extension_Mg3Ru2_mp-625,mp-625,Mg3Ru2,extension,metallic,True,False,0.0,-0.1251691264999991,0.00268663025,0.0936108101045296,0.0,0.00170764495,0.00268663025,0.0028217942
extension_Mg3Zr_mp-1094466,mp-1094466,Mg3Zr,extension,metallic,True,True,0.0647688737499998,0.0647688737499998,0.00034118705,0.0141395379196021,0.0,0.00034118705,0.00034118705,0.00034118705
extension_Mg5Sc_mp-1185837,mp-1185837,Mg5Sc,extension,metallic,True,True,0.0599288583333335,0.0489273033333338,8.41086e-05,0.0067720289855072,0.0,2.352995e-05,8.41086e-05,0.0002352978
extension_Mg5Te_mp-1185828,mp-1185828,Mg5Te,extension,,True,True,0.2243247558333343,-0.1328651786111108,0.0023569514,0.5405851834862385,0.0,0.0014427991999999,0.0023569514,0.0032886097
extension_MgAl2_mp-1102064,mp-1102064,MgAl2,extension,metallic,True,False,0.0416055058333331,0.0297132024999999,0.0,0.0,0.0,0.0,0.0,0.0
extension_MgCd_mp-11307,mp-11307,MgCd,extension,metallic,True,False,0.0,-0.0946318283333322,2.57809e-05,0.0006490659617321,0.0,2.57809e-05,2.57809e-05,2.57809e-05
extension_MgCl2_exp_mp-23210,mp-23210,MgCl2,extension,ionic,False,False,0.0,-2.255453941666667,1.32659e-05,0.0009111195054945,-0.2558749999999999,1.32659e-05,1.32659e-05,1.32659e-05
extension_MgCl2_theo_mp-569626,mp-569626,MgCl2,extension,ionic,False,True,0.1991308233333337,-2.0563231183333333,1.7523e-06,0.0001199383983572,-0.243238,1.7523e-06,1.7523e-06,1.7523e-06
extension_MgF2_exp_mp-1072956,mp-1072956,MgF2,extension,ionic,False,False,0.0024727899999996,-3.814811965,0.0,0.0,-0.3496699999999999,0.0,0.0,0.0
extension_MgF2_theo_mp-1062842,mp-1062842,MgF2,extension,ionic,False,True,0.2636488999999997,-3.553635855,0.0,0.0,-0.236819,0.0,0.0,0.0
extension_MgIn2_mp-1077016,mp-1077016,MgIn2,extension,metallic,True,False,0.1897874227777776,0.1391122588888901,1.4016949999999996e-05,0.000200988672211,0.0,0.0,1.4016949999999996e-05,4.655594999999999e-05
extension_MgO_exp_mp-549706,mp-549706,MgO,extension,ionic,False,False,0.1180419924999993,-2.9202671775000004,0.0,0.0,-0.31974,0.0,0.0,0.0
extension_MgO_theo_mp-1009127,mp-1009127,MgO,extension,ionic,False,True,0.7484379050000003,-2.2898712649999995,0.0,0.0,-0.3562899999999995,0.0,0.0,0.0
extension_MgPb2_mp-2016042,mp-2016042,MgPb2,extension,metallic,True,True,0.0341904800000065,-0.0498013516666683,0.00064680795,0.0086471651069518,0.0,0.00064680795,0.00064680795,0.00064680795
extension_MgS_exp_mp-1315,mp-1315,MgS,extension,,False,False,0.0,-1.661984376249999,0.0,0.0,-0.2011700000000003,0.0,0.0,0.0
extension_MgS_theo_mp-13032,mp-13032,MgS,extension,,False,True,0.0343442349999998,-1.6276401412499992,0.0,0.0,-0.3165899999999999,0.0,0.0,0.0
extension_MgTi_mp-1094346,mp-1094346,MgTi,extension,metallic,True,True,0.1257091633333322,0.1257091633333331,0.0,0.0,0.0,0.0,0.0,0.0
extension_MgTl3_mp-978262,mp-978262,MgTl3,extension,metallic,True,True,0.0513578208333296,0.0428634837499952,0.0,0.0,0.0,0.0,0.0,0.0
extension_Mg_mp-153,mp-153,Mg,extension,,True,False,0.0,0.0,0.0,,0.0,0.0,0.0,0.0
extension_Mn2O7_mp-28338,mp-28338,Mn2O7,extension,,False,False,0.3346113968981488,-0.8804072191235627,0.0,0.0,-0.34742,0.0,0.0,0.0
extension_Mn4B_mp-1221769,mp-1221769,Mn4B,extension,,True,True,0.1030640468275869,-0.1082091105689642,4.530515e-05,0.0007430728226996,0.0,4.530515e-05,4.530515e-05,4.530515e-05
extension_Mn4Ga_mp-1221812,mp-1221812,Mn4Ga,extension,metallic,True,True,0.1642719892413762,0.0552155003448262,0.00012315255,0.0017338103618189,0.0,0.00012315255,0.00012315255,0.00012315255
extension_MnO2_mp-510408,mp-510408,MnO2,extension,,True,False,0.0464430447222223,-1.7760848793103463,0.0011974973499999,0.060266600402617,0.0,0.00060174795,0.0011974973499999,0.0015511915
extension_Mn_mp-35,mp-35,Mn,extension,,True,False,0.0,0.0,0.0002643331,0.0047346068421995,0.0,0.0002643331,0.0002643331,0.0002643331
extension_Mo2C_mp-1221498,mp-1221498,Mo2C,extension,,True,True,0.0627639299999991,-0.0762856866666676,1.27654e-05,0.0002261764705882,0.0,1.27654e-05,1.27654e-05,1.27654e-05
extension_MoPd2_mp-1206704,mp-1206704,MoPd2,extension,metallic,True,True,0.0,-0.0780441333333357,2.503e-06,3.6349114144641297e-05,0.0,2.503e-06,2.503e-06,2.503e-06
extension_MoRu_mp-1221386,mp-1221386,MoRu,extension,metallic,True,True,0.0999591491666649,0.0654167566666608,3.5042e-05,0.0004343870088012,0.0,3.5042e-05,3.5042e-05,3.5042e-05
extension_Mo_mp-129,mp-129,Mo,extension,,True,False,0.0,0.0,4.305365e-05,0.0004773661159773,0.0,4.305365e-05,4.305365e-05,4.305365e-05
extension_N2O_mp-1180473,mp-1180473,N2O,extension,covalent,False,False,0.2568286241666655,-0.0860143283333343,0.0,0.0,-0.266702,0.0,0.0,0.0
extension_N2_mp-1059834,mp-1059834,N2,extension,,True,True,1.100957405,1.100957405,2.7533300000000003e-05,0.0010227823179791,0.0,2.6532000000000003e-05,2.7533300000000003e-05,2.7533300000000003e-05
extension_NO_mp-1180334,mp-1180334,NO,extension,,True,True,0.6216735074999997,0.1074090787499999,0.0001016284999999,0.0039042835190165,0.0,0.0001016284999999,0.0001016284999999,0.0001016284999999
extension_Na2Cl_theo_mp-1077015,mp-1077015,Na2Cl,extension,,True,True,0.2391079012068968,-1.1609046559195402,5.206644999999999e-05,0.0028513937568455,0.0,5.206644999999999e-05,5.206644999999999e-05,5.206644999999999e-05
extension_Na2O_exp_mp-2352,mp-2352,Na2O,extension,ionic,False,False,0.0,-1.4257386859195398,0.0,0.0,-0.2418749999999999,0.0,0.0,0.0
extension_Na2O_theo_mp-1975297,mp-1975297,Na2O,extension,ionic,False,True,0.0981246116666674,-1.3276140742528726,0.0,0.0,-0.22175,0.0,0.0,0.0
extension_Na3Hg_mp-1186050,mp-1186050,Na3Hg,extension,metallic,True,True,0.0212153714583358,-0.1304229293750012,0.0,0.0,0.0,0.0,0.0,0.0
extension_Na3In_mp-864758,mp-864758,Na3In,extension,metallic,True,True,0.0403653525000002,-0.0915088524999987,0.0,0.0,0.0,0.0,0.0,0.0
extension_Na3Mg_mp-982637,mp-982637,Na3Mg,extension,metallic,True,True,0.0997337498958574,0.0997337498958574,0.00140297,0.0597771623348956,0.0,0.0013909556,0.00140297,0.0018049748
extension_Na3Si34_mp-1221235,mp-1221235,Na3Si34,extension,metallic,True,True,0.0517897437499996,0.0405419705405396,0.00041577245,0.005153352131879,0.0,0.00035619305,0.00041577245,0.00041577245
extension_NaN3_exp_mp-22003,mp-22003,NaN3,extension,,False,False,0.0017140024999999,-0.1652483190625,0.0,0.0,-0.229151,0.0,0.0,0.0
extension_NaN3_mp-1066400,mp-1066400,NaN3,extension,,False,False,0.0029249474999994,-0.1640373740625005,0.0,0.0,-0.272602,0.0,0.0,0.0
extension_NaN3_mp-22003,mp-22003,NaN3,extension,,False,False,0.0017140024999999,-0.1652483190625,0.0,0.0,-0.229151,0.0,0.0,0.0
extension_NaN3_mp-634410,mp-634410,NaN3,extension,,False,True,0.2695652075000003,0.1026028859375003,0.0,0.0,-0.2659349999999999,0.0,0.0,0.0
extension_NaN3_theo_mp-1065265,mp-1065265,NaN3,extension,,False,True,1.0162235174999994,0.8492611959374994,0.00080383435,0.0215216693440428,0.137382,0.00080383435,0.00080383435,0.00080383435
extension_NaP15_mp-1194653,mp-1194653,NaP15,extension,,False,False,0.0,-0.096047332790178,0.0,0.0,-0.2904,0.0,0.0,0.0
extension_NaP5_mp-31086,mp-31086,NaP5,extension,,False,False,0.0099604150000001,-0.2311929974801584,0.0,0.0,-0.2358799999999998,0.0,0.0,0.0
extension_NaS_exp_mp-409,mp-409,NaS,extension,,False,False,0.0022865549999995,-1.0019840564062494,0.0,0.0,-0.2431799999999997,0.0,0.0,0.0
extension_NaS_theo_mp-1180106,mp-1180106,NaS,extension,,False,True,1.0060650862499996,0.0017944748437495,0.0,0.0,-0.00218,0.0,0.0,0.0
extension_Nb3Ni_mp-999394,mp-999394,Nb3Ni,extension,metallic,True,True,0.2131534637500003,0.1014711649999995,1.15138e-05,0.0001642716507347,0.0,1.15138e-05,1.15138e-05,1.15138e-05
extension_Nb4Rh_mp-1220441,mp-1220441,Nb4Rh,extension,metallic,True,True,0.0801166279999989,-0.1236687819999986,0.0,0.0,0.0,0.0,0.0,0.0
extension_NbCd3_mp-11309,mp-11309,NbCd3,extension,metallic,True,False,0.1448710650000002,0.1448710650000002,0.0,0.0,0.0,0.0,0.0,0.0
extension_NbO_anchor_mp-2692,mp-2692,NbO,extension,,True,False,0.7887604083333315,-1.4989005225000014,8.08507e-05,0.0023021269931662,0.0,8.08507e-05,8.08507e-05,8.08507e-05
extension_NbO_poly_mp-634965,mp-634965,NbO,extension,,True,True,0.8240059083333318,-1.4636550225000011,0.0,0.0,0.0,0.0,0.0,0.0
extension_NbP_anchor_mp-9830,mp-9830,NbP,extension,,True,False,0.6020631175000002,-0.3866001523214279,0.0,0.0,0.0,0.0,0.0,0.0
extension_NbP_poly_mp-1220317,mp-1220317,NbP,extension,,True,True,0.6208620024999991,-0.367801267321429,2.40288e-05,0.0003952755387399,0.0,2.40288e-05,2.40288e-05,2.40288e-05
extension_NbZn16_mp-640041,mp-640041,NbZn16,extension,metallic,True,False,0.0,-0.0462786888235309,0.0,0.0,0.0,0.0,0.0,0.0
extension_Nb_mp-75,mp-75,Nb,extension,,True,False,0.0,0.0,0.0,0.0,0.0,0.0,0.0,0.0
extension_Ni3Mo_mp-11506,mp-11506,Ni3Mo,extension,metallic,True,False,0.0,-0.0524486662499992,0.00064255155,0.0141406591109154,0.0,0.00064255155,0.00064255155,0.00064255155
extension_NiSb3_mp-1106023,mp-1106023,NiSb3,extension,metallic,True,False,0.0156113550000007,-0.1256994862499993,0.0021239132,0.0297967620650954,0.0,0.0019299078,0.0021239132,0.0021239132
extension_Ni_mp-23,mp-23,Ni,extension,,True,False,0.0,0.0,0.0049173865,0.2037028376139187,0.0,0.00175968035,0.0049173865,0.0049173865
extension_O2_mp-1524462,mp-1524462,O2,extension,,False,False,0.0,0.0,0.00431239925,0.2185706664977192,-0.3070639999999999,0.00244981085,0.00431239925,0.0062593254999999
extension_OsC_anchor_mp-7142,mp-7142,OsC,extension,,True,False,0.91608526125,0.91608526125,0.00027860265,0.0067671277629341,0.0,0.00027860265,0.00027860265,0.00027860265
extension_OsC_poly_mp-1009537,mp-1009537,OsC,extension,,True,True,1.4795162512500006,1.4795162512500006,0.0,0.0,0.0,0.0,0.0,0.0
extension_OsC_poly_mp-1009539,mp-1009539,OsC,extension,,True,True,1.3918186662499998,1.3918186662499998,0.0002377965999999,0.0058055810546874,0.0,0.0002377965999999,0.0002377965999999,0.0002377965999999
extension_OsC_poly_mp-999308,mp-999308,OsC,extension,,True,True,0.9277737837499984,0.9277737837499984,0.00100151565,0.0225566587837837,0.0,0.00096947235,0.00100151565,0.00100151565
extension_Os_mp-49,mp-49,Os,extension,,True,False,0.0,0.0,0.0010290308,0.013504341207349,0.0,0.00071563345,0.0010290308,0.0010290308
extension_P4Se5_mp-2447,mp-2447,P4Se5,extension,covalent,False,False,0.009741896444444,-0.0726989163574734,0.0,0.0,-0.2789299999999999,0.0,0.0,0.0
extension_PNO_mp-675742,mp-675742,PNO,extension,covalent,False,True,1.4997472041111104,0.0787531845634919,0.0,0.0,-0.1627999999999998,0.0,0.0,0.0
extension_PW3_mp-1209828,mp-1209828,PW3,extension,,True,True,0.0579996031249976,-0.1241299288690527,0.0,0.0,0.0,0.0,0.0,0.0
extension_P_mp-568348,mp-568348,P,extension,covalent,False,False,0.0,0.0,0.0,0.0,-0.2449400000000001,0.0,0.0,0.0
extension_Pb2Au_mp-22795,mp-22795,Pb2Au,extension,metallic,True,False,0.0,-0.0892133133333364,0.0,0.0,0.0,0.0,0.0,0.0
extension_PbAu3_mp-982246,mp-982246,PbAu3,extension,metallic,True,True,0.081645635000001,0.0289006534375033,0.0001136382999999,0.0021980328820116,0.0,0.0001136382999999,0.0001136382999999,0.0001136382999999
extension_PbN6_mp-620058,mp-620058,PbN6,extension,covalent,False,False,0.1096255538095221,0.1096255538095187,0.0,0.0,-0.3231300000000001,0.0,0.0,0.0
extension_PbN6_mp-667338,mp-667338,PbN6,extension,covalent,False,False,0.1093108311904735,0.1093108311904713,0.0,0.0,-0.2715800000000001,0.0,0.0,0.0
extension_Pb_mp-20483,mp-20483,Pb,extension,,True,False,0.0,0.0,0.0,0.0,0.0,0.0,0.0,0.0
extension_Pd_mp-2,mp-2,Pd,extension,,True,False,0.0,0.0,0.0042931601,0.0876691872575046,0.0,0.00365082935,0.0042931601,0.0042931601
extension_Pt_mp-126,mp-126,Pt,extension,,True,False,0.0,0.0,0.00548460555,0.0818842273813078,0.0,0.00444631,0.00548460555,0.00548460555
extension_Rb2O_exp_mp-1394,mp-1394,Rb2O,extension,ionic,False,False,0.0031695866666665,-1.1299987866666663,0.0,0.0,-0.2834099999999999,0.0,0.0,0.0
extension_Rb2O_theo_mp-2023482,mp-2023482,Rb2O,extension,ionic,False,True,0.0478534288888869,-1.0192492748611115,0.0,0.0,-0.283984,0.0,0.0,0.0
extension_Rb3In_mp-974948,mp-974948,Rb3In,extension,metallic,True,True,0.1663419189204544,0.1090734077083337,0.0,0.0,0.0,0.0,0.0,0.0
extension_Rb3Li_mp-974938,mp-974938,Rb3Li,extension,metallic,True,True,0.1451489935416667,0.1451489935416667,0.0,0.0,0.0,0.0,0.0,0.0
extension_Rb3P11_mp-1173444,mp-1173444,Rb3P11,extension,,True,True,0.2738384557142836,-0.0435105366836729,0.00015469185,0.002670323666494,0.0,0.00015469185,0.00015469185,0.00015469185
extension_Rb3P_mp-974822,mp-974822,Rb3P,extension,,False,True,0.1185726052083335,-0.0611259942857138,0.0,0.0,-0.2255100000000001,0.0,0.0,0.0
extension_RbCl_exp_mp-23299,mp-23299,RbCl,extension,ionic,False,False,0.0297740400000012,-2.2150984737499986,0.0,0.0,-0.2907309999999999,0.0,0.0,0.0
extension_RbF_exp_mp-2064,mp-2064,RbF,extension,ionic,False,False,0.051583325000001,-2.8214060062499984,3.879860000000002e-05,0.0036158993476234,-0.21554,0.0,3.879860000000002e-05,4.055070000000002e-05
extension_RbF_theo_mp-11718,mp-11718,RbF,extension,ionic,False,True,0.0,-2.8729893312499994,0.0,0.0,-0.2555999999999998,0.0,0.0,0.0
extension_RbN3_exp_mp-581833,mp-581833,RbN3,extension,,False,False,0.0193360262500004,-0.3916182831250001,0.0,0.0,-0.2845884999999999,0.0,0.0,0.0
extension_RbN3_theo_mp-1219567,mp-1219567,RbN3,extension,,False,True,0.79660387875,0.3856495693749995,0.0,0.0,-0.3041859999999999,0.0,0.0,0.0
extension_RbP15_mp-1209298,mp-1209298,RbP15,extension,,False,True,0.0,-0.1010248766964272,0.0,0.0,-0.2208199999999998,0.0,0.0,0.0
extension_RbP_exp_mp-1179688,mp-1179688,RbP,extension,,True,False,0.9878872979166672,0.6284900989285722,0.0025583985,0.0466690715067493,0.0,0.0025583985,0.0025583985,0.0025583985
extension_RbP_theo_mp-1058499,mp-1058499,RbP,extension,,True,True,0.9881531929166671,0.6287559939285723,0.00181921575,0.0323934428418803,0.0,0.00181921575,0.00181921575,0.00181921575
extension_RbS_exp_mp-558071,mp-558071,RbS,extension,,False,False,0.0018650299999998,-1.1575999733333306,9.861895000000004e-05,0.0018838385864374,-0.2936539999999999,2.3528200000000047e-05,9.861895000000004e-05,9.861895000000004e-05
extension_RbS_theo_mp-1179684,mp-1179684,RbS,extension,,False,True,0.9974513208333312,-0.1620136824999991,0.00112813465,0.0092040030186832,0.0093800000000001,0.00112813465,0.00112813465,0.00112813465
extension_Rb_mp-70,mp-70,Rb,extension,,True,False,0.0092124725,0.0092124725,0.0014578254,0.0377088825659596,0.0,0.0014578254,0.0014578254,0.0014578254
extension_Re2Si_mp-669547,mp-669547,Re2Si,extension,metallic,True,False,0.3323728517857134,0.1351910124999994,4.355275e-05,0.0006226268763402,0.0,4.355275e-05,4.355275e-05,4.355275e-05
extension_Re3N5_mp-1080194,mp-1080194,Re3N5,extension,,True,True,0.1538086874999997,0.1093222767187533,1.17641e-05,0.0001476047678795,0.0,1.17641e-05,1.17641e-05,1.17641e-05
extension_Re3Pd_mp-862586,mp-862586,Re3Pd,extension,metallic,True,True,0.0,-0.0574469531249945,8.735895e-05,0.0010674358504398,0.0,8.735895e-05,8.735895e-05,8.735895e-05
extension_Re5Si3_mp-1105959,mp-1105959,Re5Si3,extension,metallic,True,False,0.1583016488839259,-0.0635279203125023,0.000122653,0.00181842846553,0.0,0.000122653,0.000122653,0.000122653
extension_ReC_anchor_mp-1079494,mp-1079494,ReC,extension,,True,False,0.636191904375,0.5961835281250032,0.0001061321,0.0021686166734777,0.0,0.0001061321,0.0001061321,0.0001061321
extension_ReC_poly_mp-1009731,mp-1009731,ReC,extension,,True,True,1.1149929443750004,1.0749845681250036,1.20144e-05,0.0002691397849462,0.0,1.20144e-05,1.20144e-05,1.20144e-05
extension_Re_mp-8,mp-8,Re,extension,,True,False,0.0035870224999996,0.0035870224999996,0.0002593279999999,0.0030000925497454,0.0,0.0002593279999999,0.0002593279999999,0.0002593279999999
extension_Rh_mp-74,mp-74,Rh,extension,,True,False,0.0,0.0,0.0053026288,0.0923963896149155,0.0,0.0037859244,0.0053026288,0.0055767073
extension_RuC_anchor_mp-10030,mp-10030,RuC,extension,,True,False,0.6494276712500024,0.6494276712500024,0.00030989065,0.0078294757453259,0.0,0.00030989065,0.00030989065,0.00030989065
extension_RuC_poly_mp-1009787,mp-1009787,RuC,extension,,True,True,0.9096720512499984,0.9096720512499984,0.0002703317,0.0067146472925981,0.0,0.0002703317,0.0002703317,0.0002703317
extension_RuRh3_mp-974335,mp-974335,RuRh3,extension,metallic,True,True,0.0347198320833364,0.0343501037500004,0.0018325486,0.0325554912062533,0.0,0.00167384915,0.0018325486,0.0018325486
extension_Ru_mp-33,mp-33,Ru,extension,,True,False,0.0,0.0,0.0015261635,0.0211321448352257,0.0,0.00140399935,0.0015261635,0.0015261635
extension_SN_anchor_mp-236,mp-236,SN,extension,covalent,False,False,0.5086555859375004,0.5086555859375004,0.0,0.0,-0.223088,0.0,0.0,0.0
extension_SN_poly_mp-1078816,mp-1078816,SN,extension,,True,True,0.8090262296875004,0.8090262296875004,2.57809e-05,0.0005859295454545,0.0,2.57809e-05,2.57809e-05,2.57809e-05
extension_SN_poly_mp-1173453,mp-1173453,SN,extension,,True,True,0.7225484081597227,0.7225484081597229,0.0,0.0,0.0,0.0,0.0,0.0
extension_SN_poly_mp-684642,mp-684642,SN,extension,,True,True,0.5498053901041668,0.5498053901041671,0.00021301825,0.0037964400285154,0.0,0.00021301825,0.00021301825,0.00021301825
extension_S_mp-77,mp-77,S,extension,covalent,False,False,0.0,0.0,0.0,0.0,-0.2814000000000001,0.0,0.0,0.0
extension_Sb2S5_mp-1359089,mp-1359089,Sb2S5,extension,,True,True,0.0801219044642849,-0.1250516849553581,0.0009216646499999,0.009724252479426,0.0,0.0009216646499999,0.0009216646499999,0.0009216646499999
extension_Sb_mp-104,mp-104,Sb,extension,,True,False,0.0,0.0,0.0004690963499999,0.0062991318651806,0.0,0.0003163975,0.0004690963499999,0.0004690963499999
extension_ScOs3_mp-981384,mp-981384,ScOs3,extension,metallic,True,True,0.384095409375,0.0990333162500007,0.00066809475,0.0105778142811906,0.0,0.00066809475,0.00066809475,0.00066809475
extension_Sc_mp-67,mp-67,Sc,extension,,True,False,0.0,0.0,0.0,0.0,0.0,0.0,0.0,0.0
extension_Se_mp-14,mp-14,Se,extension,covalent,False,False,0.0010810776041676,0.001081077604167,0.0,0.0,-0.2732699999999997,0.0,0.0,0.0
extension_Si3H_mp-995193,mp-995193,Si3H,extension,covalent,False,True,0.0314724854687495,0.0289045415625004,0.0,0.0,-0.21598,0.0,0.0,0.0
extension_Si3Pt_mp-972763,mp-972763,Si3Pt,extension,metallic,True,True,0.2618652343750014,-0.0866415774999964,0.0,0.0,0.0,0.0,0.0,0.0
extension_Si3W5_mp-31219,mp-31219,Si3W5,extension,metallic,True,False,0.0250654600000004,-0.1436224025000001,4.2551e-06,4.883622173763342e-05,0.0,4.2551e-06,4.2551e-06,4.2551e-06
extension_SiH2_mp-1192532,mp-1192532,SiH2,extension,covalent,False,False,0.0443419594999996,0.0374941090833327,0.0,0.0,-0.25017,0.0,0.0,0.0
extension_SiO2_anchor_mp-9258,mp-9258,SiO2,extension,covalent,False,False,0.5770440263888901,-2.6957873175,0.0,0.0,-0.2815899999999995,0.0,0.0,0.0
extension_SiO2_poly_mp-10064,mp-10064,SiO2,extension,covalent,False,True,1.27794353388889,-1.9948878100000005,0.0,0.0,-0.2692600000000009,0.0,0.0,0.0
extension_SiO2_poly_mp-556044,mp-556044,SiO2,extension,,True,True,1.4573660394444454,-1.8154653044444444,0.0,0.0,0.0,0.0,0.0,0.0
extension_SiO2_poly_mp-638049,mp-638049,SiO2,extension,,True,True,1.7447606447222237,-1.5280706991666666,0.0,0.0,0.0,0.0,0.0,0.0
extension_SiTc3_mp-972784,mp-972784,SiTc3,extension,metallic,True,True,0.1528513418749995,-0.1073577218749974,0.0001424288,0.0019556336674447,0.0,0.0001424288,0.0001424288,0.0001424288
extension_SiTe2_mp-2755,mp-2755,SiTe2,extension,,True,False,0.0482593716666635,0.0482593716666646,0.00116944655,0.0130054109208185,0.0,0.00116944655,0.00116944655,0.00116944655
extension_Sn3S_mp-1187038,mp-1187038,Sn3S,extension,,True,True,0.3167847331250009,0.0807441755468758,1.0012e-06,1.5227376425855511e-05,0.0,1.0012e-06,1.0012e-06,1.0012e-06
extension_Sn3Se_mp-1187055,mp-1187055,Sn3Se,extension,,True,True,0.2596551493749999,0.0328819952343764,0.00017447265,0.0026604551692589,0.0,0.00017447265,0.00017447265,0.00017447265
extension_SnP_mp-475,mp-475,SnP,extension,,True,False,0.0407851024999992,0.0362221410119047,0.00039448415,0.005849409104389,0.0,0.00039448415,0.00039448415,0.00039448415
extension_SnPb3_mp-1187118,mp-1187118,SnPb3,extension,metallic,True,True,0.0892519800000002,0.0892519800000002,0.0,0.0,0.0,0.0,0.0,0.0
extension_Sn_mp-623511,mp-623511,Sn,extension,,True,False,0.0614070049999995,0.0614070049999995,4.33019e-05,0.0005786703193906,0.0,4.33019e-05,4.33019e-05,4.33019e-05
extension_Snalpha_mp-117,mp-117,Sn,extension,,True,False,0.0,0.0,3.40408e-05,0.0003680484376689,0.0,3.40408e-05,3.40408e-05,3.40408e-05
extension_Sr3N2_mp-1013529,mp-1013529,Sr3N2,extension,,True,True,0.5582295490000018,-0.1124812825000006,0.0,0.0,0.0,0.0,0.0,0.0
extension_Sr3P4_exp_mp-14288,mp-14288,Sr3P4,extension,,False,False,0.0,-1.1078930374149658,0.0,0.0,-0.3025700000000002,0.0,0.0,0.0
extension_Sr3P4_theo_mp-682953,mp-682953,Sr3P4,extension,,False,True,0.0081151678571433,-1.0997778695578222,0.0,0.0,-0.3305500000000001,0.0,0.0,0.0
extension_SrB2_mp-1008755,mp-1008755,SrB2,extension,,True,True,0.5325422407407405,0.1288652857407406,2.05246e-05,0.0007335453895639,0.0,2.05246e-05,2.05246e-05,2.05246e-05
extension_SrF2_exp_mp-1102240,mp-1102240,SrF2,extension,ionic,False,False,0.0645727883333329,-4.164941925,0.0,0.0,-0.2492100000000001,0.0,0.0,0.0
extension_SrF2_theo_mp-1102911,mp-1102911,SrF2,extension,ionic,False,True,0.0266591666666657,-4.202855546666667,0.0,0.0,-0.320028,0.0,0.0,0.0
extension_SrN6_mp-2131,mp-2131,SrN6,extension,,False,False,0.0091742992857142,-0.2579300017857154,0.0,0.0,-0.29955,0.0,0.0,0.0
extension_SrN_exp_mp-1058586,mp-1058586,SrN,extension,,True,False,0.4343258274999986,-0.2345016418750027,0.0029874661,0.0849194457077885,0.0,0.0029333959,0.0029874661,0.0029874661
extension_SrO10_mp-1208655,mp-1208655,SrO10,extension,,True,True,0.6930220472727271,0.0918004654545457,5.006e-07,1.8091796169136248e-05,0.0,5.006e-07,5.006e-07,5.006e-07
extension_SrO2_exp_mp-726705,mp-726705,SrO2,extension,ionic,False,False,0.0096023608333313,-2.1948767725,0.0,0.0,-0.21994,0.0,0.0,0.0
extension_SrO2_theo_mp-2763179,mp-2763179,SrO2,extension,ionic,False,True,0.0110303724999996,-2.193448760833332,0.0,0.0,-0.21441,0.0,0.0,0.0
extension_SrS_exp_mp-10627,mp-10627,SrS,extension,,False,False,0.2996298049999986,-2.125360496406252,0.0,0.0,-0.2969900000000001,0.0,0.0,4.205205e-05
extension_Sr_mp-139,mp-139,Sr,extension,,True,False,0.0,0.0,0.00509764205,5.365939,0.0,0.00172385185,0.00509764205,0.0059258968
extension_TaBe12_mp-567842,mp-567842,TaBe12,extension,metallic,True,False,0.0,-0.1386066982564108,0.0,0.0,0.0,0.0,0.0,0.0
extension_TaN_anchor_mp-1497,mp-1497,TaN,extension,,True,False,0.4515790083333364,-0.9071271397083316,0.0,0.0,0.0,0.0,0.0,0.0
extension_TaN_poly_mp-1009831,mp-1009831,TaN,extension,,True,True,0.8162796533333321,-0.5424264947083373,1.051295e-05,0.0002073151252218,0.0,1.051295e-05,1.051295e-05,1.051295e-05
extension_TaN_poly_mp-1009833,mp-1009833,TaN,extension,,True,True,0.4916975933333347,-0.8670085547083346,2.7533e-05,0.0006307674684994,0.0,2.7533e-05,2.7533e-05,2.7533e-05
extension_Ta_mp-50,mp-50,Ta,extension,,True,False,0.0091499126666647,0.0091499126666647,0.0,0.0,0.0,0.0,0.0,0.0
extension_Tc3Mo_mp-1187395,mp-1187395,Tc3Mo,extension,metallic,True,True,0.1169424187499998,0.1169424187499998,0.00010788205,0.0014198743090286,0.0,0.00010788205,0.00010788205,0.00010788205
extension_Tc3Os_mp-862779,mp-862779,Tc3Os,extension,metallic,True,True,0.0,-0.0684459837500028,0.00041902225,0.0052104234021387,0.0,0.00041902225,0.00041902225,0.00041902225
extension_Tc3W_mp-1187398,mp-1187398,Tc3W,extension,metallic,True,True,0.1072392750000048,0.1072392750000048,0.0,0.0,0.0,0.0,0.0,0.0
extension_Tc_mp-113,mp-113,Tc,extension,,True,False,0.0,0.0,4.9561e-05,0.0005874940730203,0.0,4.9561e-05,4.9561e-05,4.9561e-05
extension_Te2Pd7_mp-1217443,mp-1217443,Te2Pd7,extension,,True,True,0.1144196097729981,-0.1310569760513755,0.000916643,0.0145038449367088,0.0,0.00090112145,0.000916643,0.000916643
extension_Te_mp-19,mp-19,Te,extension,covalent,False,False,0.0,0.0,0.0008250412,0.0127360481630132,-0.2421200000000007,0.0004906295999999,0.0008250412,0.0008250412
extension_Ti2Cu_mp-742,mp-742,Ti2Cu,extension,metallic,True,False,0.0,-0.1130332044444462,0.0,0.0,0.0,0.0,0.0,0.0
extension_Ti3Nb_mp-1217091,mp-1217091,Ti3Nb,extension,metallic,True,True,0.0667913925000007,0.0667913925000007,0.0,0.0,0.0,0.0,0.0,0.0
extension_TiMo2_mp-1216675,mp-1216675,TiMo2,extension,metallic,True,True,0.0613371003703662,-0.058206392222227,0.0,0.0,0.0,0.0,0.0,0.0
extension_TiO2II_mp-1439,mp-1439,TiO2,extension,,False,False,0.0045236008333322,-3.5035318511111115,0.0,0.0,-0.2192199999999999,0.0,0.0,0.0
extension_TiO2OII_mp-9173,mp-9173,TiO2,extension,,False,False,0.0574997900000013,-3.4505556619444437,0.0,0.0,-0.3201100000000001,0.0,0.0,0.0
extension_TiO2baddeleyite_mp-430,mp-430,TiO2,extension,,False,False,0.0394835008333345,-3.46857195111111,0.0,0.0,-0.2945700000000002,0.0,0.0,0.0
extension_Ti_mp-46,mp-46,Ti,extension,,True,False,0.0151696033333319,0.0151696033333319,0.0,0.0,0.0,0.0,0.0,0.0
extension_Tl3Au_mp-1080569,mp-1080569,Tl3Au,extension,metallic,True,True,0.0694047941666653,0.0350719166666593,0.0,0.0,0.0,0.0,0.0,0.0
extension_TlAs_mp-1007770,mp-1007770,TlAs,extension,,True,True,0.116687025833329,0.116687025833329,2.05246e-05,0.0002328372093023,0.0,2.05246e-05,2.05246e-05,2.05246e-05
extension_TlAu3_mp-1187508,mp-1187508,TlAu3,extension,metallic,True,True,0.1230277549999954,0.1058613162499924,0.0,0.0,0.0,0.0,0.0,0.0
extension_TlC_anchor_mp-567465,mp-567465,TlC,extension,,True,False,2.10802690958333,2.10802690958333,5.15662e-05,0.0010342198154833,0.0,5.15662e-05,5.15662e-05,5.15662e-05
extension_TlC_poly_mp-1058887,mp-1058887,TlC,extension,,True,True,2.375719474583331,2.375719474583331,1.90228e-05,0.000348211605345,0.0,1.90228e-05,1.90228e-05,1.90228e-05
extension_TlN_anchor_mp-1017982,mp-1017982,TlN,extension,,True,False,0.7334453533333338,0.7334453533333338,0.0,0.0,0.0,0.0,0.0,0.0
extension_TlN_poly_mp-1002222,mp-1002222,TlN,extension,,True,True,0.9711865358333328,0.9711865358333328,0.0,0.0,0.0,0.0,0.0,0.0
extension_TlN_poly_mp-1007778,mp-1007778,TlN,extension,,True,True,0.733738815833334,0.733738815833334,0.0,0.0,0.0,0.0,0.0,0.0
extension_Tl_mp-82,mp-82,Tl,extension,,True,False,0.0,0.0,0.0,0.0,0.0,0.0,0.0,0.0
extension_V_mp-146,mp-146,V,extension,,True,False,0.0,0.0,0.0,0.0,0.0,0.0,0.0,0.0
extension_W9C4_mp-684989,mp-684989,W9C4,extension,,True,True,0.0719347738461522,-0.022551838461534,0.0,0.0,0.0,0.0,0.0,0.0
extension_WBr5_mp-1436789,mp-1436789,WBr5,extension,,True,True,0.9777983063888892,0.0539902491666666,0.0007018686,0.0061021439749608,0.0,0.0007018686,0.0007018686,0.0007018686
extension_WC_anchor_mp-13136,mp-13136,WC,extension,,True,False,0.4476605100000022,0.2941197650000013,4.93114e-05,0.0009493916056988,0.0,4.93114e-05,4.93114e-05,4.93114e-05
extension_WC_poly_mp-1008630,mp-1008630,WC,extension,,True,True,0.8989987500000005,0.7454580049999997,5.557024999999999e-05,0.001023770265291,0.0,5.557024999999999e-05,5.557024999999999e-05,5.557024999999999e-05
extension_WC_poly_mp-1008635,mp-1008635,WC,extension,,True,True,0.6728768300000034,0.5193360850000026,0.0,0.0,0.0,0.0,0.0,0.0
extension_W_mp-91,mp-91,W,extension,,True,False,0.0,0.0,6.5079000000000025e-06,5.593862815884479e-05,0.0,6.5079000000000025e-06,6.5079000000000025e-06,6.5079000000000025e-06
extension_Y3Co_mp-1105598,mp-1105598,Y3Co,extension,metallic,True,False,0.0,-0.1059645725000004,0.0,0.0,0.0,0.0,0.0,0.0
extension_Y_mp-112,mp-112,Y,extension,,True,False,0.0,0.0,0.0,0.0,0.0,0.0,0.0,0.0
extension_Zn13Rh_mp-13447,mp-13447,Zn13Rh,extension,metallic,True,False,0.0,-0.1349443253571434,0.0,0.0,0.0,0.0,0.0,0.0
extension_Zn2Ag_mp-1093999,mp-1093999,Zn2Ag,extension,metallic,True,True,0.0,-0.0264810816666691,0.0,0.0,0.0,0.0,0.0,0.0
extension_Zn3Au_mp-1188000,mp-1188000,Zn3Au,extension,metallic,True,True,0.0274012571875026,-0.1494535574999993,0.0,0.0,0.0,0.0,0.0,0.0
extension_Zn3N2_mp-1524551,mp-1524551,Zn3N2,extension,,True,True,0.0141351249999992,-0.0287876780000004,0.0,0.0,0.0,0.0,0.0,0.0
extension_Zn3N2_mp-9460,mp-9460,Zn3N2,extension,,True,False,0.0,-0.0429228030000004,1.0011999999999998e-06,2.7772538141470172e-05,0.0,1.0011999999999998e-06,1.0011999999999998e-06,1.0011999999999998e-06
extension_Zn7Tc_mp-1206378,mp-1206378,Zn7Tc,extension,metallic,True,True,0.0825775456249982,-0.0520439056250019,4.355565e-05,0.0008838403003246,0.0,4.355565e-05,4.355565e-05,4.355565e-05
extension_Zn_mp-79,mp-79,Zn,extension,,True,False,0.0,0.0,0.0,0.0,0.0,0.0,0.0,0.0
extension_Zr3Fe_mp-31205,mp-31205,Zr3Fe,extension,metallic,True,False,0.0,-0.1094675950000017,0.0,0.0,0.0,0.0,0.0,0.0
extension_ZrHg3_mp-1608,mp-1608,ZrHg3,extension,metallic,True,False,0.021713066249994,-0.0616537193750077,0.0,0.0,0.0,0.0,0.0,0.0
extension_Zr_mp-131,mp-131,Zr,extension,,True,False,0.0,0.0,0.0,0.0,0.0,0.0,0.0,0.0
gasref_ZnSn_NiAs,,ZnSn,extension,metallic,True,True,,,0.0,0.0,0.0,0.0,0.0,0.0
hull_covalent_Si_mp-149,,Si,hull,covalent,False,,0.0,,0.0,0.0,-0.2590699999999994,0.0,0.0,0.0
hull_ionic_NaCl_mp-22862,,NaCl,hull,ionic,False,,0.0,,0.0,0.0,-0.3829129999999999,0.0,0.0,0.0
hull_metallic_AlNi_mp-1487,,AlNi,hull,metallic,True,,0.0,,0.0001186504,0.0022756118143459,0.0,0.0001186504,0.0001186504,0.0001186504
metastable_covalent_C_rhombohedral_mp-169,,C,metastable,covalent,False,,0.0007906250000004,,0.0,0.0,-0.3608899999999995,0.0,0.0,0.0
metastable_ionic_LiBr_mp-23259,,LiBr,metastable,ionic,False,,0.0098957125000005,,0.0,0.0,-0.4764499999999999,0.0,0.0,0.0
metastable_metallic_BeCu_mp-2323,,BeCu,metastable,metallic,True,,0.0050363425000004,,0.0,0.0,0.0,0.0,0.0,0.0
theo_metastable_Al4Si_mp-1228120,mp-1228120,Al4Si,theo_metastable,metallic,True,True,0.1149143039999991,0.1149143039999998,0.0003719781,0.003009531553398,0.0,0.0003719781,0.0003719781,0.0003719781
theo_metastable_AlSb_mp-1023918,mp-1023918,AlSb,theo_metastable,metallic,True,True,0.1877947075000001,-0.0651807775000001,0.0,0.0,0.0,0.0,0.0,0.0
theo_metastable_B3Ir2_mp-1228647,mp-1228647,B3Ir2,theo_metastable,,True,True,0.0608532261666674,-0.1111847268333321,5.206615e-05,0.0010952071939419,0.0,5.206615e-05,5.206615e-05,5.206615e-05
theo_metastable_B6Pb_mp-1096825,mp-1096825,B6Pb,theo_metastable,covalent,False,True,0.115100015000003,0.115100015000004,0.0,0.0,-0.2954099999999995,0.0,0.0,0.0
theo_metastable_BPd5_mp-1228665,mp-1228665,BPd5,theo_metastable,,True,True,0.1324951308333304,-0.0882113820833344,0.0012766049999999,0.0180745433951578,0.0,0.0010493299999999,0.0012766049999999,0.0012766049999999
theo_metastable_BeAu3_mp-983539,mp-983539,BeAu3,theo_metastable,metallic,True,True,0.1818313400000017,0.0800051237500003,0.00013116225,0.003015224137931,0.0,0.0001081343,0.00013116225,0.00013116225
theo_metastable_BeCl2_mp-1190080,mp-1190080,BeCl2,theo_metastable,ionic,False,True,0.0187044330555554,-1.8274701494444443,0.0,0.0,-0.2587099999999998,0.0,0.0,0.0
theo_metastable_CaGe2_mp-643542,mp-643542,CaGe2,theo_metastable,metallic,True,True,0.0978748566666674,-0.4575655433333357,0.0001917417,0.0037685082547169,0.0,0.0001917417,0.0001917417,0.0001917417
theo_metastable_CoSe2_mp-1390196,mp-1390196,CoSe2,theo_metastable,,True,True,0.0734303275000005,-0.2722482618749993,0.00054743085,0.0079245925014475,0.0,0.00054743085,0.00054743085,0.00054743085
theo_metastable_Cr2C_mp-1226378,mp-1226378,Cr2C,theo_metastable,,True,True,0.0625401370833369,-0.0360453816666653,0.0,0.0,0.0,0.0,0.0,0.0
theo_metastable_CrMo_mp-1226200,mp-1226200,CrMo,theo_metastable,metallic,True,True,0.1163164600000001,0.1163164600000001,0.0002302889,0.0026394143266475,0.0,0.0002302889,0.0002302889,0.0002302889
theo_metastable_Ga2Se3_mp-1224809,mp-1224809,Ga2Se3,theo_metastable,covalent,False,True,0.006252534999998,-0.6946149294375005,0.0,0.0,-0.2709599999999996,0.0,0.0,0.0
theo_metastable_GeS_mp-12910,mp-12910,GeS,theo_metastable,covalent,False,True,0.0761541225000002,-0.4250328362499997,0.0,0.0,-0.2302600000000003,0.0,0.0,0.0
theo_metastable_HCl_mp-684609,mp-684609,HCl,theo_metastable,,False,True,0.0535667225000002,-0.7609282406249998,2.2527e-06,0.0001046793680297,-0.2652599999999996,1.2514999999999998e-06,2.2527e-06,2.7534000000000006e-06
theo_metastable_HfMo_mp-1224314,mp-1224314,HfMo,theo_metastable,metallic,True,True,0.1990928474999975,0.0690783037499898,0.0,0.0,0.0,0.0,0.0,0.0
theo_metastable_IN2_mp-1097011,mp-1097011,IN2,theo_metastable,,True,True,0.0729906458333324,-0.0824328016666674,0.0019599694999999,0.0274813446438586,0.0,0.0003033757999999,0.0019599694999999,0.002363489
theo_metastable_InSe2_mp-1232036,mp-1232036,InSe2,theo_metastable,,True,True,0.1732620276649292,-0.3989775288107656,0.0002528149,0.003760447716793,0.0,0.0002528149,0.0002528149,0.0002528149
theo_metastable_IrCl3_mp-729507,mp-729507,IrCl3,theo_metastable,,False,True,0.0300886306249994,-0.9297515512499994,0.0,0.0,-0.2159199999999996,0.0,0.0,0.0
theo_metastable_K5As4_mp-684799,mp-684799,K5As4,theo_metastable,,True,True,0.0564372322222226,-0.3641723795833336,0.00113790845,0.0188582772621809,0.0,0.0011196329,0.00113790845,0.00113790845
theo_metastable_KSn3_mp-1185151,mp-1185151,KSn3,theo_metastable,metallic,True,True,0.0572991608705346,-0.1233039555624992,0.0002788501,0.0027497298096834,0.0,0.0002788501,0.0002788501,0.0002788501
theo_metastable_Li3Ag_mp-976408,mp-976408,Li3Ag,theo_metastable,metallic,True,True,0.0013151149999997,-0.1210302612499996,0.0,0.0,0.0,0.0,0.0,0.0
theo_metastable_LiTl3_mp-1185253,mp-1185253,LiTl3,theo_metastable,metallic,True,True,0.0466699474999998,-0.0811299341666682,0.0,0.0,0.0,0.0,0.0,0.0
theo_metastable_Mg15B_mp-1023515,mp-1023515,Mg15B,theo_metastable,,True,True,0.1943297190624999,0.1778386571874994,0.0014004919,0.590924852320675,0.0,0.0005276529,0.0014004919,0.0028615598499999
theo_metastable_MgF2_mp-560236,mp-560236,MgF2,theo_metastable,ionic,False,True,0.1076388033333337,-3.709645951666666,0.0,0.0,-0.2485999999999997,0.0,0.0,0.0
theo_metastable_MgSn_mp-1094669,mp-1094669,MgSn,theo_metastable,metallic,True,True,0.0559883787500004,-0.0693357049999985,0.00170515325,0.0334409344969601,0.0,0.0007406566999999,0.00170515325,0.00211217295
theo_metastable_MgSn_mp-1094801,mp-1094801,MgSn,theo_metastable,metallic,True,True,0.0211821487499994,-0.1041419349999994,0.0011201394999999,0.0281018439538384,0.0,0.00039625455,0.0011201394999999,0.0011211406999999
theo_metastable_MnN_mp-1009130,mp-1009130,MnN,theo_metastable,covalent,False,True,0.0150859678124994,-0.3115266166163799,0.0002137898999999,0.0062438639018691,0.10501,0.0002137898999999,0.0002137898999999,0.0002137898999999
theo_metastable_Na2Cl_mp-990084,mp-990084,Na2Cl,theo_metastable,,True,True,0.1105395928735633,-1.2894729642528735,0.0,0.0,0.0,0.0,0.0,0.0
theo_metastable_Na3Cl_mp-1064484,mp-1064484,Na3Cl,theo_metastable,,True,True,0.145649899310345,-0.904359518534483,0.000431037,0.0248723023658395,0.0,0.0004310369999999,0.000431037,0.000431037
theo_metastable_NbRh2_mp-1220414,mp-1220414,NbRh2,theo_metastable,metallic,True,True,0.1042693575000033,-0.3684125783333331,0.00015919795,0.0023156065454545,0.0,0.00015919795,0.00015919795,0.00015919795
theo_metastable_NbS2_mp-774873,mp-774873,NbS2,theo_metastable,,True,True,0.0576199866666682,-1.2909205533333303,0.0,0.0,0.0,0.0,0.0,0.0
theo_metastable_PtCl2_mp-1219748,mp-1219748,PtCl2,theo_metastable,,False,True,0.049022931666665,-0.7323549772222252,0.0,0.0,-0.2577400000000001,0.0,0.0,0.0
theo_metastable_Sc2O3_mp-755313,mp-755313,Sc2O3,theo_metastable,,False,True,0.0363928947499996,-3.932339746,0.0,0.0,-0.3683099999999997,0.0,0.0,0.0
theo_metastable_ScTc3_mp-867262,mp-867262,ScTc3,theo_metastable,metallic,True,True,0.115368938125,-0.1134067375,7.0084e-05,0.0009578242449091,0.0,7.0084e-05,7.0084e-05,7.0084e-05
theo_metastable_SiAu3_mp-1186998,mp-1186998,SiAu3,theo_metastable,metallic,True,True,0.1642918674999975,0.1642918674999975,0.0,0.0,0.0,0.0,0.0,0.0
theo_metastable_Sn7Pd5_mp-1219006,mp-1219006,Sn7Pd5,theo_metastable,metallic,True,True,0.0413911762500056,-0.3768064549999981,3.1038200000000004e-05,0.0003663621340887,0.0,3.1038200000000004e-05,3.1038200000000004e-05,3.1038200000000004e-05
theo_metastable_SnBr2_mp-978985,mp-978985,SnBr2,theo_metastable,covalent,False,True,0.0404653999999999,-1.1328811783333317,0.0,0.0,-0.28206,0.0,0.0,0.0
theo_metastable_Sr3As4_mp-678007,mp-678007,Sr3As4,theo_metastable,,False,True,0.0062475478571428,-1.126214365714286,0.0,0.0,-0.3276799999999999,0.0,0.0,0.0
theo_metastable_Sr3Sn_mp-1187136,mp-1187136,Sr3Sn,theo_metastable,metallic,True,True,0.1111230458333345,-0.4344768354166675,0.00099223745,0.0367904134223211,0.0,0.0009496822,0.00099223745,0.0010227771
theo_metastable_SrTl3_mp-1206636,mp-1206636,SrTl3,theo_metastable,metallic,True,True,0.0294048162500004,-0.2944864125000066,5.857105e-05,0.0006526749498551,0.0,5.857105e-05,5.857105e-05,5.857105e-05
theo_metastable_Ta4C3_mp-1218000,mp-1218000,Ta4C3,theo_metastable,,True,True,0.0335005142857127,-0.6343579470476186,0.0,0.0,0.0,0.0,0.0,0.0
theo_metastable_TaP_mp-1187244,mp-1187244,TaP,theo_metastable,,True,True,0.0032522499999991,-0.9923128176547636,0.0,0.0,0.0,0.0,0.0,0.0
theo_metastable_TaRe_mp-1217894,mp-1217894,TaRe,theo_metastable,metallic,True,True,0.1113322329166734,-0.2499425399166597,2.2527000000000003e-05,0.0002670657972732,0.0,2.2527000000000003e-05,2.2527000000000003e-05,2.2527000000000003e-05
theo_metastable_TcW_mp-1217337,mp-1217337,TcW,theo_metastable,metallic,True,True,0.1056494374999985,0.1056494374999985,1.70204e-05,0.0001686356881006,0.0,1.70204e-05,1.70204e-05,1.70204e-05
theo_metastable_TiMo2_mp-1216675,mp-1216675,TiMo2,theo_metastable,metallic,True,True,0.0613371003703662,-0.058206392222227,0.0,0.0,0.0,0.0,0.0,0.0
theo_metastable_TiNi_mp-1067248,mp-1067248,TiNi,theo_metastable,metallic,True,True,0.0020067824999996,-0.3938482441666666,0.0,0.0,0.0,0.0,0.0,0.0
theo_metastable_TiSi2_mp-570991,mp-570991,TiSi2,theo_metastable,metallic,True,True,0.1796053866666653,-0.3584303788888903,0.0,0.0,0.0,0.0,0.0,0.0
theo_metastable_TiW_mp-1216621,mp-1216621,TiW,theo_metastable,metallic,True,True,0.0225473416666659,0.0225473416666659,0.0,0.0,0.0,0.0,0.0,0.0
theo_metastable_Tl3Ga_mp-1187539,mp-1187539,Tl3Ga,theo_metastable,metallic,True,True,0.0972463656250042,0.0972463656250042,0.0,0.0,0.0,0.0,0.0,0.0
theo_metastable_Tl4Sn_mp-1216560,mp-1216560,Tl4Sn,theo_metastable,metallic,True,True,0.045918155999999,0.045918155999999,0.0001113849999999,0.0007660591471801,0.0,0.0001113849999999,0.0001113849999999,0.0001113849999999
theo_metastable_VCo3_mp-1095057,mp-1095057,VCo3,theo_metastable,metallic,True,True,0.094184105,0.0196615350000008,0.00014567945,0.0023462626832018,0.0,0.00014567945,0.00014567945,0.00014567945
theo_metastable_VN_mp-1017532,mp-1017532,VN,theo_metastable,,True,True,0.1079618424999999,-1.2445660768749995,0.0,0.0,0.0,0.0,0.0,0.0
theo_metastable_Y3Co_mp-1189329,mp-1189329,Y3Co,theo_metastable,metallic,True,True,0.0015564962500009,-0.1044080762499994,0.0,0.0,0.0,0.0,0.0,0.0
theo_metastable_YAg3_mp-1187811,mp-1187811,YAg3,theo_metastable,metallic,True,True,0.059440931413043,-0.2067514262499976,0.0,0.0,0.0,0.0,0.0,0.0
theo_metastable_ZnPb3_mp-1187949,mp-1187949,ZnPb3,theo_metastable,metallic,True,True,0.1106914774999978,0.1106914774999978,2.7533e-05,0.0003892140231834,0.0,2.7533e-05,2.7533e-05,2.7533e-05
theo_metastable_Zn_mp-2647117,mp-2647117,Zn,theo_metastable,,True,True,0.0716624299999999,0.0716624299999999,0.0,0.0,0.0,0.0,0.0,0.0
theo_metastable_Zr3Be_mp-1188016,mp-1188016,Zr3Be,theo_metastable,metallic,True,True,0.1430290124999995,0.070701078749999,0.0,0.0,0.0,0.0,0.0,0.0
theo_metastable_Zr3Ge_mp-1188039,mp-1188039,Zr3Ge,theo_metastable,metallic,True,True,0.1850867584374995,-0.420470967187498,0.0,0.0,0.0,0.0,0.0,0.0
theo_metastable_ZrO2_mp-775909,mp-775909,ZrO2,theo_metastable,,False,True,0.0626550816666657,-3.750962673333332,0.0,0.0,-0.26586,0.0,0.0,0.0
theo_metastable_ZrTi_mp-1215236,mp-1215236,ZrTi,theo_metastable,metallic,True,True,0.0883353483333309,0.0883353483333309,0.0,0.0,0.0,0.0,0.0,0.0
