compound_id,mp_id,formula,family,bond_type,is_metal,theoretical,energy_above_hull_eV_per_atom,formation_energy_per_atom,antibond_w_raw,antibond_w_normalized,antibond_e_ref,antibond_w_raw_dE0.5,antibond_w_raw_dE1.0,antibond_w_raw_dE2.0
extension_AgN_anchor_mp-1091417,mp-1091417,AgN,extension,,True,False,1.5201297641666667,1.5201297641666667,0.0026465435,0.008815053459014757,0.0,0.00260473505,0.0026465435,0.0026465435
extension_AgN_poly_mp-1009766,mp-1009766,AgN,extension,,True,True,1.5494896491666665,1.5494896491666665,0.0089436942,0.027722069927468847,0.0,0.005943433299999999,0.0089436942,0.0089436942
extension_AgN_poly_mp-1424734,mp-1424734,AgN,extension,,True,True,1.9196186741666672,1.9196186741666672,0.0038225001,0.010728921353991243,0.0,0.0037208580000000005,0.0038225001,0.0038225001000000004
extension_AgN_poly_mp-1428312,mp-1428312,AgN,extension,,True,True,1.6518583891666676,1.6518583891666676,0.00197819645,0.008282864171167777,0.0,0.0013506772000000003,0.00197819645,0.00202249955
extension_Bi2O3_anchor_mp-558953,mp-558953,Bi2O3,extension,,True,False,0.600030676500003,-1.0416965385000012,0.006802502350000001,0.03282585701877142,0.0,0.0037298533,0.006802502350000001,0.012582904649999999
extension_Bi2O3_poly_mp-1383505,mp-1383505,Bi2O3,extension,,True,True,0.9067888160000024,-0.7349383990000014,0.012046107500000002,0.06091584070796461,0.0,0.0059815045,0.012046107500000002,0.0194588693
extension_Bi2O3_poly_mp-674644,mp-674644,Bi2O3,extension,,False,True,0.6198849705000029,-1.0218422445000015,0.0032033965500000003,0.013074020692188394,-0.26937000000000033,0.0022910530000000004,0.0032033965500000003,0.020362468300000002
extension_Bi2O3_poly_mp-714859,mp-714859,Bi2O3,extension,,False,True,2.402893258000003,0.7611660429999987,0.0140778668,0.06462183520771173,0.07355999999999963,0.00668732755,0.0140778668,0.025645051000000002
extension_C3N4_anchor_mp-571653,mp-571653,C3N4,extension,covalent,False,False,0.4981181882142849,0.4981181882142859,0.00319699055,0.01498261575592839,-0.25950000000000095,0.0014833577000000003,0.00319699055,0.00393967115
extension_C3N4_poly_mp-1182484,mp-1182484,C3N4,extension,covalent,False,True,0.5848164510714273,0.5848164510714285,0.0,0.0,-0.26510999999999996,0.0,0.0,0.0
extension_C3N4_poly_mp-2852,mp-2852,C3N4,extension,covalent,False,True,0.5033424574999987,0.5033424575,0.0023476546000000004,0.010634901925254816,-0.33389999999999986,0.0013779512000000006,0.0023476546000000004,0.0026422769500000004
extension_C3N4_poly_mp-563,mp-563,C3N4,extension,covalent,False,True,1.5118795946428563,1.5118795946428574,0.0017742190000000003,0.008640396415700791,-0.3119999999999994,0.0009987470000000001,0.0017742190000000003,0.0018640804000000003
extension_KN2_anchor_mp-1071868,mp-1071868,KN2,extension,,True,False,1.1629511857777777,0.9664068891111093,0.0046683345,0.02022675259965338,0.0,0.0034750486,0.0046683345,0.0166597091
extension_KN2_poly_mp-1180757,mp-1180757,KN2,extension,,True,True,1.2293322591111107,1.0327879624444425,0.00988763105,0.04105136199451964,0.0,0.00744974055,0.00988763105,0.00988763105
extension_NbO_anchor_mp-2692,mp-2692,NbO,extension,,True,False,0.7887604083333315,-1.4989005225000014,0.0051960064000000005,0.02919760845133738,0.0,0.00418396365,0.0051960064000000005,0.005302887300000001
extension_NbO_poly_mp-634965,mp-634965,NbO,extension,,True,True,0.8240059083333318,-1.4636550225000011,0.0,0.0,0.0,0.0,0.0,0.0
extension_NbP_anchor_mp-9830,mp-9830,NbP,extension,,True,False,0.6020631175000002,-0.38660015232142797,3.404419999999999e-05,0.00013080842234688384,0.0,3.404419999999999e-05,3.404419999999999e-05,3.404419999999999e-05
extension_NbP_poly_mp-1220317,mp-1220317,NbP,extension,,True,True,0.6208620024999991,-0.36780126732142904,0.0021939924,0.008431298132349552,0.0,0.002024266,0.0021939924,0.0021939923999999998
extension_OsC_anchor_mp-7142,mp-7142,OsC,extension,,True,False,0.9160852612500001,0.9160852612500001,0.008455614200000001,0.0402035669456067,0.0,0.0033071980499999997,0.008455614200000001,0.013788555400000001
extension_OsC_poly_mp-1009537,mp-1009537,OsC,extension,,True,True,1.4795162512500006,1.4795162512500006,0.009788970099999999,0.0446353112033195,0.0,0.005210524699999999,0.009788970099999999,0.01208160515
extension_OsC_poly_mp-1009539,mp-1009539,OsC,extension,,True,True,1.3918186662499998,1.3918186662499998,0.0167884711,0.08283648838012533,0.0,0.008461739800000001,0.0167884711,0.01950713975
extension_OsC_poly_mp-999308,mp-999308,OsC,extension,,True,True,0.9277737837499984,0.9277737837499984,0.013020326450000001,0.0525182577040981,0.0,0.00798376575,0.013020326450000001,0.0178230614
extension_ReC_anchor_mp-1079494,mp-1079494,ReC,extension,,True,False,0.636191904375,0.5961835281250032,0.0056485903,0.021083909895114033,0.0,0.004448086949999999,0.0056485903,0.005761231699999999
extension_ReC_poly_mp-1009731,mp-1009731,ReC,extension,,True,True,1.1149929443750004,1.0749845681250036,0.0035672116000000005,0.014866478849760369,0.0,0.0026492955,0.0035672116000000005,0.0040332981
extension_RuC_anchor_mp-10030,mp-10030,RuC,extension,,True,False,0.6494276712500024,0.6494276712500024,0.00796371095,0.04183500183862156,0.0,0.00369587355,0.00796371095,0.013648599800000001
extension_RuC_poly_mp-1009787,mp-1009787,RuC,extension,,True,True,0.9096720512499985,0.9096720512499985,0.01618828795,0.08622257230359522,0.0,0.0065791869499999996,0.01618828795,0.0191897465
extension_SN_anchor_mp-236,mp-236,SN,extension,covalent,False,False,0.5086555859375004,0.5086555859375004,0.01729887825,0.0439682753405856,-0.223088,0.007166339999999999,0.01729887825,0.0187531991
extension_SN_poly_mp-1078816,mp-1078816,SN,extension,,True,True,0.8090262296875004,0.8090262296875004,0.008755689300000001,0.03590751845472441,0.0,0.006169166750000001,0.008755689300000001,0.00899498475
extension_SN_poly_mp-1173453,mp-1173453,SN,extension,,True,True,0.7225484081597227,0.7225484081597229,0.01844734445,0.045801187898800805,0.0,0.010107067599999998,0.01844734445,0.02368084275
extension_SN_poly_mp-684642,mp-684642,SN,extension,,True,True,0.5498053901041668,0.5498053901041671,0.01291570945,0.03327504688908927,0.0,0.0058432695,0.01291570945,0.020696142600000002
extension_SiO2_anchor_mp-9258,mp-9258,SiO2,extension,covalent,False,False,0.5770440263888901,-2.6957873175000002,0.005654287599999999,0.026403397618491708,-0.28158999999999956,0.0030020111,0.005654287599999999,0.0071637116999999995
extension_SiO2_poly_mp-10064,mp-10064,SiO2,extension,covalent,False,True,1.27794353388889,-1.9948878100000005,0.00324804195,0.023960179625258184,-0.26926000000000094,0.00118022355,0.00324804195,0.007586508049999999
extension_SiO2_poly_mp-556044,mp-556044,SiO2,extension,,True,True,1.4573660394444454,-1.8154653044444444,0.0038248681499999998,0.011675065321571379,0.0,0.0038248681499999998,0.0038248681499999998,0.010279387249999999
extension_SiO2_poly_mp-638049,mp-638049,SiO2,extension,,True,True,1.7447606447222235,-1.5280706991666666,0.010865363899999998,0.04880238905856988,0.0,0.00782605235,0.010865363899999998,0.017722726249999998
extension_TaN_anchor_mp-1497,mp-1497,TaN,extension,,True,False,0.4515790083333364,-0.9071271397083317,0.00026007495,0.0009398827292110874,0.0,0.00026007495,0.00026007495,0.0005404389499999994
extension_TaN_poly_mp-1009831,mp-1009831,TaN,extension,,True,True,0.8162796533333321,-0.5424264947083373,5.556884999999999e-05,0.0001917026598130196,0.0,5.556884999999999e-05,5.556884999999999e-05,5.5568849999999986e-05
extension_TaN_poly_mp-1009833,mp-1009833,TaN,extension,,True,True,0.49169759333333474,-0.8670085547083346,0.0,0.0,0.0,0.0,0.0,0.0
extension_TlC_anchor_mp-567465,mp-567465,TlC,extension,,True,False,2.10802690958333,2.10802690958333,0.0,0.0,0.0,0.0,0.0,0.0
extension_TlC_poly_mp-1058887,mp-1058887,TlC,extension,,True,True,2.375719474583331,2.375719474583331,0.0,0.0,0.0,0.0,0.0,0.0
extension_TlN_anchor_mp-1017982,mp-1017982,TlN,extension,,True,False,0.7334453533333338,0.7334453533333338,0.0007987448,0.0022991416481966554,0.0,0.0007429192,0.0007987448,0.0007987448
extension_TlN_poly_mp-1002222,mp-1002222,TlN,extension,,True,True,0.9711865358333327,0.9711865358333327,0.0008373197999999999,0.002913531438115453,0.0,0.0008373197999999999,0.0008373197999999999,0.0008373197999999999
extension_TlN_poly_mp-1007778,mp-1007778,TlN,extension,,True,True,0.733738815833334,0.733738815833334,0.0005126361500000001,0.0016805538617886183,0.0,0.0005058767000000001,0.0005126361500000001,0.0005126361500000001
extension_WC_anchor_mp-13136,mp-13136,WC,extension,,True,False,0.4476605100000022,0.29411976500000137,0.0004330336000000001,0.0012189888526066887,0.0,0.0004135063,0.0004330336000000001,0.0004330336000000001
extension_WC_poly_mp-1008630,mp-1008630,WC,extension,,True,True,0.8989987500000005,0.7454580049999997,0.0,0.0,0.0,0.0,0.0,0.0
extension_WC_poly_mp-1008635,mp-1008635,WC,extension,,True,True,0.6728768300000034,0.5193360850000026,0.0,0.0,0.0,0.0,0.0,0.0
