compound_id,mp_id,formula,bond_type,family,theoretical,energy_above_hull_eV_at,n_sites,sg_number,spacegroup_symbol,icohp_percolation_weight_min,icohp_percolation_weight_min_normalized,icohp_percolation_direction,icohp_sum,icohp_mean,icohp_min,icohp_max,icobi_percolation_weight_min,icobi_sum,icobi_mean,icobi_min,icobi_max,vasp_wall_time_s,lobster_wall_time_s
exp_metastable_AgO_mp-1079720,mp-1079720,AgO,,exp_metastable,False,0.04234811749999956,8,14,P2_1/c,4e-05,1.0633999021672091e-05,c,-67.4211399999999,-0.21889980519480484,-3.76152,0.00069,0.00119,9.715780000000002,0.031544740259740266,0.00046,0.46989,123.56,711.16
exp_metastable_Al12W_mp-11227,mp-11227,Al12W,metallic,exp_metastable,False,0.01520368538461625,13,204,Im-3,0.01374,0.004982394813087671,a,-128.62916000000007,-0.37610865497076046,-2.75771,0.00433,0.008879999999999999,23.23949,0.06795172514619884,0.00222,0.50371,1.0,
exp_metastable_Al3Os2_mp-16521,mp-16521,Al3Os2,metallic,exp_metastable,False,0.007409683000005884,5,139,I4/mmm,0.00623,0.0033312123367144515,b,-58.91713000000003,-0.34657135294117664,-1.87019,-0.00301,0.0019399999999999999,11.291610000000007,0.0664212352941177,0.00094,0.33792,48.46,130.35
exp_metastable_AsPd2_mp-1080831,mp-1080831,AsPd2,,exp_metastable,False,0.011756747500001552,9,189,P-62m,0.00035000000000000005,0.00010149958385170622,a,-99.99055000000007,-0.34361013745704494,-3.44829,0.00723,0.00426,15.353000000000002,0.052759450171821314,0.00153,0.4557,112.36,431.16
exp_metastable_AsRh2_mp-1102364,mp-1102364,AsRh2,,exp_metastable,False,0.08062063166666178,12,62,Pnma,0.00463,0.0020131047466662028,a,-82.21613,-0.21189724226804124,-2.29993,-0.00394,0.00624,19.11821,0.049273737113402064,0.00308,0.38891,124.17,651.48
exp_metastable_AsRh_mp-22079,mp-22079,AsRh,,exp_metastable,False,0.026917590833335225,8,62,Pnma,0.00193,0.0008130732060782489,b,-59.496690000000015,-0.2399060080645162,-2.37371,-0.00138,0.00184,12.93703999999999,0.052165483870967706,0.00139,0.40823,92.9,258.52
exp_metastable_BaSn5_mp-571353,mp-571353,BaSn5,metallic,exp_metastable,False,0.026217794166670583,6,191,P6/mmm,0.00458,0.0021300046971719304,a,-29.39432999999999,-0.34993249999999987,-2.15023,0.00063,0.0097,7.521639999999998,0.08954333333333331,0.0097,0.61284,94.66,107.93
exp_metastable_Be12Pd_mp-12666,mp-12666,Be12Pd,metallic,exp_metastable,False,0.07945158115384565,13,139,I4/mmm,5e-05,1.938593124197907e-05,a,-150.08709000000002,-0.1969646850393701,-2.57919,0.07072,0.00044,18.331069999999965,0.02405652230971124,0.00044,0.2595,226.85,992.01
exp_metastable_Be3N2_mp-6977,mp-6977,Be3N2,,exp_metastable,False,0.03151386449999993,10,194,P6_3/mmc,2e-05,3.37936021952324e-06,a,-148.3104200000001,-0.18400796526054605,-5.91828,0.08193,4e-05,15.100989999999994,0.01873571960297766,2e-05,0.57318,79.98,613.57
exp_metastable_CaGa2_mp-992,mp-992,CaGa2,metallic,exp_metastable,False,0.016981658333333982,3,191,P6/mmm,0.01661,0.004262996879106439,c,-16.435129999999997,-0.2739188333333333,-3.89632,-0.00903,0.00064,3.8661400000000006,0.06443566666666668,0.00064,0.9809,38.65,69.66
exp_metastable_CaGa4_mp-2461,mp-2461,CaGa4,metallic,exp_metastable,False,0.0016006820000011857,5,12,C2/m,0.019139999999999997,0.004702229013784851,a,-33.26476000000001,-0.3051812844036698,-4.07041,0.00108,0.0037,7.04159,0.06460174311926606,0.00139,0.84476,101.41,200.25
exp_metastable_CdI2_mp-567259,mp-567259,CdI2,,exp_metastable,False,0.0005410511111105798,3,164,P-3m1,0.02384,0.009504558919095631,b,-17.25635999999999,-0.47934333333333307,-2.50827,-0.01185,0.00452,3.64378,0.10121611111111112,0.00225,0.48649,35.02,18.08
exp_metastable_CdO2_mp-2310,mp-2310,CdO2,,exp_metastable,False,0.05623419000000052,12,205,Pa-3,9e-05,1.255526058443343e-05,a,-98.67521000000026,-0.22426184090909151,-7.16831,0.00216,9e-05,13.250850000000021,0.03011556818181823,9e-05,0.9738,128.3,392.34
exp_metastable_ClF3_mp-556767,mp-556767,ClF3,,exp_metastable,False,0.0029946146875001745,16,62,Pnma,0.0,0.0,c,-65.33380000000021,-0.1306676000000004,-6.86126,0.03266,0.0,9.223119999999959,0.01844623999999992,0.0,0.76701,98.9,145.28
exp_metastable_Cs2Se_mp-1011696,mp-1011696,Cs2Se,,exp_metastable,False,0.004232759166664213,12,62,Pnma,0.0262,0.030492772514606272,a,-34.07225000000002,-0.28393541666666683,-0.85922,-0.02499,0.00634,5.189279999999998,0.043243999999999984,0.0032,0.10205,192.19,39.1
exp_metastable_CsH_mp-632319,mp-632319,CsH,,exp_metastable,False,0.016097849999999525,2,221,Pm-3m,0.02662,0.021611879226778596,a,-9.796919999999993,-0.22265727272727256,-1.23173,-0.00549,0.01404,1.1167200000000013,0.025380000000000028,0.00225,0.09369,12.76,6.28
exp_metastable_Cu3Ge_mp-19724,mp-19724,Cu3Ge,metallic,exp_metastable,False,0.01263984624999992,8,59,Pmmn,0.00053,0.0005233069046890273,b,-32.029270000000004,-0.10820699324324326,-1.01279,0.00326,0.00072,6.6215400000000075,0.022370067567567594,0.00036,0.17605,120.93,994.02
exp_metastable_FeTe2_mp-1102002,mp-1102002,FeTe2,,exp_metastable,False,0.04490969833333569,12,205,Pa-3,0.00052,0.0002481721169081572,a,-63.91213,-0.22191711805555556,-2.09532,0.00028,0.0006900000000000001,18.050179999999997,0.0626742361111111,0.00034,0.48885,162.21,251.61
exp_metastable_Ge4Rh_mp-1104286,mp-1104286,Ge4Rh,metallic,exp_metastable,False,0.09073754899999997,15,152,P3_121,0.00208,0.000578145542581253,a,-126.23488000000006,-0.34025574123989233,-3.59771,0.00846,0.00516,25.155179999999984,0.06780371967654981,0.00122,0.64664,210.85,1691.17
exp_metastable_GeSe2_mp-10074,mp-10074,GeSe2,covalent,exp_metastable,False,0.012493755416668861,6,122,I-42d,4e-05,8.049877038128242e-06,a,-41.318490000000004,-0.39729317307692313,-4.96902,0.00119,5e-05,8.40343,0.08080221153846154,5e-05,0.90134,86.38,53.91
exp_metastable_H2O_mp-2739191,mp-2739191,H2O,,exp_metastable,False,0.049447999166666534,12,20,C222_1,0.0,0.0,a,-76.69105000000008,-0.11146954941860476,-8.01825,0.00237,0.0,7.790029999999994,0.011322718023255804,0.0,0.69893,45.43,47.56
exp_metastable_H3N_mp-643432,mp-643432,H3N,covalent,exp_metastable,False,0.0038271875000006617,16,19,P2_12_12_1,0.0,0.0,a,-102.10825999999997,-0.09932710116731515,-8.16313,0.00217,0.0,11.496849999999952,0.011183706225680887,0.0,0.89366,69.07,102.43
exp_metastable_HI_mp-697025,mp-697025,HI,,exp_metastable,False,0.004366291041667303,16,15,C2/c,0.0,0.0,a,-44.56403,-0.18883063559322036,-5.15403,0.0001,0.0,8.510029999999997,0.03605944915254236,0.0,0.92656,102.88,19.92
exp_metastable_IF7_mp-27988,mp-27988,IF7,,exp_metastable,False,0.006252095624999399,16,41,Aea2,0.0,0.0,a,-80.3580800000002,-0.15453476923076961,-6.12565,0.05651,1e-05,9.479359999999948,0.018229538461538363,0.0,0.56187,108.3,153.43
exp_metastable_In3Ir_mp-630976,mp-630976,In3Ir,metallic,exp_metastable,False,0.004296428125002194,16,136,P4_2/mnm,0.00204,0.0004971814200378736,c,-167.64026000000004,-0.5271706289308178,-4.10313,0.00038,0.00536,30.355129999999992,0.09545638364779872,0.00244,0.70687,440.42,2297.8
exp_metastable_InCl_mp-571636,mp-571636,InCl,covalent,exp_metastable,False,0.0016458790624991337,4,36,Cmc2_1,0.0085,0.0043181402531954245,b,-15.428219999999998,-0.2857077777777777,-1.96844,-0.00107,0.00308,3.190400000000001,0.0590814814814815,0.00045,0.3723,42.4,34.91
exp_metastable_K2S_mp-559278,mp-559278,K2S,,exp_metastable,False,0.0872531616666663,6,194,P6_3/mmc,0.01071,0.021871426237542888,b,-14.725430000000003,-0.17530273809523814,-0.48968,-0.01071,0.00064,2.511600000000001,0.02990000000000001,0.00064,0.10413,60.85,39.24
exp_metastable_K_mp-10157,mp-10157,K,,exp_metastable,False,0.006930266250000372,1,225,Fm-3m,0.08067,0.9945752681543584,c,-0.9690000000000002,-0.08075000000000002,-0.08111,-0.0804,0.04301,0.51616,0.04301333333333333,0.043,0.04303,17.32,4.92
exp_metastable_Li13Sn5_mp-30769,mp-30769,Li13Sn5,metallic,exp_metastable,False,0.0033475494444448195,18,164,P-3m1,0.0008500000000000001,0.0003046627741516934,b,-135.51692999999986,-0.23527244791666643,-2.78997,0.16607,0.00236,21.995880000000025,0.038187291666666706,0.00028,0.60777,234.24,885.34
exp_metastable_Li3Hg_mp-1646,mp-1646,Li3Hg,metallic,exp_metastable,False,0.0012975900000000706,4,225,Fm-3m,0.0012,0.0006680770515532791,c,-31.15397000000001,-0.22252835714285724,-1.7962,0.02337,0.00243,4.22476,0.03017685714285714,0.00091,0.19753,56.21,111.57
exp_metastable_MgCl2_mp-570259,mp-570259,MgCl2,ionic,exp_metastable,False,0.0006391266666669893,3,164,P-3m1,0.00019,0.00020353944380168833,c,-6.3558699999999995,-0.0963010606060606,-0.93348,-0.00019,1e-05,0.9877900000000005,0.01496651515151516,1e-05,0.13124,30.67,27.75
exp_metastable_MgH2_mp-23711,mp-23711,MgH2,,exp_metastable,False,0.0018755891666670799,12,60,Pbcn,1e-05,1.4829314589079692e-05,a,-15.237529999999985,-0.027209874999999974,-0.67434,0.01366,0.0,3.553290000000004,0.006345160714285722,0.0,0.14695,34.65,33.44
exp_metastable_MgPd3_mp-7753,mp-7753,MgPd3,metallic,exp_metastable,False,0.01137175124999068,4,221,Pm-3m,0.00221,0.0012346437689596031,a,-30.196539999999995,-0.2096981944444444,-1.78999,0.00423,0.00011,5.304309999999998,0.0368354861111111,1e-05,0.25523,62.78,435.94
exp_metastable_Mo3Se4_mp-21021,mp-21021,Mo3Se4,,exp_metastable,False,0.06087143499999925,14,148,R-3,0.00184,0.0006970779552885107,b,-101.47260999999999,-0.3873000381679389,-2.63959,6e-05,0.00041,25.55940999999999,0.09755499999999996,0.00013,0.62532,210.43,255.69
exp_metastable_NaN3_mp-1066400,mp-1066400,NaN3,,exp_metastable,False,0.0029249474999994973,4,160,R3m,0.0007,3.6954524817603024e-05,a,-42.82389999999999,-0.317214074074074,-18.9422,0.0007,4e-05,5.088849999999999,0.03769518518518518,4e-05,1.90013,68.06,38.22
exp_metastable_Nb2O5_mp-1595,mp-1595,Nb2O5,,exp_metastable,False,0.007537548265307947,7,12,C2/m,9.999999999999999e-05,1.137781985042718e-05,c,-65.10020999999995,-0.2701253526970952,-8.78903,0.00406,8e-05,10.802569999999978,0.0448239419087136,2e-05,1.54437,77.85,155.22
exp_metastable_NiB_mp-14019,mp-14019,NiB,,exp_metastable,False,0.0018463106250017347,4,63,Cmcm,0.00041,6.628190827230548e-05,c,-41.608700000000006,-0.15410629629629632,-6.1857,0.0031,0.00074,7.152239999999997,0.02648977777777777,0.00027,0.69959,58.2,519.0
exp_metastable_NiHg4_mp-570835,mp-570835,NiHg4,metallic,exp_metastable,False,0.01705295800000073,5,229,Im-3m,0.00109,0.00048824406828250073,c,-40.18178000000001,-0.3720535185185186,-2.23249,0.00736,0.00221,7.332370000000001,0.06789231481481482,0.00216,0.31289,107.18,241.76
exp_metastable_NiS_mp-1547,mp-1547,NiS,,exp_metastable,False,0.014181840833332515,6,160,R3m,0.0003,0.00017371666811430555,a,-31.109519999999993,-0.12802271604938267,-1.72695,0.00152,0.00099,7.116830000000002,0.02928736625514404,0.00017,0.28097,134.67,242.08
exp_metastable_PS_mp-612,mp-612,PS,covalent,exp_metastable,False,0.026489451484373205,16,15,C2/c,8e-05,1.3463933488168571e-05,c,-111.38079000000012,-0.39496734042553233,-5.9418,0.06036,0.00017,21.31196,0.07557432624113475,2e-05,0.99077,158.87,114.01
exp_metastable_PbAu2_mp-19871,mp-19871,PbAu2,metallic,exp_metastable,False,0.004742635416668861,6,227,Fd-3m,0.00201,0.0008404626307734766,c,-56.00781,-0.3333798214285714,-2.39154,0.0033,0.00352,8.898700000000002,0.052968452380952394,0.0035,0.30531,94.51,285.6
exp_metastable_PbSe_mp-22009,mp-22009,PbSe,covalent,exp_metastable,False,0.07310882999999535,4,42,Fmm2,0.01682,0.006517990350894189,b,-17.72987000000001,-0.4221397619047621,-2.58055,-0.00216,0.0101,4.581039999999999,0.10907238095238092,0.00191,0.71888,51.71,21.85
exp_metastable_Rb2Hg7_mp-31474,mp-31474,Rb2Hg7,metallic,exp_metastable,False,0.00452349037037425,9,164,P-3m1,0.03138,0.014383806529093058,a,-52.410810000000005,-0.4852852777777778,-2.18162,-0.01567,0.00843,9.955439999999998,0.09217999999999998,0.00415,0.42966,157.4,147.73
exp_metastable_Re3Ge7_mp-29141,mp-29141,Re3Ge7,metallic,exp_metastable,False,0.012616640750003683,20,63,Cmcm,0.00242,0.0005865429594243153,c,-211.99109999999985,-0.3343708201892742,-4.12587,0.0011,0.00368,43.85449000000005,0.0691711198738171,0.00046,0.65635,733.51,6675.45
exp_metastable_SiO2_mp-546794,mp-546794,SiO2,covalent,exp_metastable,False,0.005647450555557043,6,122,I-42d,0.00015,1.8886407075099908e-05,a,-67.31446999999997,-0.2952389035087718,-7.94222,0.00033,2e-05,6.689900000000008,0.0293416666666667,2e-05,0.74696,57.12,101.27
exp_metastable_SiRh_mp-2287,mp-2287,SiRh,metallic,exp_metastable,False,0.02456185499999819,8,14,P2_1/c,0.01101,0.005468905225511624,c,-70.51225000000005,-0.24314568965517258,-2.0132,-0.00125,0.00596,14.216319999999994,0.04902179310344826,0.00127,0.36716,71.62,337.64
exp_metastable_SiS2_mp-1095294,mp-1095294,SiS2,covalent,exp_metastable,False,0.003013171666665926,12,14,P2_1/c,0.0001,1.6844403194372624e-05,c,-98.06875999999994,-0.4417511711711709,-5.93669,0.00325,5e-05,16.93051999999999,0.07626360360360356,2e-05,0.92717,84.63,50.3
exp_metastable_Sn7Ir5_mp-20466,mp-20466,Sn7Ir5,metallic,exp_metastable,False,0.002421364999996456,12,107,I4mm,0.01002,0.0020458875006891084,b,-151.67025000000018,-0.5878691860465123,-4.89763,0.02233,0.00577,26.705249999999996,0.10350872093023254,0.00169,0.78936,263.43,1241.52
exp_metastable_Sr2As_mp-15697,mp-15697,Sr2As,,exp_metastable,False,0.08000544425926037,6,139,I4/mmm,0.00206,0.003772271969821825,a,-9.587539999999997,-0.10092147368421049,-0.54609,0.0441,0.00129,2.835899999999999,0.029851578947368413,0.00077,0.15654,76.08,48.06
exp_metastable_Sr5Sn3_mp-17720,mp-17720,Sr5Sn3,metallic,exp_metastable,False,0.003021452500000521,16,140,I4/mcm,0.010790000000000001,0.005130985158661094,c,-30.103280000000005,-0.19547584415584418,-2.10291,-0.00254,0.01174,10.295069999999997,0.06685110389610388,0.00156,0.81834,374.97,164.19
exp_metastable_SrAl2_mp-1638,mp-1638,SrAl2,metallic,exp_metastable,False,0.013571949999999333,6,227,Fd-3m,0.00536,0.0032014717213286106,b,-29.716160000000016,-0.17688190476190485,-1.67423,0.01177,0.00044,7.70487,0.045862321428571426,0.00044,0.42847,46.44,41.23
exp_metastable_Ta7Co6_mp-1104548,mp-1104548,Ta7Co6,metallic,exp_metastable,False,0.0014632612820477675,13,166,R-3m,0.00031,7.586157953597185e-05,b,-161.79730999999992,-0.3571684547461367,-4.08639,0.29554,0.00346,35.34048,0.07801430463576159,0.00293,0.68664,610.47,3963.52
exp_metastable_Te2Au_mp-567525,mp-567525,Te2Au,,exp_metastable,False,0.027432493333336083,3,12,C2/m,0.01618,0.004305928502425744,c,-25.398409999999988,-0.4703409259259257,-3.75761,-0.00401,0.00613,4.63244,0.08578592592592592,0.00205,0.61482,33.69,27.03
exp_metastable_Te2Ir_mp-1551,mp-1551,Te2Ir,,exp_metastable,False,0.0030421406944398655,9,12,C2/m,0.0028,0.0005575268110661108,b,-98.73954000000002,-0.6249337974683545,-5.02218,0.00049,0.00054,18.569850000000013,0.11753069620253173,0.00054,0.80215,85.03,81.39
exp_metastable_Ti3Ge_mp-1189044,mp-1189044,Ti3Ge,metallic,exp_metastable,False,0.013003969652777059,16,82,I-4,0.013989999999999999,0.0073629253813037475,c,-106.94012999999994,-0.23711780487804865,-1.90006,-0.00184,0.0119,33.52406999999997,0.07433274944567622,0.00106,0.46204,564.3,3152.56
exp_metastable_Y2O3_mp-558573,mp-558573,Y2O3,,exp_metastable,False,0.03422779625000061,15,12,C2/m,5e-05,1.2255953329329722e-05,a,-146.7362,-0.28382243713733074,-4.07965,0.01349,8e-05,19.88075999999998,0.03845408123791099,4e-05,0.55074,243.14,824.21
exp_metastable_ZnAg_mp-1912,mp-1912,ZnAg,metallic,exp_metastable,False,0.011211470555556602,2,221,Pm-3m,0.00967,0.005101690891345063,b,-25.461210000000012,-0.303109642857143,-1.89545,0.02377,0.00489,3.6073399999999993,0.0429445238095238,0.00136,0.20493,37.23,221.01
exp_metastable_ZrBr_mp-1065846,mp-1065846,ZrBr,,exp_metastable,False,0.0007946975000017176,4,12,C2/m,0.00788,0.0038831889457240573,b,-28.445439999999998,-0.355568,-2.02926,-7e-05,0.0008600000000000001,7.604680000000001,0.09505850000000002,2e-05,0.6016,51.28,74.21
exp_metastable_ZrGa3_mp-30685,mp-30685,ZrGa3,metallic,exp_metastable,False,0.013019501250001397,4,139,I4/mmm,0.00764,0.002843965321490923,c,-46.22906000000001,-0.3302075714285715,-2.68639,-0.00688,0.00334,8.170959999999997,0.05836399999999998,0.00241,0.37537,55.64,295.21
exp_metastable_ZrRh_mp-2808,mp-2808,ZrRh,metallic,exp_metastable,False,0.08393397999999763,2,221,Pm-3m,0.035,0.023392438227254196,a,-20.64423,-0.24576464285714286,-1.49621,-0.00974,0.019229999999999997,4.9204799999999995,0.05857714285714285,0.00955,0.30773,33.04,193.04
exp_stable_As2S3_mp-1189572,mp-1189572,As2S3,covalent,exp_stable,False,0.0,20,2,P-1,1e-05,2.06758522586301e-06,a,-119.06003000000004,-0.3235326902173914,-4.83656,0.00013,0.00035000000000000005,25.12989999999999,0.0682877717391304,2e-05,0.9327,187.06,96.24
exp_stable_AsF3_mp-28027,mp-28027,AsF3,covalent,exp_stable,False,0.0,16,33,Pna2_1,0.0,0.0,c,-82.78325000000011,-0.17246510416666688,-6.42265,4e-05,0.0,9.839800000000006,0.020499583333333345,0.0,0.70666,112.26,149.89
exp_stable_BI3_mp-23189,mp-23189,BI3,covalent,exp_stable,False,0.0,8,176,P6_3/m,1e-05,1.4691989780251911e-06,c,-41.67015999999997,-0.5342328205128201,-6.80643,1e-05,0.00048,8.364320000000003,0.10723487179487183,0.00024,1.27271,81.92,19.16
exp_stable_BW_mp-7832,mp-7832,BW,,exp_stable,False,0.0,8,141,I4_1/amd,0.00019,4.795001085184456e-05,a,-153.42438999999996,-0.4102256417112298,-3.96246,0.00759,0.00065,22.212380000000007,0.05939139037433157,0.00032,0.4282,2.0,
exp_stable_BaAu2_mp-30363,mp-30363,BaAu2,metallic,exp_stable,False,0.0,3,191,P6/mmm,0.05189,0.016769218836851563,b,-24.558259999999994,-0.4093043333333332,-3.09436,0.00827,0.00717,4.284330000000001,0.07140550000000001,0.00716,0.6194,40.91,63.93
exp_stable_BaCl2_mp-568662,mp-568662,BaCl2,ionic,exp_stable,False,0.0,3,225,Fm-3m,0.01314,0.025981729742555467,c,-5.695409999999996,-0.11390819999999993,-0.50574,-0.01311,0.0024,0.77914,0.0155828,0.0024,0.07607,36.63,12.86
exp_stable_BaH2_mp-23715,mp-23715,BaH2,,exp_stable,False,0.0,12,62,Pnma,0.00024,0.0005154528468031185,a,-15.344099999999994,-0.051838175675675655,-0.46561,0.00026,0.0,3.5212399999999966,0.01189608108108107,0.0,0.0859,46.78,22.51
exp_stable_Be2Cu_mp-2031,mp-2031,Be2Cu,metallic,exp_stable,False,0.0,6,227,Fd-3m,0.00115,0.00037108625012503995,b,-54.23028000000003,-0.14122468750000008,-3.09901,0.00073,0.00146,7.755099999999995,0.020195572916666654,0.00017,0.3618,105.04,926.94
exp_stable_Be2Nb3_mp-11272,mp-11272,Be2Nb3,metallic,exp_stable,False,0.0,10,127,P4/mbm,0.00636,0.0017947697699816291,b,-101.50272999999996,-0.2967916081871344,-3.54363,-0.00316,0.00376,22.61356000000001,0.06612152046783629,0.00188,0.42005,170.9,616.63
exp_stable_Be2V_mp-11281,mp-11281,Be2V,metallic,exp_stable,False,0.0,12,194,P6_3/mmc,0.0006799999999999999,0.00019833515140555455,b,-124.87985999999991,-0.20012798076923063,-3.42854,0.01152,0.00125,22.59957,0.03621725961538461,0.00063,0.47771,204.93,1194.12
exp_stable_CaAl4_mp-1749,mp-1749,CaAl4,metallic,exp_stable,False,0.0,5,139,I4/mmm,0.01027,0.0030124546078529146,c,-28.716510000000003,-0.28432188118811885,-3.40918,0.00776,0.00284,7.004550000000004,0.06935198019801984,0.00158,0.81937,51.39,47.57
exp_stable_CaSn_mp-2450,mp-2450,CaSn,metallic,exp_stable,False,0.0,4,63,Cmcm,0.00523,0.0023786350364299554,b,-11.578689999999998,-0.17543469696969693,-2.19874,-0.00158,0.00033,3.47173,0.052601969696969696,0.00033,0.70474,44.79,48.05
exp_stable_CdPd_mp-1696,mp-1696,CdPd,metallic,exp_stable,False,0.0,4,123,P4/mmm,8.999999999999999e-05,5.485898193920405e-05,b,-39.636970000000005,-0.2752567361111111,-1.64057,0.00421,0.00371,5.952830000000003,0.041339097222222246,0.00185,0.20234,40.5,273.58
exp_stable_CoB_mp-20857,mp-20857,CoB,,exp_stable,False,0.0,8,62,Pnma,6.000000000000001e-05,1.2995648623652515e-05,c,-123.77905000000011,-0.23803663461538482,-4.61693,0.00352,0.00029,18.171449999999997,0.034945096153846146,8e-05,0.45704,134.29,1741.99
exp_stable_Cs2As3_mp-15557,mp-15557,Cs2As3,,exp_stable,False,0.0,10,69,Fmmm,0.020220000000000002,0.004556003695275005,c,-41.43429000000001,-0.36667513274336294,-4.4381,0.01261,0.00617,9.91506,0.08774389380530974,0.0019,1.05068,120.45,31.81
exp_stable_FeS_mp-505531,mp-505531,FeS,,exp_stable,False,0.0,4,129,P4/nmm,0.00305,0.001154314866818557,a,-25.810960000000016,-0.20815290322580657,-2.64226,-0.00144,0.001,7.475000000000003,0.060282258064516155,0.0007,0.50508,52.41,128.32
exp_stable_Ge2Os_mp-10032,mp-10032,Ge2Os,metallic,exp_stable,False,0.0,6,12,C2/m,0.01212,0.0025492765481281115,a,-63.51890000000001,-0.3396732620320856,-4.75429,0.00178,0.0035399999999999997,12.961520000000005,0.06931294117647062,0.00062,0.71948,114.24,498.25
exp_stable_HfTc2_mp-1095669,mp-1095669,HfTc2,metallic,exp_stable,False,0.0,12,194,P6_3/mmc,0.01767,0.008929473833154778,a,-103.11783000000008,-0.291293305084746,-1.97884,-0.01643,0.00739,29.807849999999988,0.08420296610169488,0.00556,0.54338,200.97,1293.32
exp_stable_Hg4Pt_mp-936,mp-936,Hg4Pt,metallic,exp_stable,False,0.0,5,229,Im-3m,0.00336,0.0009373300043239927,a,-47.38755,-0.4387736111111111,-3.58465,0.00515,0.00272,7.688770000000001,0.07119231481481482,0.00266,0.54821,92.16,263.57
exp_stable_HgF2_mp-8177,mp-8177,HgF2,,exp_stable,False,0.0,3,225,Fm-3m,0.00895,0.004773358791246887,c,-18.89969000000001,-0.1889969000000001,-1.87499,-0.00051,0.00364,2.3729999999999984,0.023729999999999984,0.00046,0.23208,50.81,146.36
exp_stable_InBr_mp-22870,mp-22870,InBr,covalent,exp_stable,False,0.0,4,63,Cmcm,0.01022,0.0051640677897587745,b,-16.227399999999996,-0.30050740740740733,-1.97906,-0.00079,0.00372,3.487120000000003,0.06457629629629635,0.00042,0.3925,48.48,35.26
exp_stable_KI_mp-22898,mp-22898,KI,ionic,exp_stable,False,0.0,2,225,Fm-3m,0.02264,0.049563256638718016,b,-3.723,-0.1241,-0.45679,-0.02264,0.00391,0.66886,0.022295333333333334,0.00391,0.08971,22.66,7.69
exp_stable_KN3_mp-827,mp-827,KN3,,exp_stable,False,0.0,8,140,I4/mcm,0.00028,1.5127187229196334e-05,c,-85.50082000000005,-0.33139852713178314,-18.50972,0.00069,6e-05,10.171939999999987,0.0394261240310077,6e-05,1.8894,71.71,68.81
exp_stable_Li2Se_mp-2286,mp-2286,Li2Se,,exp_stable,False,0.0,3,225,Fm-3m,0.011649999999999999,0.005127166943196271,c,-25.065440000000006,-0.25065440000000005,-2.27221,0.10801,0.0015999999999999999,3.5640699999999996,0.0356407,0.00063,0.34399,28.64,35.14
exp_stable_LiB_mp-1001835,mp-1001835,LiB,,exp_stable,False,0.0,4,194,P6_3/mmc,0.0029100000000000003,0.0002914765641824383,c,-41.39096999999998,-0.22253209677419344,-9.98365,0.01439,0.0006399999999999999,5.121950000000001,0.027537365591397855,0.00031,1.15719,28.69,83.15
exp_stable_Mg2Ni_mp-2137,mp-2137,Mg2Ni,metallic,exp_stable,False,0.0,18,180,P6_222,0.00016,0.0006327862368993475,b,-14.289439999999999,-0.026461925925925923,-0.25285,0.0016,1e-05,5.110290000000001,0.009463500000000001,0.0,0.08379,327.41,804.05
exp_stable_MgP4_mp-384,mp-384,MgP4,,exp_stable,False,0.0,10,14,P2_1/c,0.0,0.0,a,-61.825230000000026,-0.25338209016393454,-5.26131,0.00017,0.00014,12.471980000000002,0.05111467213114755,0.00013,0.95183,52.03,51.03
exp_stable_MnAl12_mp-1104165,mp-1104165,MnAl12,metallic,exp_stable,False,0.0,13,204,Im-3,0.014249999999999999,0.007848817995549581,b,-118.34457999999994,-0.32334584699453534,-1.81556,0.0006,0.00787,22.417619999999996,0.06125032786885245,0.00196,0.30987,114.5,98.51
exp_stable_MoSe2_mp-1634,mp-1634,MoSe2,covalent,exp_stable,False,0.0,6,194,P6_3/mmc,0.00116,0.00040683054455671255,a,-47.29102000000001,-0.3152734666666667,-2.85131,-0.00032,0.00129,12.853830000000007,0.08569220000000005,0.00028,0.64226,68.15,94.53
exp_stable_NaS_mp-2400,mp-2400,NaS,,exp_stable,False,0.0,8,194,P6_3/mmc,0.0,0.0,b,-23.49327999999999,-0.11404504854368928,-4.72364,0.00281,0.00015000000000000001,4.52693,0.021975388349514565,7e-05,0.95101,55.9,48.72
exp_stable_Na_mp-10172,mp-10172,Na,,exp_stable,False,0.0,2,194,P6_3/mmc,0.00197,0.021253641169489697,c,-1.5040200000000004,-0.06266750000000001,-0.09269,0.00101,0.00141,0.8499599999999998,0.035414999999999995,0.0007,0.0539,9.29,5.12
exp_stable_Nb3Ir_mp-1458,mp-1458,Nb3Ir,metallic,exp_stable,False,0.0,8,223,Pm-3n,0.00902,0.003531631989851452,a,-87.73991000000001,-0.3454327165354331,-2.55406,-0.00367,0.01185,22.331320000000012,0.0879185826771654,0.00413,0.63111,130.0,607.84
exp_stable_NbGa3_mp-1973,mp-1973,NbGa3,metallic,exp_stable,False,0.0,4,139,I4/mmm,0.00858,0.0035043150452742805,c,-43.12708999999999,-0.3080506428571428,-2.44841,0.00661,0.00206,8.487280000000002,0.060623428571428585,0.00206,0.38593,79.04,409.37
exp_stable_PI2_mp-29443,mp-29443,PI2,covalent,exp_stable,False,0.0,6,2,P-1,0.00023,4.791137645218341e-05,b,-21.82672999999998,-0.31181042857142827,-4.80053,0.00794,0.00016,5.312619999999999,0.07589457142857141,4e-05,0.95857,49.4,22.32
exp_stable_PbSe_mp-2201,mp-2201,PbSe,covalent,exp_stable,False,0.0,2,225,Fm-3m,0.01657,0.011336503266855952,b,-9.806199999999999,-0.2580578947368421,-1.46165,-0.0011,0.0101,2.3342100000000006,0.061426578947368436,0.00062,0.34573,38.74,45.05
exp_stable_RbI_mp-22903,mp-22903,RbI,ionic,exp_stable,False,0.0,2,225,Fm-3m,0.01997,0.04774998804456985,c,-3.8227199999999995,-0.12742399999999998,-0.41822,-0.01997,0.0059,0.6536100000000002,0.021787000000000008,0.0059,0.08461,27.0,8.37
exp_stable_Sc5Ge3_mp-17190,mp-17190,Sc5Ge3,metallic,exp_stable,False,0.0,16,193,P6_3/mcm,0.00053,0.0002532044697755079,c,-111.92614000000009,-0.2914743229166669,-2.09317,0.00045,0.00567,26.22792,0.068301875,0.005,0.42566,445.96,3831.18
exp_stable_ScAg2_mp-1018128,mp-1018128,ScAg2,metallic,exp_stable,False,0.0,3,139,I4/mmm,0.00017,4.9852787650584745e-05,c,-32.84158999999999,-0.28808412280701745,-3.41004,0.00542,0.00669,5.500010000000002,0.048245701754385986,0.00331,0.4019,39.25,237.16
exp_stable_ScTe_mp-10026,mp-10026,ScTe,,exp_stable,False,0.0,4,194,P6_3/mmc,0.00712,0.004529550225841338,c,-23.326760000000004,-0.27124139534883723,-1.5719,-0.00166,0.0055899999999999995,6.087279999999999,0.07078232558139534,0.00138,0.33744,57.78,76.07
exp_stable_SnPt_mp-19856,mp-19856,SnPt,metallic,exp_stable,False,0.0,4,194,P6_3/mmc,0.01291,0.003958714077199524,c,-50.328199999999995,-0.5354063829787233,-3.26116,0.01963,0.01067,8.322639999999998,0.0885387234042553,0.00637,0.4615,61.33,185.01
exp_stable_SrO2_mp-2697,mp-2697,SrO2,ionic,exp_stable,False,0.0,3,139,I4/mmm,0.00044,6.234643647606605e-05,b,-15.520259999999992,-0.1231766666666666,-7.05734,0.00025,8e-05,1.8014899999999998,0.01429753968253968,3e-05,0.98352,26.98,44.82
exp_stable_SrSi_mp-2661,mp-2661,SrSi,metallic,exp_stable,False,0.0,4,63,Cmcm,7e-05,2.4234870516548954e-05,a,-13.558639999999995,-0.2054339393939393,-2.8884,7e-05,0.00174,3.6951300000000007,0.05598681818181819,0.00174,0.80771,32.89,18.33
exp_stable_Ta5Ge3_mp-17593,mp-17593,Ta5Ge3,metallic,exp_stable,False,0.0,16,140,I4/mcm,0.03464,0.012941936881904825,b,-169.44591999999997,-0.413282731707317,-2.67657,-0.01194,0.01541,36.15615999999998,0.08818575609756092,0.00653,0.52265,7.0,
exp_stable_TaP_mp-1067587,mp-1067587,TaP,,exp_stable,False,0.0,4,109,I4_1md,0.03142,0.0112956571757262,a,-45.655930000000005,-0.3623486507936508,-2.7816,-0.00011,0.01262,9.66084000000001,0.07667333333333341,0.0002,0.4822,45.31,121.94
exp_stable_TaSb2_mp-11697,mp-11697,TaSb2,metallic,exp_stable,False,0.0,6,12,C2/m,0.01174,0.0038818130116785037,b,-48.93800999999999,-0.34955721428571424,-3.02436,-0.00058,0.01519,12.377870000000003,0.08841335714285717,0.00041,0.59138,64.83,85.93
exp_stable_Te2Pd_mp-782,mp-782,Te2Pd,,exp_stable,False,0.0,3,164,P-3m1,0.01444,0.004107161649804739,c,-28.461079999999995,-0.527057037037037,-3.51581,-0.00574,0.00281,5.26657,0.09752907407407407,0.00258,0.58162,33.78,27.02
exp_stable_Te2Ru_mp-267,mp-267,Te2Ru,covalent,exp_stable,False,0.0,6,58,Pnnm,0.00434,0.0018571691436053903,b,-38.187260000000016,-0.3182271666666668,-2.33689,-0.0008,0.00267,9.586699999999999,0.07988916666666665,0.00048,0.49757,80.91,108.41
exp_stable_TeO2_mp-8377,mp-8377,TeO2,covalent,exp_stable,False,0.0,12,19,P2_12_12_1,4e-05,5.9748577983843986e-06,b,-83.50709000000013,-0.23196413888888925,-6.69472,0.00206,0.0002,12.421100000000008,0.03450305555555558,3e-05,0.87422,73.38,92.02
exp_stable_Ti3In_mp-866046,mp-866046,Ti3In,metallic,exp_stable,False,0.0,8,194,P6_3/mmc,0.00501,0.0042029143561823105,c,-52.90306000000003,-0.20665257812500012,-1.19203,-0.0037,0.00716,17.341609999999996,0.06774066406249998,0.00225,0.32116,182.45,750.96
exp_stable_Ti3Pt_mp-2339,mp-2339,Ti3Pt,metallic,exp_stable,False,0.0,8,223,Pm-3n,0.00178,0.0010014797144094927,a,-66.48618,-0.23915892086330937,-1.77737,-0.00178,0.0052899999999999996,18.77892,0.06755007194244604,0.0026,0.44821,101.52,674.81
exp_stable_TiBe12_mp-1104067,mp-1104067,TiBe12,metallic,exp_stable,False,0.0,13,139,I4/mmm,0.00024,8.842970943471309e-05,b,-145.06691000000004,-0.19037652230971133,-2.71402,0.04817,0.00037,19.300800000000002,0.02532913385826772,0.0003,0.27472,163.34,801.18
exp_stable_TiNi_mp-1048,mp-1048,TiNi,metallic,exp_stable,False,0.0,4,11,P2_1/m,0.00391,0.00427229020979021,b,-22.015110000000007,-0.14676740000000005,-0.9152,-0.00195,0.00224,8.109679999999999,0.054064533333333324,0.00111,0.30214,79.64,479.81
exp_stable_TiO_mp-1071163,mp-1071163,TiO,,exp_stable,False,0.0,6,189,P-62m,0.0006399999999999999,0.00020072700813258016,a,-48.93890999999994,-0.1456515178571427,-3.18841,-4e-05,0.00019,10.267770000000025,0.030558839285714363,8e-05,0.48618,112.39,989.45
exp_stable_TiSi2_mp-1077503,mp-1077503,TiSi2,metallic,exp_stable,False,0.0,6,63,Cmcm,0.00618,0.0016878328553871363,b,-57.76688000000004,-0.2489951724137933,-3.6615,0.00235,0.00494,12.465140000000023,0.05372905172413803,0.0008,0.55503,59.28,175.02
exp_stable_TlCl_mp-571079,mp-571079,TlCl,,exp_stable,False,0.0,4,63,Cmcm,0.00717,0.004330913176365416,b,-15.684240000000004,-0.290448888888889,-1.65554,-0.00079,0.00278,3.0910600000000006,0.05724185185185186,0.00049,0.32443,41.2,35.69
exp_stable_VNi2_mp-11531,mp-11531,VNi2,metallic,exp_stable,False,0.0,3,71,Immm,0.0038799999999999998,0.0027656601944515725,a,-17.33766,-0.11113884615384616,-1.40292,-0.00171,0.00213,6.24173,0.04001108974358974,0.00105,0.47686,60.86,544.18
exp_stable_WO2_mp-1524394,mp-1524394,WO2,,exp_stable,False,0.0,12,14,P2_1/c,0.00022,3.374476380966113e-05,c,-166.84879999999973,-0.3022623188405792,-6.51953,3e-05,9e-05,22.392530000000015,0.04056617753623191,4e-05,1.22207,2.0,
exp_stable_Zr2Au_mp-2348,mp-2348,Zr2Au,metallic,exp_stable,False,0.0,3,139,I4/mmm,0.03057,0.013097349682527442,a,-43.8732,-0.5553569620253164,-2.33406,-0.01458,0.0142,8.116499999999995,0.10274050632911386,0.0068,0.43747,57.2,190.24
exp_stable_Zr5Pb3_mp-681992,mp-681992,Zr5Pb3,metallic,exp_stable,False,0.0,16,193,P6_3/mcm,2e-05,7.767623767375204e-06,c,-149.6521599999999,-0.4300349425287353,-2.57479,0.00269,0.01337,33.83459000000002,0.09722583333333339,0.00611,0.46729,448.82,2430.18
exp_stable_ZrMo2_mp-2049,mp-2049,ZrMo2,metallic,exp_stable,False,0.0,6,227,Fd-3m,0.0105,0.006207031088358566,a,-53.60926000000001,-0.31910273809523815,-1.69163,-0.0105,0.00809,15.79480000000001,0.09401666666666672,0.00809,0.46745,158.44,524.43
hull_covalent_Si_mp-149,mp-149,Si,covalent,exp_stable,,0.0,2,227,,0.00317,0.0006964721597887294,c,-18.610730000000004,-0.29079265625000006,-4.55151,0.00183,0.00116,3.9409499999999977,0.061577343749999965,8e-05,0.92472,3.0,
hull_ionic_NaCl_mp-22862,mp-22862,NaCl,ionic,exp_stable,,0.0,2,225,,0.03071,0.05157097516331089,a,-4.445290000000001,-0.08890580000000002,-0.59549,-0.0005,0.00239,0.6578400000000003,0.013156800000000007,0.00018,0.08593,3.0,
hull_metallic_AlNi_mp-1487,mp-1487,AlNi,metallic,exp_stable,,0.0,2,221,,0.00419,0.00210329750867171,a,-30.92626,-0.3221485416666667,-1.99211,0.00661,0.00777,5.00504,0.05213583333333333,0.00044,0.2678,4.0,
metastable_covalent_C_rhombohedral_mp-169,mp-169,C,covalent,exp_metastable,,0.0007906250000004889,2,166,,0.00025,2.1299526724516183e-05,c,-37.14289999999995,-0.28571461538461496,-11.73735,0.03749,7.000000000000001e-05,3.9412300000000013,0.030317153846153855,3e-05,1.21731,4.0,
metastable_ionic_LiBr_mp-23259,mp-23259,LiBr,ionic,exp_metastable,,0.009895712500000542,2,225,,0.09879,0.048407724459645536,c,-16.914780000000004,-0.3382956000000001,-2.04079,0.00502,0.02174,2.2625199999999985,0.04525039999999997,0.00094,0.27903,2.0,
metastable_metallic_BeCu_mp-2323,mp-2323,BeCu,metallic,exp_metastable,,0.005036342500000401,2,221,,0.00048,0.0002597332323259652,b,-27.255689999999998,-0.16223625,-1.84805,0.03161,0.00121,3.7756000000000047,0.022473809523809552,0.0004,0.19864,3.0,
theo_metastable_Al4Si_mp-1228120,mp-1228120,Al4Si,metallic,theo_metastable,True,0.11491430399999913,5,166,R-3m,0.08539,0.029895423783999522,a,-85.94116999999999,-1.0610020987654318,-2.85629,0.22694,0.02835,10.011190000000001,0.12359493827160495,0.00488,0.26271,460.81,20.36
theo_metastable_AlSb_mp-1023918,mp-1023918,AlSb,metallic,theo_metastable,True,0.18779470750000016,4,63,Cmcm,0.00036,0.00013890550181541776,c,-30.311729999999983,-0.32947532608695634,-2.59169,0.00051,0.004149999999999999,6.584500000000002,0.07157065217391306,0.00207,0.54286,21.23,19.51
theo_metastable_B3Ir2_mp-1228647,mp-1228647,B3Ir2,,theo_metastable,True,0.06085322616666744,10,12,C2/m,0.00028000000000000003,5.710102190435987e-05,a,-159.65771999999993,-0.33754274841437615,-4.90359,0.00788,0.00068,22.488169999999997,0.047543699788583506,0.00029,0.55295,110.42,581.64
theo_metastable_B6Pb_mp-1096825,mp-1096825,B6Pb,covalent,theo_metastable,True,0.115100015000003,7,221,Pm-3m,0.00235,0.00030746726781969076,b,-90.74389,-0.22742829573934836,-7.64309,0.12769,0.00108,12.135409999999998,0.030414561403508768,0.00016,0.89537,46.61,173.29
theo_metastable_BPd5_mp-1228665,mp-1228665,BPd5,,theo_metastable,True,0.13249513083333042,6,139,I4/mmm,0.024169999999999997,0.003819489986678402,c,-59.58175,-0.4413462962962963,-6.32807,0.57068,0.01379,9.5344,0.07062518518518518,0.00396,0.69733,795.88,273.61
theo_metastable_BeAu3_mp-983539,mp-983539,BeAu3,metallic,theo_metastable,True,0.18183134000000178,4,221,Pm-3m,0.0241,0.011407906010215046,a,-44.17865999999998,-0.3067962499999999,-2.11257,0.00645,0.01207,6.264029999999997,0.04350020833333332,0.00333,0.22365,44.68,259.34
theo_metastable_BeCl2_mp-1190080,mp-1190080,BeCl2,ionic,theo_metastable,True,0.01870443305555547,18,217,I-43m,0.00237,0.00039636216463914323,a,-151.16457000000005,-0.5038819000000002,-5.97938,-0.00071,0.00077,19.755570000000024,0.06585190000000007,9e-05,0.75582,191.05,72.97
theo_metastable_CaGe2_mp-643542,mp-643542,CaGe2,metallic,theo_metastable,True,0.0978748566666674,3,12,C2/m,0.013049999999999999,0.003659962811412353,c,-14.503799999999996,-0.20144166666666663,-3.56561,0.00158,0.00145,3.6636699999999998,0.05088430555555555,0.00046,0.84722,39.4,86.29
theo_metastable_CoSe2_mp-1390196,mp-1390196,CoSe2,,theo_metastable,True,0.07343032750000056,12,227,Fd-3m,0.00084,0.00019384853967433445,b,-126.99852000000001,-0.38252566265060245,-4.33328,-0.00031,0.00414,22.933,0.06907530120481928,0.00207,0.70599,179.49,175.53
theo_metastable_Cr2C_mp-1226378,mp-1226378,Cr2C,,theo_metastable,True,0.06254013708333694,3,164,P-3m1,0.00208,0.0006749849913193036,a,-32.547929999999994,-0.1749888709677419,-3.08155,-0.00104,0.00136,8.637399999999998,0.04643763440860214,0.00068,0.52707,49.72,380.9
theo_metastable_CrMo_mp-1226200,mp-1226200,CrMo,metallic,theo_metastable,True,0.11631646000000018,2,65,Cmmm,0.04226,0.02411976553715848,a,-22.261799999999997,-0.25297499999999995,-1.75209,-0.01695,0.02629,7.67825,0.08725284090909091,0.01175,0.4739,48.38,267.87
theo_metastable_Ga2Se3_mp-1224809,mp-1224809,Ga2Se3,covalent,theo_metastable,True,0.006252534999998005,5,44,Imm2,0.01137,0.0020129594221372426,c,-39.80488000000002,-0.452328181818182,-5.6484,0.00528,0.00384,7.491699999999996,0.0851329545454545,0.00015,1.00933,88.41,44.07
theo_metastable_GeS_mp-12910,mp-12910,GeS,covalent,theo_metastable,True,0.0761541225000002,4,63,Cmcm,0.00226,0.000521199681745327,c,-25.770290000000003,-0.22605517543859652,-4.33615,-0.00094,0.00121,5.513940000000001,0.04836789473684211,0.0006,0.81988,39.86,93.19
theo_metastable_HCl_mp-684609,mp-684609,HCl,,theo_metastable,True,0.053566722500000274,2,44,Imm2,0.00025,3.379072458126534e-05,a,-7.493399999999999,-0.16651999999999997,-7.39848,0.00052,8e-05,0.9684899999999995,0.02152199999999999,0.0,0.94799,13.0,3.94
theo_metastable_HfMo_mp-1224314,mp-1224314,HfMo,metallic,theo_metastable,True,0.19909284749999756,2,65,Cmmm,0.01999,0.010336732372225784,a,-24.30091,-0.27614670454545454,-1.93388,0.0108,0.01233,6.763840000000002,0.0768618181818182,0.00381,0.50399,33.26,200.19
theo_metastable_IN2_mp-1097011,mp-1097011,IN2,,theo_metastable,True,0.07299064583333248,6,140,I4/mcm,0.00047,2.0277683460183904e-05,a,-48.83377999999999,-0.503441030927835,-23.17819,0.00093,0.00014,6.91818,0.07132144329896907,7e-05,2.95065,93.08,20.7
theo_metastable_InSe2_mp-1232036,mp-1232036,InSe2,,theo_metastable,True,0.17326202766492926,6,129,P4/nmm,0.00164,0.0006768915817800598,a,-37.357900000000015,-0.29649126984126994,-2.42284,-0.00164,0.00492,8.47071,0.06722785714285714,0.00246,0.44849,66.8,71.32
theo_metastable_IrCl3_mp-729507,mp-729507,IrCl3,,theo_metastable,True,0.030088630624999446,16,5,C2,0.00272,0.0004786844624655066,c,-133.85750999999996,-0.4903205494505493,-5.68224,-0.00084,0.0005499999999999999,20.60022,0.07545868131868132,0.00016,0.76952,474.25,174.57
theo_metastable_K5As4_mp-684799,mp-684799,K5As4,,theo_metastable,True,0.05643723222222263,9,2,P-1,0.0088,0.0021459855438610183,c,-26.337320000000002,-0.25324346153846156,-4.10068,0.00664,0.0023699999999999997,6.2749299999999995,0.06033586538461538,0.001,1.02701,80.13,28.93
theo_metastable_KSn3_mp-1185151,mp-1185151,KSn3,metallic,theo_metastable,True,0.05729916087053466,8,194,P6_3/mmc,0.02646,0.013677387339887728,c,-35.3986,-0.4022568181818182,-1.93458,0.0268,0.0077,8.92426,0.10141204545454546,0.00445,0.55433,149.6,116.75
theo_metastable_Li3Ag_mp-976408,mp-976408,Li3Ag,metallic,theo_metastable,True,0.0013151149999997003,4,139,I4/mmm,0.01154,0.005848605254622121,b,-34.50906999999997,-0.221211987179487,-1.97312,0.24047,0.00418,3.7633099999999997,0.024123782051282048,0.00036,0.13717,48.99,125.56
theo_metastable_LiTl3_mp-1185253,mp-1185253,LiTl3,metallic,theo_metastable,True,0.046669947499999864,4,139,I4/mmm,0.0033499999999999997,0.0023288309268747085,a,-29.33398000000002,-0.2716109259259261,-1.43849,0.0175,0.0028,5.444380000000001,0.050410925925925935,0.0014,0.25083,72.25,137.81
theo_metastable_Mg15B_mp-1023515,mp-1023515,Mg15B,,theo_metastable,True,0.19432971906249996,16,187,P-6m2,0.00028000000000000003,0.0020031478036915155,b,-4.3827500000000015,-0.011718582887700538,-0.13978,0.00141,4e-05,0.88487,0.00236596256684492,0.0,0.04087,149.08,144.4
theo_metastable_MgF2_mp-560236,mp-560236,MgF2,ionic,theo_metastable,True,0.10763880333333375,6,12,C2/m,2e-05,1.5325318191918963e-05,c,-11.834699999999991,-0.06467049180327863,-1.30503,2e-05,0.0,1.164099999999999,0.006361202185792344,0.0,0.11914,88.2,73.02
theo_metastable_MgSn_mp-1094669,mp-1094669,MgSn,metallic,theo_metastable,True,0.0559883787500004,2,221,Pm-3m,0.00026,0.00036831890750945584,a,-7.845770000000001,-0.17831295454545457,-0.70591,0.00122,0.0001,2.243359999999999,0.05098545454545453,0.0001,0.2238,30.3,42.9
theo_metastable_MgSn_mp-1094801,mp-1094801,MgSn,metallic,theo_metastable,True,0.021182148749999463,2,123,P4/mmm,0.00426,0.0033320036605110634,c,-8.82422,-0.14707033333333333,-1.27851,0.00426,0.00528,2.3914999999999997,0.03985833333333333,0.00074,0.31407,20.1,42.69
theo_metastable_MnN_mp-1009130,mp-1009130,MnN,covalent,theo_metastable,True,0.01508596781249949,2,216,F-43m,0.00185,0.0004601211735328353,c,-20.357629999999983,-0.13393177631578937,-4.02068,-0.00089,0.00121,5.255659999999997,0.03457671052631577,0.00023,0.67404,30.14,227.44
theo_metastable_Na2Cl_mp-990084,mp-990084,Na2Cl,,theo_metastable,True,0.1105395928735633,3,166,R-3m,0.037559999999999996,0.10649277005954066,a,-3.708499999999998,-0.09759210526315784,-0.3527,0.00114,0.01647,1.00453,0.026434999999999997,0.00037,0.09872,67.91,8.52
theo_metastable_Na3Cl_mp-1064484,mp-1064484,Na3Cl,,theo_metastable,True,0.145649899310345,4,123,P4/mmm,0.00255,0.011224579628488425,a,-4.649219999999999,-0.05601469879518071,-0.22718,0.00417,0.00030000000000000003,1.438379999999999,0.01732987951807228,0.0001,0.05763,27.83,19.02
theo_metastable_NbRh2_mp-1220414,mp-1220414,NbRh2,metallic,theo_metastable,True,0.10426935750000332,6,6,Pm,0.01765,0.01119426650599353,b,-44.72329000000002,-0.22818005102040825,-1.5767,-0.0134,0.0082,13.475230000000002,0.06875117346938776,0.00777,0.44099,134.26,597.73
theo_metastable_NbS2_mp-774873,mp-774873,NbS2,,theo_metastable,True,0.05761998666666823,6,194,P6_3/mmc,0.00012,3.743787652364358e-05,b,-47.23432,-0.38716655737704914,-3.20531,-0.00012,0.00038,10.81549,0.08865155737704919,0.00019,0.64085,135.13,66.26
theo_metastable_PtCl2_mp-1219748,mp-1219748,PtCl2,,theo_metastable,True,0.04902293166666505,6,12,C2/m,0.00504,0.000945004134393088,a,-50.55453,-0.561717,-5.33331,-0.00059,0.0013800000000000002,7.18231,0.07980344444444444,0.00012,0.72114,87.04,39.45
theo_metastable_Sc2O3_mp-755313,mp-755313,Sc2O3,,theo_metastable,True,0.03639289474999963,10,167,R-3c,0.00051,0.00015630219650557324,b,-80.45501000000017,-0.1772136784140973,-3.26291,-0.00025,0.00015000000000000001,11.736210000000009,0.02585068281938328,7e-05,0.50358,211.83,644.07
theo_metastable_ScTc3_mp-867262,mp-867262,ScTc3,metallic,theo_metastable,True,0.11536893812500004,4,225,Fm-3m,0.03314,0.021530805163754965,a,-34.260200000000026,-0.24471571428571448,-1.53919,-0.01549,0.0139,10.243740000000006,0.07316957142857147,0.01284,0.45315,75.16,383.12
theo_metastable_SiAu3_mp-1186998,mp-1186998,SiAu3,metallic,theo_metastable,True,0.16429186749999758,4,225,Fm-3m,0.005679999999999999,0.002061541365117849,b,-41.69953999999999,-0.29785385714285706,-2.75522,0.92506,0.008320000000000001,6.799959999999999,0.04857114285714285,0.00412,0.25809,70.79,229.34
theo_metastable_Sn7Pd5_mp-1219006,mp-1219006,Sn7Pd5,metallic,theo_metastable,True,0.04139117625000566,12,5,C2,0.0023,0.0006586917236816859,c,-128.96776000000003,-0.5200312903225808,-3.49177,0.38826,0.00933,21.009450000000005,0.0847155241935484,0.00334,0.42417,347.65,931.63
theo_metastable_SnBr2_mp-978985,mp-978985,SnBr2,covalent,theo_metastable,True,0.040465399999999985,6,136,P4_2/mnm,0.00033999999999999997,0.00020415025458737627,a,-20.712880000000023,-0.2725378947368424,-1.66544,0.00026,0.0016899999999999999,4.86656,0.06403368421052631,0.00013,0.36258,75.66,59.93
theo_metastable_Sr3As4_mp-678007,mp-678007,Sr3As4,,theo_metastable,True,0.006247547857142877,14,1,P1,0.00447,0.0013294036122899944,b,-42.3433,-0.21603724489795917,-3.36241,-0.00067,0.00146,10.90628,0.055644285714285716,0.00032,0.91898,280.56,54.37
theo_metastable_Sr3Sn_mp-1187136,mp-1187136,Sr3Sn,metallic,theo_metastable,True,0.11112304583333454,4,221,Pm-3m,0.00794,0.03341328956781551,a,-4.681520000000001,-0.09753166666666668,-0.23763,0.01805,0.00801,1.2946799999999992,0.026972499999999983,0.00801,0.05022,47.38,24.31
theo_metastable_SrTl3_mp-1206636,mp-1206636,SrTl3,metallic,theo_metastable,True,0.029404816250000465,4,221,Pm-3m,0.00329,0.0027081309780550844,b,-19.802439999999997,-0.41255083333333326,-1.21486,-0.00329,0.00348,4.307620000000001,0.08974208333333335,0.00348,0.28713,36.47,45.12
theo_metastable_Ta4C3_mp-1218000,mp-1218000,Ta4C3,,theo_metastable,True,0.03350051428571277,7,160,R3m,0.00144,0.00037010763963852823,a,-94.05323999999999,-0.6147270588235293,-3.89076,0.02044,0.00231,16.566650000000003,0.10827875816993465,0.00087,0.58226,1038.96,218.04
theo_metastable_TaP_mp-1187244,mp-1187244,TaP,,theo_metastable,True,0.0032522499999991794,2,187,P-6m2,0.03592,0.013057117619475173,a,-24.966360000000005,-0.30446780487804886,-2.75099,0.00042,0.0137,5.541500000000005,0.06757926829268299,0.00023,0.47923,35.34,95.59
theo_metastable_TaRe_mp-1217894,mp-1217894,TaRe,metallic,theo_metastable,True,0.11133223291667349,2,65,Cmmm,0.06977,0.03626600964737192,b,-28.78317999999998,-0.32708159090909067,-1.92384,-0.03293,0.02542,7.422860000000003,0.08435068181818185,0.01068,0.47782,58.31,353.48
theo_metastable_TcW_mp-1217337,mp-1217337,TcW,metallic,theo_metastable,True,0.10564943749999856,2,65,Cmmm,0.0041,0.0009452820052889682,c,-42.68046000000001,-0.4850052272727274,-4.33733,-0.00166,0.01594,8.881599999999999,0.10092727272727271,0.00774,0.73997,0.0,
theo_metastable_TiMo2_mp-1216675,mp-1216675,TiMo2,metallic,theo_metastable,True,0.061337100370366215,3,69,Fmmm,0.037720000000000004,0.020371460512742967,a,-32.361349999999995,-0.42027727272727267,-1.85161,-0.0072,0.01824,9.913500000000003,0.12874675324675328,0.00591,0.54104,95.12,182.59
theo_metastable_TiNi_mp-1067248,mp-1067248,TiNi,metallic,theo_metastable,True,0.0020067824999996375,4,63,Cmcm,0.0052899999999999996,0.005725108225108224,b,-21.736069999999984,-0.14490713333333322,-0.924,-0.00264,0.00285,8.078130000000002,0.05385420000000001,0.00142,0.30626,77.16,467.87
theo_metastable_TiSi2_mp-570991,mp-570991,TiSi2,metallic,theo_metastable,True,0.17960538666666537,3,71,Immm,0.01347,0.007479593536565051,b,-30.244960000000003,-0.25204133333333334,-1.8009,2e-05,0.00812,6.84916,0.05707633333333333,0.00048,0.28571,56.67,95.34
theo_metastable_TiW_mp-1216621,mp-1216621,TiW,metallic,theo_metastable,True,0.022547341666665943,2,65,Cmmm,0.00225,0.0005144244619120127,a,-38.29017000000001,-0.4351155681818183,-4.37382,0.00311,0.0033,8.44408,0.09595545454545454,0.0031,0.80895,0.0,
theo_metastable_Tl3Ga_mp-1187539,mp-1187539,Tl3Ga,metallic,theo_metastable,True,0.09724636562500422,4,225,Fm-3m,5e-05,3.498240385086302e-05,b,-24.552200000000003,-0.3230552631578948,-1.42929,0.00342,0.00289,4.858509999999999,0.06392776315789472,0.00289,0.24517,48.51,90.81
theo_metastable_Tl4Sn_mp-1216560,mp-1216560,Tl4Sn,metallic,theo_metastable,True,0.045918155999999044,5,166,R-3m,1.00233,0.40962255206460263,a,-57.755669999999995,-0.9167566666666666,-2.44696,0.02496,0.19271999999999997,9.160240000000002,0.14540063492063496,0.00329,0.23315,1440.11,158.54
theo_metastable_VCo3_mp-1095057,mp-1095057,VCo3,metallic,theo_metastable,True,0.09418410500000007,8,194,P6_3/mmc,0.00293,0.0011218016210607724,c,-103.88034000000007,-0.2951146022727275,-2.61187,0.00307,0.005770000000000001,21.855109999999996,0.06208838068181817,0.00284,0.39146,195.19,1607.68
theo_metastable_VN_mp-1017532,mp-1017532,VN,,theo_metastable,True,0.10796184249999996,4,194,P6_3/mmc,4e-05,1.4822775194085714e-05,a,-43.57257999999995,-0.14621671140939582,-2.69855,9e-05,0.00019,9.380229999999974,0.031477281879194546,9e-05,0.42961,88.27,898.33
theo_metastable_Y3Co_mp-1189329,mp-1189329,Y3Co,metallic,theo_metastable,True,0.0015564962500009827,16,4,P2_1,0.01504,0.0038565388077038466,a,-150.04215999999997,-0.5770852307692307,-3.89987,-0.00255,0.01044,31.75923,0.1221508846153846,0.00518,0.70792,845.71,2044.48
theo_metastable_YAg3_mp-1187811,mp-1187811,YAg3,metallic,theo_metastable,True,0.059440931413043074,4,225,Fm-3m,0.00112,0.0005994690417059175,c,-38.97065000000002,-0.2783617857142859,-1.86832,0.00825,0.00699,6.118550000000001,0.043703928571428574,0.00334,0.21272,85.81,458.57
theo_metastable_ZnPb3_mp-1187949,mp-1187949,ZnPb3,metallic,theo_metastable,True,0.11069147749999786,4,225,Fm-3m,0.00451,0.0034037735849056605,b,-24.815240000000006,-0.32651631578947377,-1.325,-0.0044,0.00498,5.3759500000000005,0.07073618421052633,0.00496,0.25644,52.85,90.32
theo_metastable_Zn_mp-2647117,mp-2647117,Zn,,theo_metastable,True,0.07166242999999994,1,229,Im-3m,0.01042,0.005754330934775046,b,-19.399560000000005,-0.3344751724137932,-1.81081,0.00812,0.00464,2.7820400000000003,0.047966206896551726,0.00188,0.21815,0.0,
theo_metastable_Zr3Be_mp-1188016,mp-1188016,Zr3Be,metallic,theo_metastable,True,0.14302901249999955,4,139,I4/mmm,0.00105,0.0005574787096226134,c,-43.494539999999986,-0.3507624193548386,-1.88348,0.00114,0.00855,9.259350000000001,0.07467217741935485,0.00618,0.38315,93.84,201.64
theo_metastable_Zr3Ge_mp-1188039,mp-1188039,Zr3Ge,metallic,theo_metastable,True,0.18508675843749955,8,194,P6_3/mmc,0.00659,0.003227986990085819,c,-80.57463000000006,-0.38737802884615413,-2.04152,-0.00659,0.0061,17.274059999999995,0.08304836538461537,0.00373,0.41363,140.29,528.61
theo_metastable_ZrO2_mp-775909,mp-775909,ZrO2,,theo_metastable,True,0.06265508166666578,6,136,P4_2/mnm,0.00012,2.836007846288375e-05,a,-57.65681000000004,-0.3083251871657756,-4.2313,0.02235,0.00030000000000000003,8.09212,0.043273368983957214,0.0001,0.57951,227.18,165.34
theo_metastable_ZrTi_mp-1215236,mp-1215236,ZrTi,metallic,theo_metastable,True,0.0883353483333309,2,123,P4/mmm,0.03154,0.019006411801571612,c,-19.68307,-0.32805116666666667,-1.65944,-0.01361,0.013999999999999999,5.965280000000001,0.09942133333333335,0.0053,0.37775,53.21,238.14
