bond_type_group,formula,compound_id,mp_id,spacegroup_symbol,theoretical,antibond_w_raw,pct_vs_ground_state,dH_eV_at,delta_icohp_antibond
ionic,BaCl2,exp_stable_BaCl2_mp-568662,mp-568662,Fm-3m,False,0.0341930653,0.0,0.0,0.0675454180666665
ionic,BaCl2,extension_BaCl2_exp_mp-23199,mp-23199,Pnma,False,0.03501535525,2.4048442068164015,0.0067857724999997,0.0667231281166665
ionic,BaO,extension_BaO_exp_mp-1008500,mp-1008500,P6_3/mmc,False,0.02902731875,0.0,0.0,0.0618283617249999
ionic,BaO,extension_BaO_theo_mp-1950989,mp-1950989,P6_3/mmc,True,0.0275362573,-5.136752253426786,0.024547680000001303,0.0633194231749999
ionic,Be3N2,extension_Be3N2_exp_mp-18337,mp-18337,Ia-3,False,0.0,,0.0,
ionic,Be3N2,exp_metastable_Be3N2_mp-6977,mp-6977,P6_3/mmc,False,0.0,,0.0315138644999999,
ionic,Be3N2,extension_Be3N2_theo_mp-1017550,mp-1017550,P-3m1,True,0.0,,0.2080862134999996,
ionic,BeO,extension_BeO_theo_mp-1778,mp-1778,F-43m,True,0.0,,0.0,0.015006531175
ionic,BeO,extension_BeO_exp_mp-7599,mp-7599,P4_2/mnm,False,0.0,,0.008372963750000201,0.015006531175
ionic,Ca3N2,extension_Ca3N2_mp-844,mp-844,Ia-3,False,0.00859659385,0.0,0.0,
ionic,Ca3N2,extension_Ca3N2_exp_mp-1047,mp-1047,R-3c,False,0.0100647692,17.07857060154121,0.0166976637499995,
ionic,CaCl2,extension_CaCl2_exp_mp-23214,mp-23214,Pnnm,False,0.0223021858,0.0,0.0,0.0508451382333332
ionic,CaCl2,extension_CaCl2_theo_mp-1120739,mp-1120739,Fm-3m,True,0.0217945015999999,-2.2763876355119312,0.041040220000001106,0.0513528224333333
ionic,CaF2,extension_CaF2_exp_mp-10464,mp-10464,Pnma,False,0.0136761026499999,0.0,0.0,0.0356604643500001
ionic,CaF2,extension_CaF2_theo_mp-554355,mp-554355,P4/mmm,True,0.0077326847,-43.4584186891866,0.205609758333333,0.0416038823
ionic,CaO,extension_CaO_mp-2605,mp-2605,Fm-3m,False,0.00540399475,0.0,0.0,0.042564946725
ionic,CaO,extension_CaO_exp_mp-1079707,mp-1079707,Cmce,False,0.0178321072,229.98009851878555,0.2097698550000002,0.030136834275
ionic,K2S,extension_K2S_exp_mp-1022,mp-1022,Fm-3m,False,0.0,,0.0,0.0155490560333333
ionic,K2S,exp_metastable_K2S_mp-559278,mp-559278,P6_3/mmc,False,0.0012457974,,0.0872531616666663,0.0143032586333333
ionic,KF3,extension_KF3_theo_mp-2749823,mp-2749823,P2_1,True,0.023331442,0.0,0.0,0.0093144122999999
ionic,KF3,extension_KF3_exp_mp-1544557,mp-1544557,P2_12_12_1,False,0.0238090426,2.047025640335472,0.0005630299999995012,0.0088368116999999
ionic,Li2O,extension_Li2O_exp_mp-1960,mp-1960,Fm-3m,False,0.0,,0.0,0.0100043541166666
ionic,Li2O,extension_Li2O_theo_mp-755894,mp-755894,Pnma,True,0.0,,0.0843597108333336,0.0100043541166666
ionic,Li2S,extension_Li2S_exp_mp-1125,mp-1125,Pnma,False,0.0,,0.0,0.0105783249666666
ionic,Li2S,extension_Li2S_theo_mp-557142,mp-557142,P6_3/mmc,True,0.0,,0.113454041666667,0.0105783249666666
ionic,LiCl,extension_LiCl_theo_mp-1185319,mp-1185319,P6_3mc,True,0.0,,0.0,0.0383792878749999
ionic,LiCl,extension_LiCl_exp_mp-22905,mp-22905,Fm-3m,False,0.0,,0.020461882500000198,0.0383792878749999
ionic,LiF,extension_LiF_exp_mp-1138,mp-1138,Fm-3m,False,1.80243e-05,0.0,0.0,0.0205031958
ionic,LiF,extension_LiF_theo_mp-1009009,mp-1009009,Pm-3m,True,0.00284329905,15674.809840049267,0.2875420599999998,0.01767792105
ionic,MgCl2,extension_MgCl2_exp_mp-23210,mp-23210,R-3m,False,0.0270557326999999,0.0,0.0,0.0246106966333333
ionic,MgCl2,exp_metastable_MgCl2_mp-570259,mp-570259,P-3m1,False,0.0280093086,3.52448743700112,0.0006391266666669,0.0236571207333332
ionic,MgCl2,extension_MgCl2_theo_mp-569626,mp-569626,Ama2,True,0.0175356063,-35.18709511792278,0.1991308233333337,0.0341308230333332
ionic,MgF2,extension_MgF2_exp_mp-1072956,mp-1072956,Pnnm,False,0.0064615737,0.0,0.0,0.0213940985999999
ionic,MgF2,theo_metastable_MgF2_mp-560236,mp-560236,C2/m,True,0.0056891086,-11.954751827716514,0.1051660133333341,0.0221665636999999
ionic,MgF2,extension_MgF2_theo_mp-1062842,mp-1062842,Amm2,True,0.00673388485,4.2143162431158245,0.2611761100000001,0.0211217874499999
ionic,MgO,extension_MgO_exp_mp-549706,mp-549706,P6_3mc,False,0.0044818324,0.0,0.0,0.0112657670249999
ionic,MgO,extension_MgO_theo_mp-1009127,mp-1009127,Pm-3m,True,0.0111574440999999,148.94826723105263,0.6303959125000009,0.004590155325
ionic,MgS,extension_MgS_exp_mp-1315,mp-1315,Fm-3m,False,0.01792976645,0.0,0.0,-0.00132121075
ionic,MgS,extension_MgS_theo_mp-13032,mp-13032,F-43m,True,0.01650789175,-7.930246631851688,0.0343442349999998,0.0001006639499999
ionic,Na2O,extension_Na2O_exp_mp-2352,mp-2352,Fm-3m,False,0.0,,0.0,0.0148824498166666
ionic,Na2O,extension_Na2O_theo_mp-1975297,mp-1975297,C2/m,True,1.877625e-05,,0.0981246116666674,0.0148636735666666
ionic,NaS,extension_NaS_exp_mp-409,mp-409,P-62m,False,0.0161731236,0.0,0.0,0.003352935625
ionic,NaS,extension_NaS_theo_mp-1180106,mp-1180106,C2/m,True,0.0,-100.0,1.00377853125,0.019526059225
ionic,PbSe,exp_stable_PbSe_mp-2201,mp-2201,Fm-3m,False,0.0208756436,0.0,0.0,-0.002590031025
ionic,PbSe,exp_metastable_PbSe_mp-22009,mp-22009,Fmm2,False,0.0246552428999999,18.105306702974648,0.0731088299999953,-0.0063696303249999
ionic,Rb2O,extension_Rb2O_exp_mp-1394,mp-1394,Fm-3m,False,0.0064349174,0.0,0.0,0.0101622282499999
ionic,Rb2O,extension_Rb2O_theo_mp-2023482,mp-2023482,P-3m1,True,0.0117725223,82.94752781131268,0.044683842222220396,0.00482462335
ionic,RbF,extension_RbF_theo_mp-11718,mp-11718,Fm-3m,True,0.00636196025,0.0,0.0,0.0191038535
ionic,RbF,extension_RbF_exp_mp-2064,mp-2064,Pm-3m,False,0.00635152185,-0.164075215653853,0.051583325000001,0.0191142919
ionic,SiO2,extension_SiO2_anchor_mp-9258,mp-9258,Pa-3,False,0.0056542875999999,0.0,0.0,0.0143554218333334
ionic,SiO2,extension_SiO2_poly_mp-10064,mp-10064,Fm-3m,True,0.00324804195,-42.556124134894425,0.7008995075,0.0167616674833333
ionic,SrF2,extension_SrF2_theo_mp-1102911,mp-1102911,Pnma,True,0.01535342165,0.0,0.0,0.0405225609166666
ionic,SrF2,extension_SrF2_exp_mp-1102240,mp-1102240,Pnma,False,0.0161555253,5.22426640969637,0.037913621666667195,0.0397204572666666
covalent,As4S3,extension_As4S3_mp-27543,mp-27543,Pnma,False,0.00585430345,0.0,0.0,0.0091834983357142
covalent,As4S3,extension_As4S3_mp-557321,mp-557321,Pnma,False,0.00428030305,-26.886211373276186,0.0004847885714288,0.0107574987357142
covalent,Be3P2,extension_Be3P2_exp_mp-567841,mp-567841,Ia-3,False,0.0,,0.0,0.00360401198
covalent,Be3P2,extension_Be3P2_theo_mp-1084771,mp-1084771,Pn-3m,True,0.0,,0.1567252367499998,0.00360401198
covalent,BeCl2,extension_BeCl2_exp_mp-23267,mp-23267,Ibam,False,0.00086134215,0.0,0.0,0.0503110416833332
covalent,BeCl2,theo_metastable_BeCl2_mp-1190080,mp-1190080,I-43m,True,0.0012925653,50.064094738658724,0.0099969172222218,0.0498798185333332
covalent,C,metastable_covalent_C_rhombohedral_mp-169,mp-169,R-3m,False,0.0,,0.0,
covalent,C,extension_Cdiamond_mp-66,mp-66,Fd-3m,False,0.0,,0.1114742750000009,
covalent,C,extension_Clonsdaleite_mp-47,mp-47,P6_3/mmc,False,8.2602e-06,,0.13868659250000098,
covalent,C,extension_CWcarbon_mp-1190171,mp-1190171,Pnma,True,0.0,,0.2918794818749984,
covalent,C,extension_CMcarbon_mp-1080826,mp-1080826,C2/m,True,0.0,,0.3001248749999981,
covalent,C3N4,extension_C3N4_mp-971683,mp-971683,P3_1,True,0.00338797325,0.0,0.0,
covalent,C3N4,extension_C3N4_mp-570572,mp-570572,R3m,False,0.0048310071,42.59283481650864,0.02559116285714319,
covalent,C3N4,extension_C3N4_mp-567885,mp-567885,P-6m2,True,0.00538545195,58.9579241807768,0.02587962571428551,
covalent,C3N4,extension_C3N4_anchor_mp-571653,mp-571653,P-43m,False,0.00319699055,-5.637078155797138,0.37644170285714296,
covalent,C3N4,extension_C3N4_poly_mp-2852,mp-2852,I-43d,True,0.0023476546,-30.706223846365972,0.3816659721428568,
covalent,C3N4,extension_C3N4_poly_mp-1182484,mp-1182484,P6_3/m,True,0.0,-100.0,0.4631399657142854,
covalent,C3N4,extension_C3N4_poly_mp-563,mp-563,Fd-3m,True,0.001774219,-47.631847447437785,1.3902031092857146,
covalent,TiO2,extension_TiO2II_mp-1439,mp-1439,Pbcn,False,0.0013103879,0.0,0.0,0.0186983203333333
covalent,TiO2,extension_TiO2OII_mp-9173,mp-9173,Pnma,False,0.0021574491999999,64.6420269906262,0.0529761891666691,0.0178512590333334
mixed,CaN6,extension_CaN6_mp-676,mp-676,Fddd,False,0.0001128853,0.0,0.0,
mixed,CaN6,extension_CaN6_mp-656097,mp-656097,C2,True,0.00015018,33.03769401330378,0.038592931428572896,
mixed,CsN3,extension_CsN3_exp_mp-510557,mp-510557,I4/mcm,False,0.0,,0.0,
mixed,CsN3,extension_CsN3_mp-1225892,mp-1225892,P4/mmm,True,0.0,,0.0112978124999987,
mixed,CsP7,extension_CsP7_exp_mp-1201790,mp-1201790,Pbcm,False,0.00285255415,0.0,0.0,0.0076388735125
mixed,CsP7,extension_CsP7_theo_mp-1213206,mp-1213206,Pca2_1,True,0.0028593406,0.23790784129373607,8.425187500016307e-05,0.0076320870625
mixed,HN,extension_HN_mp-720515,mp-720515,P2_1/c,False,0.0,,0.0,
mixed,HN,extension_HN_mp-23922,mp-23922,Pmna,False,0.0,,0.020310608541665304,
mixed,HN,extension_HN_mp-1224501,mp-1224501,P-1,True,0.0047072898499999,,0.0445415728124994,
mixed,LiP5,extension_LiP5_exp_mp-2412,mp-2412,Pna2_1,False,0.00088584045,0.0,0.0,0.0066225178416666
mixed,LiP5,extension_LiP5_mp-32760,mp-32760,Pna2_1,True,0.00228884455,158.38112833975916,0.0886116673214303,0.0052195137416666
mixed,NaN3,extension_NaN3_exp_mp-22003,mp-22003,R-3m,False,6.658915e-05,0.0,0.0,
mixed,NaN3,exp_metastable_NaN3_mp-1066400,mp-1066400,R3m,False,0.0,-100.0,0.0012109449999995001,
mixed,NaN3,extension_NaN3_mp-634410,mp-634410,C2,True,0.0,-100.0,0.26785120500000037,
mixed,NaN3,extension_NaN3_theo_mp-1065265,mp-1065265,C2/m,True,0.0001421917,113.53583879656068,1.0145095149999994,
mixed,PbN6,extension_PbN6_mp-667338,mp-667338,Pnma,False,0.00034467455,0.0,0.0,
mixed,PbN6,extension_PbN6_mp-620058,mp-620058,Pna2_1,False,0.0003594486,4.286376815462576,0.00031472261904860743,
mixed,RbN3,extension_RbN3_exp_mp-581833,mp-581833,P4/mmm,False,0.0,,0.0,
mixed,RbN3,extension_RbN3_theo_mp-1219567,mp-1219567,Amm2,True,0.0067419127,,0.7772678524999996,
mixed,Sr3P4,extension_Sr3P4_exp_mp-14288,mp-14288,Fdd2,False,0.02267528065,0.0,0.0,0.0191346224499999
mixed,Sr3P4,extension_Sr3P4_theo_mp-682953,mp-682953,P1,True,0.02305164565,1.6598030507728248,0.0081151678571433,0.0187582574499999
mixed,SrO2,exp_stable_SrO2_mp-2697,mp-2697,I4/mmm,False,0.02269857605,0.0,0.0,0.02582448795
mixed,SrO2,extension_SrO2_exp_mp-726705,mp-726705,Pnma,False,0.0342976589,51.10048676379416,0.0096023608333313,0.0142254050999999
mixed,SrO2,extension_SrO2_theo_mp-2763179,mp-2763179,Pnma,True,0.0339365081499999,49.50941449034157,0.0110303724999996,0.0145865558500001
metallic,AgN,extension_AgN_anchor_mp-1091417,mp-1091417,Cmce,False,0.0026465435,0.0,0.0,
metallic,AgN,extension_AgN_poly_mp-1009766,mp-1009766,F-43m,True,0.0089436942,237.9386811514717,0.02935988499999942,
metallic,AgN,extension_AgN_poly_mp-1428312,mp-1428312,Pm-3m,True,0.00197819645,-25.253582644683526,0.1317286250000007,
metallic,AgN,extension_AgN_poly_mp-1424734,mp-1424734,Ama2,True,0.0038225001,44.433677360678175,0.3994889100000003,
metallic,Bi2O3,extension_Bi2O3_anchor_mp-558953,mp-558953,P2_1/c,False,0.00680250235,0.0,0.0,
metallic,Bi2O3,extension_Bi2O3_poly_mp-1383505,mp-1383505,P1,True,0.0120461075,77.08347428942822,0.3067581394999994,
metallic,CsO2,extension_CsO2_exp_mp-1441,mp-1441,I4/mmm,False,0.0311936797499999,0.0,0.0,-0.0042312342999999
metallic,CsO2,extension_CsO2_theo_mp-1096936,mp-1096936,Cmmm,True,0.0295437135999999,-5.289424534788996,0.059187360000001105,-0.0025812681499999
metallic,Cu2S,extension_Cu2S_mp-12087,mp-12087,Fm-3m,False,0.0162838463,0.0,0.0,-0.0003194873
metallic,Cu2S,extension_Cu2S_mp-553942,mp-553942,P6_3/mmc,False,0.0125878496,-22.697319981459184,0.1441920566666663,0.0033765093999999
metallic,KN2,extension_KN2_anchor_mp-1071868,mp-1071868,Cmc2_1,False,0.0046683345,0.0,0.0,
metallic,KN2,extension_KN2_poly_mp-1180757,mp-1180757,Cmcm,True,0.00988763105,111.80211165245333,0.06638107333333321,
metallic,KP,extension_KP_exp_mp-1058315,mp-1058315,R-3m,False,0.00225807465,0.0,0.0,0.005974988625
metallic,KP,extension_KP_theo_mp-1057787,mp-1057787,Immm,True,0.00203527825,-9.866653434154626,0.0011893649999992206,0.006197785025
metallic,MgSn,theo_metastable_MgSn_mp-1094801,mp-1094801,P4/mmm,True,0.01616673595,0.0,0.0,-0.011760217
metallic,MgSn,theo_metastable_MgSn_mp-1094669,mp-1094669,Pm-3m,True,0.01782563995,10.261217880533263,0.034806230000001,-0.013419121
metallic,Na2Cl,theo_metastable_Na2Cl_mp-990084,mp-990084,R-3m,True,0.0060323349999999,0.0,0.0,0.0244319526166667
metallic,Na2Cl,extension_Na2Cl_theo_mp-1077015,mp-1077015,Cmmm,True,0.0058736597499999,-2.6304117725557843,0.1285683083333335,0.0245906278666667
metallic,NbO,extension_NbO_anchor_mp-2692,mp-2692,Fm-3m,False,0.0051960064,0.0,0.0,0.009810524775
metallic,NbO,extension_NbO_poly_mp-634965,mp-634965,P4/mmm,True,0.0,-100.0,0.03524550000000026,0.015006531175
metallic,NbP,extension_NbP_anchor_mp-9830,mp-9830,I4_1/amd,False,3.404419999999999e-05,0.0,0.0,0.004470970775
metallic,NbP,extension_NbP_poly_mp-1220317,mp-1220317,Cmmm,True,0.0021939924,6344.540920332982,0.018798884999998933,0.0023110225749999
metallic,OsC,extension_OsC_anchor_mp-7142,mp-7142,P-6m2,False,0.0084556142,0.0,0.0,-0.0007128911499999
metallic,OsC,extension_OsC_poly_mp-999308,mp-999308,P6_3/mmc,True,0.01302032645,53.98439595316448,0.01168852249999841,-0.0052776034
metallic,OsC,extension_OsC_poly_mp-1009539,mp-1009539,Fm-3m,True,0.0167884711,98.54821545666076,0.47573340499999983,-0.00904574805
metallic,OsC,extension_OsC_poly_mp-1009537,mp-1009537,Pm-3m,True,0.0097889700999999,15.768882880204027,0.5634309900000006,-0.0020462470499999
metallic,RbP,extension_RbP_exp_mp-1179688,mp-1179688,C2/m,False,0.0020773586,0.0,0.0,0.007372250025
metallic,RbP,extension_RbP_theo_mp-1058499,mp-1058499,Immm,True,0.0015008755,-27.750774469078177,0.00026589499999996047,0.007948733125
metallic,ReC,extension_ReC_anchor_mp-1079494,mp-1079494,P6_3/mmc,False,0.0056485903,0.0,0.0,-0.002268254925
metallic,ReC,extension_ReC_poly_mp-1009731,mp-1009731,Pm-3m,True,0.0035672116,-36.847754739797644,0.47880104000000046,-0.000186876225
metallic,RuC,extension_RuC_anchor_mp-10030,mp-10030,P-6m2,False,0.00796371095,0.0,0.0,0.002299885425
metallic,RuC,extension_RuC_poly_mp-1009787,mp-1009787,Fm-3m,True,0.01618828795,103.27568456009824,0.26024437999999595,-0.005924691575
metallic,SN,extension_SN_poly_mp-684642,mp-684642,P2_1,True,0.01291570945,0.0,0.0,
metallic,SN,extension_SN_poly_mp-1173453,mp-1173453,P2_1,True,0.01844734445,42.828735203547026,0.1727430180555558,
metallic,SN,extension_SN_poly_mp-1078816,mp-1078816,P2_1/c,True,0.0087556893,-32.208994527977715,0.25922083958333353,
metallic,SiO2,extension_SiO2_poly_mp-556044,mp-556044,P-31c,True,0.0038248681499999,0.0,0.0,0.0161848412833334
metallic,SiO2,extension_SiO2_poly_mp-638049,mp-638049,F4_132,True,0.0108653638999999,184.07159342212057,0.28739460527777827,0.0091443455333334
metallic,Sn,extension_Snalpha_mp-117,mp-117,Fd-3m,False,5.4315800000000006e-05,0.0,0.0,
metallic,Sn,extension_Sn_mp-623511,mp-623511,I4/mmm,False,0.0073309014,13396.811977362016,0.0614070049999995,
metallic,TaN,extension_TaN_anchor_mp-1497,mp-1497,P6/mmm,False,0.00026007495,0.0,0.0,
metallic,TaN,extension_TaN_poly_mp-1009833,mp-1009833,F-43m,True,0.0,-100.0,0.040118584999998264,
metallic,TaN,extension_TaN_poly_mp-1009831,mp-1009831,Pm-3m,True,5.556884999999999e-05,-78.63352468201956,0.36470064499999566,
metallic,TaP,exp_stable_TaP_mp-1067587,mp-1067587,I4_1md,False,0.0,,0.0,0.004505014975
metallic,TaP,theo_metastable_TaP_mp-1187244,mp-1187244,P-6m2,True,0.0,,0.0032522499999991,0.004505014975
metallic,TiNi,exp_stable_TiNi_mp-1048,mp-1048,P2_1/m,False,0.00086058855,0.0,0.0,0.015098520125
metallic,TiNi,theo_metastable_TiNi_mp-1067248,mp-1067248,Cmcm,True,0.0008670994499999,0.7565636330973674,0.0020067824999996,0.0150920092250001
metallic,TiSi2,exp_stable_TiSi2_mp-1077503,mp-1077503,Cmcm,False,0.0,,0.0,2.0024e-06
metallic,TiSi2,theo_metastable_TiSi2_mp-570991,mp-570991,Immm,True,0.0,,0.1796053866666653,2.0024e-06
metallic,TlC,extension_TlC_anchor_mp-567465,mp-567465,Fm-3m,False,0.0,,0.0,0.0
metallic,TlC,extension_TlC_poly_mp-1058887,mp-1058887,P4/mmm,True,0.0,,0.2676925650000008,0.0
metallic,TlN,extension_TlN_anchor_mp-1017982,mp-1017982,P6_3mc,False,0.0007987448,0.0,0.0,
metallic,TlN,extension_TlN_poly_mp-1007778,mp-1007778,F-43m,True,0.00051263615,-35.81978248872482,0.0002934625000001745,
metallic,TlN,extension_TlN_poly_mp-1002222,mp-1002222,Fm-3m,True,0.0008373197999999,4.829452410820068,0.23774118249999898,
metallic,WC,extension_WC_anchor_mp-13136,mp-13136,Fm-3m,False,0.0004330336,0.0,0.0,-0.0004330336
metallic,WC,extension_WC_poly_mp-1008635,mp-1008635,F-43m,True,0.0,-100.0,0.22521632000000125,0.0
metallic,WC,extension_WC_poly_mp-1008630,mp-1008630,Pm-3m,True,0.0,-100.0,0.45133823999999834,0.0
metallic,Y3Co,extension_Y3Co_mp-1105598,mp-1105598,Pnma,False,0.0,,0.0,0.0014895409625
metallic,Y3Co,theo_metastable_Y3Co_mp-1189329,mp-1189329,P2_1,True,0.0,,0.0015564962500009,0.0014895409625
metallic,Zn,extension_Zn_mp-79,mp-79,P6_3/mmc,False,0.0,,0.0,
metallic,Zn,theo_metastable_Zn_mp-2647117,mp-2647117,Im-3m,True,0.0,,0.0716624299999999,
metallic,Zn3N2,extension_Zn3N2_mp-9460,mp-9460,Ia-3,False,0.0009747233499999,0.0,0.0,
metallic,Zn3N2,extension_Zn3N2_mp-1524551,mp-1524551,P6_3/mmc,True,0.0008002438499999,-17.90041246062464,0.0141351249999992,
