compound_id,mp_id,formula,family,bond_type,is_metal,theoretical,energy_above_hull_eV_per_atom,delta_per_formula_unit_eV,delta_per_atom_eV,delta_per_bond_eV
exp_metastable_AgO_mp-1079720,mp-1079720,AgO,exp_metastable,ionic,False,False,0.04234811749999956,-9.323838750000025,-4.6619193750000125,-0.03871250063043791
exp_metastable_Al12W_mp-11227,mp-11227,Al12W,exp_metastable,metallic,True,False,0.01520368538461625,-128.95169999999985,-9.919361538461526,0.011263244205888034
exp_metastable_Al3Os2_mp-16521,mp-16521,Al3Os2,exp_metastable,metallic,True,False,0.007409683000005884,-21.395009999999957,-4.279001999999991,0.03407549495301099
exp_metastable_AsPd2_mp-1080831,mp-1080831,AsPd2,exp_metastable,metallic,True,False,0.011756747500001552,-8.214031666666642,-2.7380105555555474,0.05862686642900744
exp_metastable_AsRh2_mp-1102364,mp-1102364,AsRh2,exp_metastable,metallic,True,False,0.08062063166666178,-6.724782500000007,-2.241594166666669,-0.0064252810964449125
exp_metastable_AsRh_mp-22079,mp-22079,AsRh,exp_metastable,metallic,True,False,0.026917590833335225,-2.0056025000000055,-1.0028012500000028,0.012893633064515991
exp_metastable_BaSn5_mp-571353,mp-571353,BaSn5,exp_metastable,metallic,True,False,0.026217794166670583,-23.87221999999999,-3.978703333333332,0.06861355263157887
exp_metastable_Be12Pd_mp-12666,mp-12666,Be12Pd,exp_metastable,metallic,True,False,0.07945158115384565,-27.530620000000056,-2.1177400000000044,0.0340435310027182
exp_metastable_Be3N2_mp-6977,mp-6977,Be3N2,exp_metastable,ionic,False,False,0.03151386449999993,11.135447500000026,2.2270895000000053,0.0003728198242370362
exp_metastable_CaGa2_mp-992,mp-992,CaGa2,exp_metastable,metallic,True,False,0.016981658333333982,-3.033245000000001,-1.0110816666666669,-0.1150386414141415
exp_metastable_CaGa4_mp-2461,mp-2461,CaGa4,exp_metastable,metallic,True,False,0.0016006820000011857,-5.385349999999988,-1.0770699999999978,-0.09728080983716791
exp_metastable_CdI2_mp-567259,mp-567259,CdI2,exp_metastable,ionic,False,False,0.0005410511111105798,-0.6790100000000052,-0.2263366666666684,0.21379158333333315
exp_metastable_CdO2_mp-2310,mp-2310,CdO2,exp_metastable,mixed,False,False,0.05623419000000052,-7.883804999999935,-2.627934999999978,-0.050078458003952
exp_metastable_ClF3_mp-556767,mp-556767,ClF3,exp_metastable,covalent,False,False,0.0029946146875001745,2.753465000000059,0.6883662500000147,0.030814769117647522
exp_metastable_Cs2Se_mp-1011696,mp-1011696,Cs2Se,exp_metastable,ionic,False,False,0.004232759166664213,2.020062500000006,0.6733541666666687,0.061678273809524065
exp_metastable_CsH_mp-632319,mp-632319,CsH,exp_metastable,ionic,False,False,0.016097849999999525,6.246639999999992,3.123319999999996,-0.03300454545454565
exp_metastable_Cu3Ge_mp-19724,mp-19724,Cu3Ge,exp_metastable,metallic,True,False,0.01263984624999992,-4.793029999999998,-1.1982574999999995,0.002989265970515992
exp_metastable_FeTe2_mp-1102002,mp-1102002,FeTe2,exp_metastable,metallic,True,False,0.04490969833333569,2.7560091666666704,0.9186697222222234,0.05233038336167806
exp_metastable_Ge4Rh_mp-1104286,mp-1104286,Ge4Rh,exp_metastable,metallic,True,False,0.09073754899999997,-5.45916666666664,-1.0918333333333279,0.017065359560503035
exp_metastable_GeSe2_mp-10074,mp-10074,GeSe2,exp_metastable,covalent,False,False,0.012493755416668861,2.314640000000008,0.7715466666666693,0.11136061057692326
exp_metastable_H2O_mp-2739191,mp-2739191,H2O,exp_metastable,ionic,False,False,0.049447999166666534,5.077198750000015,1.6923995833333383,-0.14023694611710957
exp_metastable_H3N_mp-643432,mp-643432,H3N,exp_metastable,covalent,False,False,0.0038271875000006617,6.329089999999994,1.5822724999999984,-0.2904839126575697
exp_metastable_HI_mp-697025,mp-697025,HI,exp_metastable,ionic,False,False,0.004366291041667303,1.34983875,0.674919375,-0.012153412025827287
exp_metastable_IF7_mp-27988,mp-27988,IF7,exp_metastable,ionic,False,False,0.006252095624999399,13.712455000000116,1.7140568750000145,0.06095417022910578
exp_metastable_In3Ir_mp-630976,mp-630976,In3Ir,exp_metastable,metallic,True,False,0.004296428125002194,-32.12289499999999,-8.030723749999998,0.11587640670859556
exp_metastable_InCl_mp-571636,mp-571636,InCl,exp_metastable,ionic,False,False,0.0016458790624991337,-9.173755000000007,-4.5868775000000035,0.028122712842712783
exp_metastable_K2S_mp-559278,mp-559278,K2S,exp_metastable,ionic,False,False,0.0872531616666663,-0.6871281249999939,-0.2290427083333313,-0.17305172398589028
exp_metastable_Li13Sn5_mp-30769,mp-30769,Li13Sn5,exp_metastable,metallic,True,False,0.0033475494444448195,-3.823256666666765,-0.21240314814815361,0.000264490117118682
exp_metastable_Li3Hg_mp-1646,mp-1646,Li3Hg,exp_metastable,metallic,True,False,0.0012975900000000706,2.39006666666668,0.59751666666667,-0.043804081128747674
exp_metastable_MgCl2_mp-570259,mp-570259,MgCl2,exp_metastable,ionic,False,False,0.0006391266666669893,0.4634999999999998,0.15449999999999994,-0.00029516890213611424
exp_metastable_MgH2_mp-23711,mp-23711,MgH2,exp_metastable,ionic,False,False,0.0018755891666670799,-1.3231775000000043,-0.4410591666666681,-0.1383565766129033
exp_metastable_MgPd3_mp-7753,mp-7753,MgPd3,exp_metastable,metallic,True,False,0.01137175124999068,-22.398679999999988,-5.599669999999997,-0.03607386163032186
exp_metastable_Mo3Se4_mp-21021,mp-21021,Mo3Se4,exp_metastable,metallic,True,False,0.06087143499999925,-19.667574999999992,-2.80965357142857,0.1138541920140928
exp_metastable_NaN3_mp-1066400,mp-1066400,NaN3,exp_metastable,mixed,False,False,0.0029249474999994973,7.574484999999989,1.8936212499999971,-1.09460651416122
exp_metastable_Nb2O5_mp-1595,mp-1595,Nb2O5,exp_metastable,covalent,False,False,0.007537548265307947,-14.48232875000005,-2.068904107142864,0.025801614112620247
exp_metastable_NiB_mp-14019,mp-14019,NiB,exp_metastable,metallic,True,False,0.0018463106250017347,-1.618436666666657,-0.8092183333333285,-0.05368674167838719
exp_metastable_NiHg4_mp-570835,mp-570835,NiHg4,exp_metastable,metallic,True,False,0.01705295800000073,-1.8045933333333366,-0.36091866666666733,0.0032540413943354385
exp_metastable_NiS_mp-1547,mp-1547,NiS,exp_metastable,metallic,True,False,0.014181840833332515,-2.2952431249999936,-1.1476215624999968,-0.19747200214707436
exp_metastable_PS_mp-612,mp-612,PS,exp_metastable,covalent,False,False,0.026489451484373205,-0.05085211309521931,-0.025426056547609655,-0.016746959718767884
exp_metastable_PbAu2_mp-19871,mp-19871,PbAu2,exp_metastable,metallic,True,False,0.004742635416668861,-32.827775,-10.942591666666667,-0.14941128968253975
exp_metastable_PbSe_mp-22009,mp-22009,PbSe,exp_metastable,ionic,False,False,0.07310882999999535,-5.9048249999999936,-2.9524124999999968,0.09117087301587329
exp_metastable_Rb2Hg7_mp-31474,mp-31474,Rb2Hg7,exp_metastable,metallic,True,False,0.00452349037037425,-10.656888333333356,-1.1840987037037063,0.10465578658403984
exp_metastable_Re3Ge7_mp-29141,mp-29141,Re3Ge7,exp_metastable,metallic,True,False,0.012616640750003683,-2.4568600000000345,-0.24568600000000346,-0.011019020575056881
exp_metastable_SiO2_mp-546794,mp-546794,SiO2,exp_metastable,covalent,False,False,0.005647450555557043,6.42586249999998,2.1419541666666597,0.04981836003051088
exp_metastable_SiRh_mp-2287,mp-2287,SiRh,exp_metastable,metallic,True,False,0.02456185499999819,-2.0763424999999884,-1.0381712499999942,-0.0026998188194037043
exp_metastable_SiS2_mp-1095294,mp-1095294,SiS2,exp_metastable,covalent,False,False,0.003013171666665926,2.988138749999994,0.9960462499999979,0.0854305711711712
exp_metastable_Sn7Ir5_mp-20466,mp-20466,Sn7Ir5,exp_metastable,metallic,True,False,0.002421364999996456,-83.68484999999976,-6.97373749999998,0.12457174510163044
exp_metastable_Sr2As_mp-15697,mp-15697,Sr2As,exp_metastable,metallic,True,False,0.08000544425926037,-2.000695000000009,-0.6668983333333364,-0.08605317420311369
exp_metastable_Sr5Sn3_mp-17720,mp-17720,Sr5Sn3,exp_metastable,metallic,True,False,0.003021452500000521,-17.582184999999992,-2.197773124999999,0.02142297957251091
exp_metastable_SrAl2_mp-1638,mp-1638,SrAl2,exp_metastable,metallic,True,False,0.013571949999999333,-21.965904999999985,-7.321968333333328,-0.11661690476190462
exp_metastable_Ta7Co6_mp-1104548,mp-1104548,Ta7Co6,exp_metastable,metallic,True,False,0.0014632612820477675,-122.28421000000003,-9.406477692307694,0.03213239067291018
exp_metastable_Te2Au_mp-567525,mp-567525,Te2Au,exp_metastable,metallic,True,False,0.027432493333336083,-6.692503333333345,-2.2308344444444486,0.1658021259259257
exp_metastable_Te2Ir_mp-1551,mp-1551,Te2Ir,exp_metastable,metallic,True,False,0.0030421406944398655,-6.089693333333322,-2.0298977777777742,0.27431526413502133
exp_metastable_Ti3Ge_mp-1189044,mp-1189044,Ti3Ge,exp_metastable,metallic,True,False,0.013003969652777059,-5.44624750000003,-1.3615618750000076,0.033438817536276394
exp_metastable_Y2O3_mp-558573,mp-558573,Y2O3,exp_metastable,ionic,False,False,0.03422779625000061,5.714805416666657,1.1429610833333315,0.010047935184205714
exp_metastable_ZnAg_mp-1912,mp-1912,ZnAg,exp_metastable,metallic,True,False,0.011211470555556602,-9.156514999999981,-4.5782574999999905,-0.03467821428571416
exp_metastable_ZrBr_mp-1065846,mp-1065846,ZrBr,exp_metastable,metallic,True,False,0.0007946975000017176,-0.4978000000000069,-0.24890000000000345,0.05936387719298236
exp_metastable_ZrGa3_mp-30685,mp-30685,ZrGa3,exp_metastable,metallic,True,False,0.013019501250001397,4.899052500000003,1.2247631250000008,-0.09724736759581876
exp_metastable_ZrRh_mp-2808,mp-2808,ZrRh,exp_metastable,metallic,True,False,0.08393397999999763,-2.312215000000009,-1.1561075000000045,-0.08927167789757426
exp_stable_As2S3_mp-1189572,mp-1189572,As2S3,exp_stable,covalent,False,False,0.0,-1.5319918749999921,-0.30639837499999845,-0.023334675344802824
exp_stable_AsF3_mp-28027,mp-28027,AsF3,exp_stable,covalent,False,False,0.0,3.5812775000000237,0.8953193750000059,0.034883354895529795
exp_stable_BI3_mp-23189,mp-23189,BI3,exp_stable,covalent,False,False,0.0,0.002378333333318494,0.0005945833333296235,0.3268490138067057
exp_stable_BW_mp-7832,mp-7832,BW,exp_stable,metallic,True,False,0.0,-15.091589166666665,-7.545794583333333,0.16452230119398847
exp_stable_BaAu2_mp-30363,mp-30363,BaAu2,exp_stable,metallic,True,False,0.0,-26.217710000000015,-8.739236666666672,0.011179177083333158
exp_stable_BaCl2_mp-568662,mp-568662,BaCl2,exp_stable,ionic,False,False,0.0,-0.3810100000000034,-0.12700333333333447,-0.021123355555555612
exp_stable_BaH2_mp-23715,mp-23715,BaH2,exp_stable,ionic,False,False,0.0,-1.4805850000000023,-0.49352833333333407,-0.17531769388954177
exp_stable_Be2Cu_mp-2031,mp-2031,Be2Cu,exp_stable,metallic,True,False,0.0,-3.406875000000003,-1.135625000000001,-0.007784746462264153
exp_stable_Be2Nb3_mp-11272,mp-11272,Be2Nb3,exp_stable,metallic,True,False,0.0,-28.08091000000003,-5.6161820000000064,0.10720299243534434
exp_stable_Be2V_mp-11281,mp-11281,Be2V,exp_stable,metallic,True,False,0.0,-9.006390000000035,-3.0021300000000117,0.034922843406593185
exp_stable_CaAl4_mp-1749,mp-1749,CaAl4,exp_stable,metallic,True,False,0.0,-44.904369999999986,-8.980873999999996,-0.03576890142057676
exp_stable_CaSn_mp-2450,mp-2450,CaSn,exp_stable,metallic,True,False,0.0,-5.113794999999998,-2.556897499999999,-0.05171405303030299
exp_stable_CdPd_mp-1696,mp-1696,CdPd,exp_stable,metallic,True,False,0.0,-12.339854999999993,-6.1699274999999965,-0.12122580626177015
exp_stable_CoB_mp-20857,mp-20857,CoB,exp_stable,metallic,True,False,0.0,-9.506864166666627,-4.753432083333314,0.011225832927621138
exp_stable_Cs2As3_mp-15557,mp-15557,Cs2As3,exp_stable,mixed,False,False,0.0,-0.6930600000000169,-0.13861200000000337,0.1279421387313866
exp_stable_FeS_mp-505531,mp-505531,FeS,exp_stable,metallic,True,False,0.0,0.3665668750000144,0.1832834375000072,-0.11600435960467528
exp_stable_Ge2Os_mp-10032,mp-10032,Ge2Os,exp_stable,metallic,True,False,0.0,0.534510000000008,0.1781700000000027,0.014413470365418957
exp_stable_HfTc2_mp-1095669,mp-1095669,HfTc2,exp_stable,metallic,True,False,0.0,-10.775652499999993,-3.5918841666666643,0.0011733844498252322
exp_stable_Hg4Pt_mp-936,mp-936,Hg4Pt,exp_stable,metallic,True,False,0.0,-12.953843333333353,-2.5907686666666705,-0.02650177895981104
exp_stable_HgF2_mp-8177,mp-8177,HgF2,exp_stable,ionic,False,False,0.0,2.952206666666676,0.984068888888892,-0.0005530999999998898
exp_stable_InBr_mp-22870,mp-22870,InBr,exp_stable,ionic,False,False,0.0,-7.991095000000005,-3.9955475000000025,0.08325606125356119
exp_stable_KI_mp-22898,mp-22898,KI,exp_stable,ionic,False,False,0.0,1.0996149999999996,0.5498074999999998,-0.002342333333333349
exp_stable_KN3_mp-827,mp-827,KN3,exp_stable,mixed,False,False,0.0,7.284005000000022,1.8210012500000055,-2.295742583979328
exp_stable_Li2Se_mp-2286,mp-2286,Li2Se,exp_stable,ionic,False,False,0.0,7.265026666666678,2.4216755555555594,0.020476641379310517
exp_stable_LiB_mp-1001835,mp-1001835,LiB,exp_stable,metallic,True,False,0.0,-1.809268333333339,-0.9046341666666695,0.0031992709139223585
exp_stable_Mg2Ni_mp-2137,mp-2137,Mg2Ni,exp_stable,metallic,True,False,0.0,-4.171666666666663,-1.3905555555555544,-0.009544887260887244
exp_stable_MgP4_mp-384,mp-384,MgP4,exp_stable,mixed,False,False,0.0,-0.533815952380948,-0.10676319047618961,-0.17294137658880931
exp_stable_MnAl12_mp-1104165,mp-1104165,MnAl12,exp_stable,metallic,True,False,0.0,-106.27197620689658,-8.174767400530506,0.09856568816353156
exp_stable_MoSe2_mp-1634,mp-1634,MoSe2,exp_stable,covalent,False,False,0.0,-2.842449999999989,-0.9474833333333296,0.046550816064257206
exp_stable_NaS_mp-2400,mp-2400,NaS,exp_stable,mixed,False,False,0.0,-0.9905331249999971,-0.49526656249999856,-0.23354401671204233
exp_stable_Nb3Ir_mp-1458,mp-1458,Nb3Ir,exp_stable,metallic,True,False,0.0,-40.48924499999998,-10.122311249999996,-0.024563774692636986
exp_stable_NbGa3_mp-1973,mp-1973,NbGa3,exp_stable,metallic,True,False,0.0,-3.029272500000012,-0.757318125000003,-0.08857860863986317
exp_stable_PI2_mp-29443,mp-29443,PI2,exp_stable,mixed,False,False,0.0,-0.25701273809525027,-0.08567091269841676,-0.10094087657563072
exp_stable_PbSe_mp-2201,mp-2201,PbSe,exp_stable,ionic,False,False,0.0,-4.963559999999999,-2.4817799999999997,-0.07291099415204672
exp_stable_RbI_mp-22903,mp-22903,RbI,exp_stable,ionic,False,False,0.0,1.6384774999999996,0.8192387499999998,0.02303553846153844
exp_stable_Sc5Ge3_mp-17190,mp-17190,Sc5Ge3,exp_stable,metallic,True,False,0.0,-4.200019999999938,-0.5250024999999923,0.0022286979166670218
exp_stable_ScAg2_mp-1018128,mp-1018128,ScAg2,exp_stable,metallic,True,False,0.0,-8.052505000000004,-2.6841683333333344,-0.007890564692982438
exp_stable_ScTe_mp-10026,mp-10026,ScTe,exp_stable,metallic,True,False,0.0,1.8040483333333395,0.9020241666666697,0.040079995348837355
exp_stable_SnPt_mp-19856,mp-19856,SnPt,exp_stable,metallic,True,False,0.0,-10.360659999999996,-5.180329999999998,0.13171592843326885
exp_stable_SrO2_mp-2697,mp-2697,SrO2,exp_stable,mixed,False,False,0.0,-2.5626125000000126,-0.8542041666666709,-0.10048097308488627
exp_stable_SrSi_mp-2661,mp-2661,SrSi,exp_stable,metallic,True,False,0.0,-2.682910000000004,-1.341455000000002,-0.025352158167036343
exp_stable_Ta5Ge3_mp-17593,mp-17593,Ta5Ge3,exp_stable,metallic,True,False,0.0,-40.69445499999999,-5.086806874999999,0.06962526533960406
exp_stable_TaP_mp-1067587,mp-1067587,TaP,exp_stable,metallic,True,False,0.0,-4.546362738095233,-2.2731813690476166,-0.06418069048614855
exp_stable_TaSb2_mp-11697,mp-11697,TaSb2,exp_stable,metallic,True,False,0.0,-5.354065000000002,-1.784688333333334,0.045516153679653615
exp_stable_Te2Pd_mp-782,mp-782,Te2Pd,exp_stable,metallic,True,False,0.0,4.134386666666671,1.3781288888888905,0.27427970370370375
exp_stable_Te2Ru_mp-267,mp-267,Te2Ru,exp_stable,ionic,False,False,0.0,1.970816666666682,0.656938888888894,0.0951805362318843
exp_stable_TeO2_mp-8377,mp-8377,TeO2,exp_stable,covalent,False,False,0.0,-0.4467116666666371,-0.14890388888887904,-0.0006962588383835344
exp_stable_Ti3In_mp-866046,mp-866046,Ti3In,exp_stable,metallic,True,False,0.0,-10.386825000000005,-2.5967062500000013,0.011440061785130712
exp_stable_Ti3Pt_mp-2339,mp-2339,Ti3Pt,exp_stable,metallic,True,False,0.0,-14.561845000000012,-3.640461250000003,0.016826813945070268
exp_stable_TiBe12_mp-1104067,mp-1104067,TiBe12,exp_stable,metallic,True,False,0.0,-22.65128500000006,-1.742406538461543,0.029372511995369388
exp_stable_TiNi_mp-1048,mp-1048,TiNi,exp_stable,metallic,True,False,0.0,-3.177909999999997,-1.5889549999999986,0.015335532530120488
exp_stable_TiO_mp-1071163,mp-1071163,TiO,exp_stable,metallic,True,False,0.0,-0.2822587500000253,-0.14112937500001266,-0.06733375297619071
exp_stable_TiSi2_mp-1077503,mp-1077503,TiSi2,exp_stable,metallic,True,False,0.0,2.6404850000000124,0.8801616666666708,0.006004848339719121
exp_stable_TlCl_mp-571079,mp-571079,TlCl,exp_stable,ionic,False,False,0.0,-4.593484999999997,-2.2967424999999984,-0.1043322222222221
exp_stable_VNi2_mp-11531,mp-11531,VNi2,exp_stable,metallic,True,False,0.0,-9.31417999999999,-3.104726666666663,-0.01000588111888108
exp_stable_WO2_mp-1524394,mp-1524394,WO2,exp_stable,metallic,True,False,0.0,-13.791947500000063,-4.597315833333354,0.00037787132676703195
exp_stable_Zr2Au_mp-2348,mp-2348,Zr2Au,exp_stable,metallic,True,False,0.0,-6.5375700000000165,-2.1791900000000055,0.07734696202531616
exp_stable_Zr5Pb3_mp-681992,mp-681992,Zr5Pb3,exp_stable,metallic,True,False,0.0,-18.68022500000008,-2.33502812500001,-0.06771451606999096
exp_stable_ZrMo2_mp-2049,mp-2049,ZrMo2,exp_stable,metallic,True,False,0.0,-20.608694999999994,-6.869564999999998,-0.03786589285714287
extension_Ag3As_mp-1183193,mp-1183193,Ag3As,extension,metallic,True,True,0.08839697750000042,-24.227255000000014,-6.056813750000003,-0.02458702425373155
extension_Ag3Pt_mp-12065,mp-12065,Ag3Pt,extension,metallic,True,False,0.020805422500000503,-38.22843999999997,-9.557109999999993,-0.08826087962962947
extension_Ag3Sb_mp-2273,mp-2273,Ag3Sb,extension,metallic,True,False,0.0508994350000016,-19.190524999999987,-4.797631249999997,0.0020914484924623444
extension_AgH_mp-1096804,mp-1096804,AgH,extension,ionic,False,True,0.1208983966666679,-6.005220000000003,-3.0026100000000016,-0.15226733333333342
extension_AgI_mp-22915,mp-22915,AgI,extension,metallic,True,False,0.39273725999999964,-4.634185000000002,-2.317092500000001,0.08988939393939388
extension_AgN_anchor_mp-1091417,mp-1091417,AgN,extension,metallic,True,False,1.5201297641666667,-10.251332500000014,-5.125666250000007,-0.22665903073021576
extension_AgN_poly_mp-1009766,mp-1009766,AgN,extension,metallic,True,True,1.5494896491666665,-8.067614999999996,-4.033807499999998,-0.20426603784403663
extension_AgN_poly_mp-1424734,mp-1424734,AgN,extension,metallic,True,True,1.9196186741666672,-11.257719999999992,-5.628859999999996,-0.1706091883542406
extension_AgN_poly_mp-1428312,mp-1428312,AgN,extension,metallic,True,True,1.6518583891666676,-5.788045000000007,-2.8940225000000037,-0.2880603086773701
extension_AgPb3_mp-1183256,mp-1183256,AgPb3,extension,metallic,True,True,0.08509275833333874,-19.75067000000001,-4.9376675000000025,-0.18287657407407415
extension_AgPd_mp-1183222,mp-1183222,AgPd,extension,metallic,True,True,0.0069558550000010655,-2.919389999999993,-1.4596949999999964,0.03994771464646468
extension_Al12Mo_mp-550,mp-550,Al12Mo,extension,metallic,True,False,0.014142691923076711,-118.71512999999996,-9.131933076923074,0.010817411907956875
extension_Al2W_mp-12524,mp-12524,Al2W,extension,metallic,True,False,0.09311756111111436,-36.179063333333325,-12.059687777777775,-0.07406259587369085
extension_Al3Ag_mp-1183130,mp-1183130,Al3Ag,extension,metallic,True,True,0.0712581868749993,-32.29169999999997,-8.072924999999993,-0.057079398148148
extension_Al3As_mp-1183129,mp-1183129,Al3As,extension,metallic,True,True,0.36364852500000033,-26.163085000000002,-6.540771250000001,-0.05668762541459385
extension_AlAg2_mp-985805,mp-985805,AlAg2,extension,metallic,True,True,0.007656157999999635,-24.418924999999987,-8.139641666666662,-0.030434866898148116
extension_AlAg_mp-1228901,mp-1228901,AlAg,extension,metallic,True,True,0.01833040100000005,-9.105519999999988,-4.552759999999994,-0.028661885521885422
extension_AlH3_mp-1106356,mp-1106356,AlH3,extension,ionic,False,False,0.010014458750000621,-9.121137500000081,-2.2802843750000203,-0.1948594094254516
extension_As3W2_mp-11696,mp-11696,As3W2,extension,metallic,True,False,0.0,-18.570214999999976,-3.7140429999999953,0.19657859605050831
extension_As4S3_mp-27543,mp-27543,As4S3,extension,covalent,False,False,0.006355647857141378,-1.168399375,-0.16691419642857142,0.09033201839375404
extension_As4S3_mp-557321,mp-557321,As4S3,extension,covalent,False,False,0.006840436428570129,-1.0767393750000167,-0.1538199107142881,0.08704795607575738
extension_Au2S_mp-947,mp-947,Au2S,extension,covalent,False,False,0.0,-29.863038125000003,-9.954346041666668,0.0547722158218128
extension_BPd5_mp-1228665,mp-1228665,BPd5,extension,metallic,True,True,0.13249513083333042,-43.97202666666665,-7.328671111111109,0.19721572904483434
extension_Ba3Ca_mp-1183342,mp-1183342,Ba3Ca,extension,metallic,True,True,0.03921404749999979,-0.8387899999999998,-0.20969749999999995,-0.01879648648648648
extension_Ba3N2_mp-1013528,mp-1013528,Ba3N2,extension,metallic,True,True,0.6831039496666662,-10.616520000000001,-2.123304,-0.20491968659594986
extension_Ba4Pd_mp-1214438,mp-1214438,Ba4Pd,extension,ionic,False,True,0.15571698099999987,-2.7299299999999906,-0.5459859999999981,0.22813067874911175
extension_Ba5P4_exp_mp-17566,mp-17566,Ba5P4,extension,mixed,False,False,3.472888887223746e-05,-8.630695952380933,-0.9589662169312148,-0.1906351839883934
extension_BaCl2_exp_mp-23199,mp-23199,BaCl2,extension,ionic,False,False,0.006785772499999787,-0.6731974999999961,-0.22439916666666537,-0.020069374704491633
extension_BaF3_exp_mp-1080821,mp-1080821,BaF3,extension,ionic,False,False,0.0,-3.471859999999995,-0.8679649999999988,-0.014223793589030906
extension_BaF3_theo_mp-1183303,mp-1183303,BaF3,extension,metallic,True,True,0.061207927499999926,-0.9973899999999922,-0.24934749999999806,-0.01403946025569755
extension_BaMg3_mp-1016218,mp-1016218,BaMg3,extension,metallic,True,True,0.17140638551136345,0.28713,0.0717825,0.007724772727272726
extension_BaN2_exp_mp-1102371,mp-1102371,BaN2,extension,metallic,True,False,2.056778179166667,-16.027134999999998,-5.342378333333333,-0.9837620334620335
extension_BaO_exp_mp-1008500,mp-1008500,BaO,extension,ionic,False,False,0.01888829749999843,-0.6442287499999964,-0.3221143749999982,-0.012841947674418541
extension_BaO_theo_mp-1950989,mp-1950989,BaO,extension,ionic,False,True,0.04343597749999972,-3.225823749999998,-1.612911874999999,-0.08722310562015502
extension_BaP10_mp-28035,mp-28035,BaP10,extension,mixed,False,False,0.0036162985064951414,-4.040972380952368,-0.3673611255411244,-0.06471772308033868
extension_BaS3_exp_mp-556296,mp-556296,BaS3,extension,mixed,False,False,0.04356796437499888,-2.4931918749999866,-0.6232979687499967,-0.11860905341059644
extension_Be12Mo_mp-1475,mp-1475,Be12Mo,extension,metallic,True,False,0.0,-27.334499999999878,-2.102653846153837,0.030298436004218082
extension_Be3N2_exp_mp-18337,mp-18337,Be3N2,extension,ionic,False,False,0.0,9.474231250000116,1.8948462500000232,0.031400801912597615
extension_Be3N2_theo_mp-1017550,mp-1017550,Be3N2,extension,ionic,False,True,0.20808621349999967,11.827617500000102,2.3655235000000205,-0.011175744514649727
extension_Be3P2_exp_mp-567841,mp-567841,Be3P2,extension,covalent,False,False,0.0,-1.055326726190529,-0.2110653452381058,-0.03555591392277263
extension_Be3P2_mp-1084771,mp-1084771,Be3P2,extension,covalent,False,True,0.15672523674999983,-0.8975979761905393,-0.17951959523810784,-0.05931449950835821
extension_Be3P2_mp-567841,mp-567841,Be3P2,extension,covalent,False,False,0.0,-1.0553279761905188,-0.21106559523810375,-0.035555921430280024
extension_Be3P2_theo_mp-1084771,mp-1084771,Be3P2,extension,covalent,False,True,0.15672523674999983,-0.8975979761905393,-0.17951959523810784,-0.05931449950835821
extension_BeCl2_exp_mp-23267,mp-23267,BeCl2,extension,covalent,False,False,0.008707515833333623,5.461117499999993,1.8203724999999977,0.2564855763555105
extension_BeCl2_theo_mp-1172909,mp-1172909,BeCl2,extension,ionic,False,True,3.1687985972222217,-17.34203583333334,-5.780678611111114,0.7833592910447762
extension_BeF2_exp_mp-15951,mp-15951,BeF2,extension,ionic,False,False,0.00039670611111120024,9.454205833333265,3.1514019444444217,0.08855567645846163
extension_BeF2_theo_mp-975644,mp-975644,BeF2,extension,metallic,True,True,2.518145377222223,-2.044677499999949,-0.6815591666666497,-0.035698530612244664
extension_BeO_exp_mp-7599,mp-7599,BeO,extension,ionic,False,False,0.015346631250000797,5.572703750000034,2.786351875000017,0.00925830033287442
extension_BeO_theo_mp-1778,mp-1778,BeO,extension,ionic,False,True,0.006973667500000502,8.878218749999974,4.439109374999987,-0.007157592975206795
extension_C(NO)2_mp-1197051,mp-1197051,C(NO)2,extension,mixed,False,False,1.1348039342500007,10.859801250000025,2.171960250000005,0.181260322168998
extension_C2N2O_mp-1214250,mp-1214250,C2N2O,extension,mixed,False,True,0.47205626016666535,6.8033045833334285,1.3606609166666856,0.2330634405916025
extension_C3N4_anchor_mp-571653,mp-571653,C3N4,extension,covalent,False,False,0.4981181882142849,27.540525000000002,3.9343607142857144,-0.20292451848071758
extension_C3N4_mp-567885,mp-567885,C3N4,extension,covalent,False,True,0.1475561110714274,20.323019999999815,2.903288571428545,-0.038650531304017355
extension_C3N4_mp-570572,mp-570572,C3N4,extension,covalent,False,False,0.14726764821428517,20.20453499999992,2.8863621428571316,-0.05586107786609984
extension_C3N4_mp-971683,mp-971683,C3N4,extension,covalent,False,True,0.12167648535714193,22.604061666666624,3.2291516666666604,-0.06442681513037862
extension_C3N4_poly_mp-1182484,mp-1182484,C3N4,extension,covalent,False,True,0.5848164510714273,-5.784544999999994,-0.8263635714285706,1.0247560135841174
extension_C3N4_poly_mp-2852,mp-2852,C3N4,extension,covalent,False,True,0.5033424574999987,32.614250000000226,4.659178571428604,-0.19596024129137038
extension_C3N4_poly_mp-563,mp-563,C3N4,extension,covalent,False,True,1.5118795946428563,16.546010000000052,2.3637157142857217,-0.21095636695201364
extension_Ca3N2_exp_mp-1047,mp-1047,Ca3N2,extension,ionic,False,False,0.01669766374999959,-12.59293,-2.518586,-0.4589670747154874
extension_Ca3N2_mp-844,mp-844,Ca3N2,extension,ionic,False,False,0.0,-12.339650000000011,-2.467930000000002,-0.45245460568475465
extension_Ca3N2_theo_mp-1013524,mp-1013524,Ca3N2,extension,metallic,True,True,0.5111703895000002,-12.601520000000004,-2.5203040000000008,-0.4744368421926911
extension_Ca3Zn_mp-1039229,mp-1039229,Ca3Zn,extension,metallic,True,True,0.15884041124999992,-12.460094999999999,-3.1150237499999998,-0.11929812099871961
extension_CaCl2_exp_mp-23214,mp-23214,CaCl2,extension,ionic,False,False,0.0011452108333331878,-0.9596899999999984,-0.3198966666666661,-0.03497107142857139
extension_CaCl2_theo_mp-1120739,mp-1120739,CaCl2,extension,ionic,False,True,0.04218543083333426,-0.6625400000000008,-0.22084666666666694,-0.07643288037166086
extension_CaF2_exp_mp-10464,mp-10464,CaF2,extension,ionic,False,False,0.03464170166666669,-0.6680099999999918,-0.22266999999999726,-0.027730750439710676
extension_CaF2_theo_mp-554355,mp-554355,CaF2,extension,ionic,False,True,0.24025145999999964,-0.5442199999999993,-0.1814066666666664,-0.02417257853937166
extension_CaN6_mp-656097,mp-656097,CaN6,extension,mixed,False,True,0.07920592142857252,10.145100000000056,1.449300000000008,-3.7292942265795213
extension_CaN6_mp-676,mp-676,CaN6,extension,mixed,False,False,0.04061298999999963,11.887499999999974,1.6982142857142821,-3.739970527467186
extension_CaN_mp-1058549,mp-1058549,CaN,extension,metallic,True,False,0.39816828843749974,-4.912895000000006,-2.456447500000003,-0.7199353122087606
extension_CaNi_mp-1059707,mp-1059707,CaNi,extension,metallic,True,False,0.16564980624999937,-3.8505299999999987,-1.9252649999999993,-0.038759021739130435
extension_CaO_exp_mp-1079707,mp-1079707,CaO,extension,ionic,False,False,0.20976985500000023,-4.425393750000004,-2.212696875000002,-0.11924865933120245
extension_CaO_mp-2605,mp-2605,CaO,extension,ionic,False,False,0.0,-1.9049437500000028,-0.9524718750000014,-0.15750028194746202
extension_CaO_theo_mp-1181903,mp-1181903,CaO,extension,metallic,True,True,2.7281320512499994,-5.994203750000003,-2.9971018750000016,-0.168377892479007
extension_CdIn3_mp-1183674,mp-1183674,CdIn3,extension,metallic,True,True,0.06416026750000015,-27.50961000000002,-6.877402500000005,0.0067201842105261145
extension_CdP4_mp-7904,mp-7904,CdP4,extension,mixed,False,False,0.0,-2.55861595238094,-0.511723190476188,-0.04169000322164945
extension_CdSb3_mp-1183739,mp-1183739,CdSb3,extension,metallic,True,True,0.13193314687499935,-7.0237750000000005,-1.7559437500000001,-0.055555625
extension_CoGe_mp-21237,mp-21237,CoGe,extension,metallic,True,False,0.0,-5.923787499999971,-2.9618937499999856,0.07303652898550761
extension_CoRe_mp-1225995,mp-1225995,CoRe,extension,metallic,True,True,0.1217252000000002,-2.0787249999999773,-1.0393624999999886,0.047277125301205036
extension_CoSn_mp-20536,mp-20536,CoSn,extension,metallic,True,False,0.0,-10.190923333333341,-5.0954616666666706,0.10958555185633556
extension_Cr5Si3_mp-7506,mp-7506,Cr5Si3,extension,metallic,True,False,0.05473733324999941,5.8022699999999645,0.7252837499999956,0.04193797134551483
extension_CrRe3_mp-1183703,mp-1183703,CrRe3,extension,metallic,True,True,0.13309992375000235,-13.72989999999998,-3.432474999999995,-0.024550152777777667
extension_CrW_mp-1226162,mp-1226162,CrW,extension,metallic,True,True,0.12119496999999768,-8.119695,-4.0598475,0.07854438311688311
extension_Cs2S_exp_mp-1077814,mp-1077814,Cs2S,extension,ionic,False,False,0.06672482000000102,2.8662168750000045,0.9554056250000015,-0.09277304795979185
extension_CsCl_exp_mp-573697,mp-573697,CsCl,extension,ionic,False,False,0.007141250000000099,1.7659650000000005,0.8829825000000002,0.02995608527131785
extension_CsF_exp_mp-8455,mp-8455,CsF,extension,ionic,False,False,0.10877166999999943,7.692800000000009,3.8464000000000045,0.18496368861024054
extension_CsN3_exp_mp-510557,mp-510557,CsN3,extension,mixed,False,False,0.0,5.609804999999994,1.4024512499999986,-3.1393599542334103
extension_CsN3_mp-1225892,mp-1225892,CsN3,extension,mixed,False,True,0.011297812499998727,8.105405000000012,2.026351250000003,-3.271195268756999
extension_CsN3_mp-510557,mp-510557,CsN3,extension,mixed,False,False,0.0,5.609804999999994,1.4024512499999986,-3.1393599542334103
extension_CsN3_theo_mp-1225892,mp-1225892,CsN3,extension,mixed,False,True,0.011297812499998727,8.105405000000012,2.026351250000003,-3.271195268756999
extension_CsO2_exp_mp-1441,mp-1441,CsO2,extension,metallic,True,False,0.03485998833333248,0.19987249999999435,0.06662416666666478,0.04002383058608053
extension_CsO2_theo_mp-1096936,mp-1096936,CsO2,extension,metallic,True,True,0.0940473483333335,2.322982500000009,0.774327500000003,0.013920777429934555
extension_CsP7_exp_mp-1201790,mp-1201790,CsP7,extension,mixed,False,False,0.0,-2.382234166666642,-0.2977792708333302,0.028698409152289495
extension_CsP7_mp-1201790,mp-1201790,CsP7,extension,mixed,False,False,0.0,-2.382231666666641,-0.2977789583333301,0.028698430519810858
extension_CsP7_mp-1213206,mp-1213206,CsP7,extension,mixed,False,True,8.425187500016307e-05,-2.1333366666666365,-0.26666708333332956,0.019312507977075843
extension_CsP7_theo_mp-1213206,mp-1213206,CsP7,extension,mixed,False,True,8.425187500016307e-05,-2.1333366666666365,-0.26666708333332956,0.019312507977075843
extension_CsRb_mp-1225895,mp-1225895,CsRb,extension,metallic,True,True,0.03448047142241284,-0.009727499999999667,-0.0048637499999998335,0.012400937500000014
extension_Cu2S_mp-12087,mp-12087,Cu2S,extension,metallic,True,False,0.09426421770833393,-3.4643231249999964,-1.1547743749999988,-0.187492697567954
extension_Cu2S_mp-553942,mp-553942,Cu2S,extension,metallic,True,False,0.23845627437500028,-4.005033124999986,-1.335011041666662,-0.2071229129525693
extension_Cu3Te2_mp-1225676,mp-1225676,Cu3Te2,extension,metallic,True,True,0.02125787800000012,-2.2746533333333296,-0.45493066666666593,0.03269126881720434
extension_Cu7Te4_mp-624307,mp-624307,Cu7Te4,extension,metallic,True,False,0.1459016827272741,-9.164751666666628,-0.833159242424239,0.03063769028412955
extension_CuH_mp-1225705,mp-1225705,CuH,extension,metallic,True,True,0.09820546499999949,-0.8878750000000037,-0.4439375000000019,-0.08459321201941028
extension_CuNi_mp-1184069,mp-1184069,CuNi,extension,metallic,True,True,0.05968355999999986,-2.445709999999992,-1.222854999999996,-0.002528662117452396
extension_Ga2Au7_mp-571598,mp-571598,Ga2Au7,extension,metallic,True,False,0.017660370925923985,-99.57894166666667,-11.064326851851852,-0.05700918880577138
extension_Ga3Hg_mp-1184289,mp-1184289,Ga3Hg,extension,metallic,True,True,0.08707534437500186,-5.801145833333347,-1.4502864583333368,-0.10062793589507885
extension_Ga3Pb_mp-1184425,mp-1184425,Ga3Pb,extension,metallic,True,True,0.09109193937500137,-11.206712500000002,-2.8016781250000005,-0.12405776915113875
extension_Ga3Re_mp-1188393,mp-1188393,Ga3Re,extension,metallic,True,False,0.03857295171874853,-5.113680000000016,-1.278420000000004,-0.004542424908425102
extension_GaSb_mp-1224785,mp-1224785,GaSb,extension,metallic,True,True,0.1847465150000005,2.1790175000000005,1.0895087500000002,0.045810065891472906
extension_Ge3Mo5_mp-17094,mp-17094,Ge3Mo5,extension,metallic,True,False,0.04250976249999994,-35.02611999999999,-4.378264999999999,0.0061122212867209536
extension_Ge3O_mp-1184665,mp-1184665,Ge3O,extension,metallic,True,True,0.89046678375,-9.16955874999999,-2.2923896874999974,-0.09979114610389611
extension_GeAs_mp-7591,mp-7591,GeAs,extension,metallic,True,False,0.10544380666666875,0.015099999999989677,0.007549999999994839,-0.009519334351811681
extension_GeSb_mp-9935,mp-9935,GeSb,extension,metallic,True,True,0.04942549249999928,-0.42211999999999783,-0.21105999999999892,-0.0441362382022471
extension_GeTe_mp-938,mp-938,GeTe,extension,ionic,False,False,0.0,-2.125031666666663,-1.0625158333333315,-0.009799294736842046
extension_H2CN2_mp-703527,mp-703527,H2CN2,extension,covalent,False,False,0.18741764774999492,5.70190625000005,1.1403812500000101,-0.14289694976892348
extension_H2CN5_mp-1212563,mp-1212563,H2CN5,extension,mixed,False,True,0.1617986478124971,24.45709249999996,3.057136562499995,-0.22585908873270444
extension_H3Pd4_mp-1224413,mp-1224413,H3Pd4,extension,metallic,True,True,0.013056976428570621,-15.316879999999955,-2.188125714285708,-0.14208777476663645
extension_H4N_mp-1238814,mp-1238814,H4N,extension,metallic,True,True,0.32451140000000045,4.863164999999995,0.972632999999999,-0.25890199765686733
extension_H9CN9_mp-1202455,mp-1202455,H9CN9,extension,mixed,False,False,0.15232914070175418,40.22782000000032,2.117253684210543,-0.29473286361493534
extension_HC2N3_mp-1103408,mp-1103408,HC2N3,extension,covalent,False,True,0.28976179152776993,24.488759999999985,4.081459999999997,-0.20128879130111907
extension_HC2_mp-995184,mp-995184,HC2,extension,metallic,True,True,0.1491960781249988,-2.0407450000000438,-0.6802483333333479,0.03825119210292771
extension_HC3_mp-995200,mp-995200,HC3,extension,metallic,True,True,0.13767401546874858,-1.599760000000046,-0.3999400000000115,-0.07346708676739955
extension_HC6_mp-995202,mp-995202,HC6,extension,metallic,True,True,0.08574633205357074,-2.4492700000000127,-0.3498957142857161,-0.02912814256277002
extension_HC_mp-995197,mp-995197,HC,extension,mixed,False,True,0.10980436656249992,-0.9396212500000196,-0.4698106250000098,-0.1297827186101003
extension_HN_mp-1224501,mp-1224501,HN,extension,mixed,False,True,0.1923862111458332,4.53725937499998,2.26862968749999,-0.3925555721826861
extension_HN_mp-23922,mp-23922,HN,extension,mixed,False,False,0.16815524687499916,5.098218124999999,2.5491090624999995,-0.40073368211839533
extension_HN_mp-720515,mp-720515,HN,extension,mixed,False,False,0.14784463833333383,4.677971000000017,2.3389855000000086,-0.4082831053434274
extension_Hf3Pb_mp-1184772,mp-1184772,Hf3Pb,extension,metallic,True,True,0.0,-10.938789999999997,-2.7346974999999993,-0.009128367208672106
extension_HfCd_mp-1007758,mp-1007758,HfCd,extension,metallic,True,False,0.0,-1.8075900000000047,-0.9037950000000023,0.11316419999999994
extension_HfCr2_mp-569624,mp-569624,HfCr2,extension,metallic,True,False,0.10305479333333167,-3.8955625000000147,-1.2985208333333382,0.01758126474768998
extension_HfCu3_mp-1184704,mp-1184704,HfCu3,extension,metallic,True,True,0.07249532007622062,-6.306810000000009,-1.5767025000000023,-0.004209413978494669
extension_HfMg15_mp-1023478,mp-1023478,HfMg15,extension,metallic,True,True,0.07120114031250013,-7.080770000000004,-0.44254812500000024,-0.013056147488317769
extension_HfW2_mp-1224230,mp-1224230,HfW2,extension,metallic,True,True,0.2690691899999962,-21.856049999999982,-7.285349999999994,0.07255002252252274
extension_Hg3Pb_mp-1184700,mp-1184700,Hg3Pb,extension,metallic,True,True,0.06834607812499627,-5.828480000000038,-1.4571200000000095,-0.07358436748436797
extension_Hg3Sb_mp-977242,mp-977242,Hg3Sb,extension,metallic,True,True,0.12571606499999888,-2.320680000000017,-0.5801700000000043,-0.0652432836538464
extension_Hg5Pd2_mp-30721,mp-30721,Hg5Pd2,extension,metallic,True,False,0.03967810749999523,0.07639333333337106,0.010913333333338724,0.00672829683393833
extension_In2Te3_mp-1105025,mp-1105025,In2Te3,extension,metallic,True,False,0.30775990697777544,-11.833609999999997,-2.3667219999999993,0.282816517063206
extension_In7Cu10_mp-646039,mp-646039,In7Cu10,extension,metallic,True,False,0.0,-52.15031000000012,-3.067665294117654,0.06116640070400631
extension_InNi_mp-20997,mp-20997,InNi,extension,metallic,True,False,0.09218754000000118,-0.4473900000000057,-0.22369500000000286,0.06787007142857138
extension_InSn4_mp-1223653,mp-1223653,InSn4,extension,metallic,True,True,0.14784555200000327,-2.1226399999999828,-0.4245279999999966,0.38810344082883425
extension_Ir3Ru_mp-974358,mp-974358,Ir3Ru,extension,metallic,True,True,0.0,-47.585609999999974,-11.896402499999994,-0.04507499142857124
extension_Ir4W_mp-1223666,mp-1223666,Ir4W,extension,metallic,True,True,0.2319650820000021,-71.41394999999997,-14.282789999999995,0.5654534090294675
extension_IrPd_mp-1223675,mp-1223675,IrPd,extension,metallic,True,True,0.11000630500000597,-12.363360000000014,-6.181680000000007,-0.015596455026455236
extension_K2O_exp_mp-971,mp-971,K2O,extension,ionic,False,False,0.0,-1.3071137500000098,-0.4357045833333366,-0.07766042288961056
extension_K2O_theo_mp-1223784,mp-1223784,K2O,extension,metallic,True,True,0.19996455333333385,-4.691493750000004,-1.5638312500000013,-0.11122416098484858
extension_K2S_exp_mp-1022,mp-1022,K2S,extension,ionic,False,False,0.0,-1.0077531249999945,-0.3359177083333315,-0.2075126620811284
extension_K3Rb_mp-976115,mp-976115,K3Rb,extension,metallic,True,True,0.037403925187500686,-1.5061125000000004,-0.3765281250000001,0.002775317028985494
extension_KCl_exp_mp-23289,mp-23289,KCl,extension,ionic,False,False,0.07764382000000003,1.5232549999999954,0.7616274999999977,-0.022385686653771858
extension_KF3_exp_mp-1544557,mp-1544557,KF3,extension,ionic,False,False,0.01249103906249971,-4.604543749999992,-1.151135937499998,-0.027915401738533026
extension_KF3_theo_mp-2749823,mp-2749823,KF3,extension,ionic,False,True,0.011928009062500244,-4.6020299999999965,-1.1505074999999991,-0.02895214894058993
extension_KMg15_mp-1023498,mp-1023498,KMg15,extension,metallic,True,True,0.10105966356250029,0.12897000000000014,0.008060625000000009,0.0023413528138528147
extension_KN2_anchor_mp-1071868,mp-1071868,KN2,extension,metallic,True,False,1.1629511857777777,-0.42586499999999816,-0.1419549999999994,-1.6128380656108599
extension_KN2_poly_mp-1180757,mp-1180757,KN2,extension,metallic,True,True,1.2293322591111107,-3.012030000000003,-1.004010000000001,-1.6027713262599472
extension_KN3_mp-827,mp-827,KN3,extension,mixed,False,False,0.0,7.284005000000022,1.8210012500000055,-2.295742583979328
extension_KN3_theo_mp-636056,mp-636056,KN3,extension,metallic,True,True,1.0369771337499998,-9.225250000000003,-2.3063125000000007,-2.1320249790356396
extension_KP15_mp-1211471,mp-1211471,KP15,extension,mixed,False,True,0.0,-1.8569110714285415,-0.11605694196428384,-0.013990737208085136
extension_KP_exp_mp-1058315,mp-1058315,KP,extension,metallic,True,False,1.008041285,-4.319927738095241,-2.1599638690476204,-0.3085227332381343
extension_KP_theo_mp-1057787,mp-1057787,KP,extension,metallic,True,True,1.0092306499999992,-4.273297738095241,-2.1366488690476206,-0.3072956279749764
extension_Li2O_exp_mp-1960,mp-1960,Li2O,extension,ionic,False,False,0.0,7.00976291666667,2.33658763888889,-0.09635904545454543
extension_Li2O_theo_mp-755894,mp-755894,Li2O,extension,ionic,False,True,0.0843597108333336,5.844387916666662,1.948129305555554,-0.08675566197508078
extension_Li2S_exp_mp-1125,mp-1125,Li2S,extension,ionic,False,False,0.061509288333333245,5.5513610416666666,1.8504536805555556,-0.06942981715686963
extension_Li2S_theo_mp-557142,mp-557142,Li2S,extension,ionic,False,True,0.1749633300000002,4.515508541666673,1.505169513888891,-0.02009581768555052
extension_Li3Ca_mp-976075,mp-976075,Li3Ca,extension,metallic,True,True,0.06004755895833336,-3.543419999999994,-0.8858549999999985,-0.05937966126268612
extension_Li3N_exp_mp-2341,mp-2341,Li3N,extension,ionic,False,False,0.003927161250000033,7.389704999999999,1.8474262499999998,-0.09457111603672147
extension_LiCl_exp_mp-22905,mp-22905,LiCl,extension,ionic,False,False,0.02431463874999995,5.606035833333337,2.8030179166666684,0.036910201612903315
extension_LiCl_theo_mp-1185319,mp-1185319,LiCl,extension,ionic,False,True,0.0038527562499997003,5.000918333333335,2.5004591666666673,0.12336782991202352
extension_LiF_exp_mp-1138,mp-1138,LiF,extension,ionic,False,False,0.0,8.934693333333348,4.467346666666674,-0.029762219504239906
extension_LiF_theo_mp-1009009,mp-1009009,LiF,extension,ionic,False,True,0.2875420599999998,9.026113333333319,4.513056666666659,-0.04636250000000003
extension_LiN3_mp-2659,mp-2659,LiN3,extension,mixed,False,False,0.0,19.296948333333354,4.824237083333339,-0.32645857960823693
extension_LiP5_exp_mp-2412,mp-2412,LiP5,extension,mixed,False,False,0.007694938690475439,5.425947142857147,0.9043245238095245,-0.08961343980758557
extension_LiP5_mp-2412,mp-2412,LiP5,extension,mixed,False,False,0.007694938690475439,5.425947142857147,0.9043245238095245,-0.08961343980758557
extension_LiP5_mp-32760,mp-32760,LiP5,extension,mixed,False,True,0.09630660601190577,5.215294642857145,0.8692157738095242,-0.06729724517267083
extension_LiP5_theo_mp-32760,mp-32760,LiP5,extension,mixed,False,True,0.09630660601190577,5.215294642857145,0.8692157738095242,-0.06729724517267083
extension_LiRh3_mp-1001787,mp-1001787,LiRh3,extension,metallic,True,False,0.0,-7.660406666666649,-1.9151016666666623,-0.019621451753959657
extension_LiS4_mp-1143546,mp-1143546,LiS4,extension,mixed,False,True,0.21230688803125108,-0.4483141666666519,-0.08966283333333039,1.0067146005209102
extension_Mg15Ni_mp-1023622,mp-1023622,Mg15Ni,extension,metallic,True,True,0.07608314989583365,-4.493439999999996,-0.28083999999999976,-0.0021303222267928107
extension_Mg2Ge_mp-250,mp-250,Mg2Ge,extension,metallic,True,False,0.4831721600000005,-4.035809999999994,-1.3452699999999982,-0.05654774267399261
extension_Mg3Al_mp-978271,mp-978271,Mg3Al,extension,metallic,True,True,0.027507425520833628,-11.937509999999996,-2.984377499999999,-0.020677145833333313
extension_Mg3Ru2_mp-625,mp-625,Mg3Ru2,extension,metallic,True,False,0.0,-9.638152499999999,-1.9276304999999998,-0.046843544671644324
extension_Mg3Zr_mp-1094466,mp-1094466,Mg3Zr,extension,metallic,True,True,0.06476887374999984,-6.778785000000009,-1.6946962500000022,-0.06518062500000009
extension_Mg5Sc_mp-1185837,mp-1185837,Mg5Sc,extension,metallic,True,True,0.0599288583333335,-2.8230349999999977,-0.47050583333333296,-0.013214240459153231
extension_Mg5Te_mp-1185828,mp-1185828,Mg5Te,extension,metallic,True,True,0.22432475583333433,-1.0028166666666647,-0.1671361111111108,-0.014529049380851686
extension_MgAl2_mp-1102064,mp-1102064,MgAl2,extension,metallic,True,False,0.04160550583333311,-20.688814999999984,-6.896271666666661,-0.04118944117647047
extension_MgCd_mp-11307,mp-11307,MgCd,extension,metallic,True,False,0.0,-4.273054999999994,-2.136527499999997,-0.07962367528735625
extension_MgCl2_exp_mp-23210,mp-23210,MgCl2,extension,ionic,False,False,0.0,0.4705266666666539,0.15684222222221797,-0.003024219704275341
extension_MgCl2_theo_mp-569626,mp-569626,MgCl2,extension,ionic,False,True,0.19913082333333376,-0.2587050000000026,-0.08623500000000088,-0.004241065573770533
extension_MgF2_exp_mp-1072956,mp-1072956,MgF2,extension,ionic,False,False,0.0024727899999996694,0.004355000000012765,0.0014516666666709217,-0.018930197325505452
extension_MgF2_theo_mp-1062842,mp-1062842,MgF2,extension,ionic,False,True,0.26364889999999974,0.06870000000000864,0.02290000000000288,-0.023331622574955843
extension_MgIn2_mp-1077016,mp-1077016,MgIn2,extension,metallic,True,False,0.1897874227777776,-14.104575000000011,-4.701525000000004,0.08203331495098029
extension_MgO_exp_mp-549706,mp-549706,MgO,extension,ionic,False,False,0.11804199249999936,-2.835813750000008,-1.417906875000004,-0.12054526165871762
extension_MgO_theo_mp-1009127,mp-1009127,MgO,extension,ionic,False,True,0.7484379050000003,-2.1526437499999993,-1.0763218749999997,-0.13520731442577033
extension_MgPb2_mp-2016042,mp-2016042,MgPb2,extension,metallic,True,True,0.03419048000000657,-8.175815000000004,-2.725271666666668,0.04690784090909084
extension_MgS_exp_mp-1315,mp-1315,MgS,extension,ionic,False,False,0.0,-0.6801231249999962,-0.3400615624999981,-0.255302546445605
extension_MgS_theo_mp-13032,mp-13032,MgS,extension,ionic,False,True,0.034344234999999834,-0.8326431249999953,-0.41632156249999763,-0.22718109114414972
extension_MgTi_mp-1094346,mp-1094346,MgTi,extension,metallic,True,True,0.12570916333333226,-3.19871833333334,-1.59935916666667,-0.0248512793851719
extension_MgTl3_mp-978262,mp-978262,MgTl3,extension,metallic,True,True,0.051357820833329626,-8.744035000000004,-2.186008750000001,-0.06643257878151265
extension_Mn2O7_mp-28338,mp-28338,Mn2O7,extension,covalent,False,False,0.3346113968981488,-13.218389913793033,-1.468709990421448,0.06493495831632862
extension_Mn4B_mp-1221769,mp-1221769,Mn4B,extension,metallic,True,True,0.10306404682758696,6.493708505747108,1.2987417011494216,0.04193838471695044
extension_Mn4Ga_mp-1221812,mp-1221812,Mn4Ga,extension,metallic,True,True,0.1642719892413762,26.37846767241379,5.275693534482758,0.07473042601078225
extension_MnO2_mp-510408,mp-510408,MnO2,extension,metallic,True,False,0.04644304472222238,-1.582223706896574,-0.527407902298858,-0.03928709756097576
extension_Mo2C_mp-1221498,mp-1221498,Mo2C,extension,metallic,True,True,0.06276392999999914,-14.985825000000013,-4.995275000000004,-0.07496332601626032
extension_MoPd2_mp-1206704,mp-1206704,MoPd2,extension,metallic,True,True,0.0,-16.619919999999993,-5.539973333333331,0.015930209727800126
extension_MoRu_mp-1221386,mp-1221386,MoRu,extension,metallic,True,True,0.09995914916666493,-4.560249999999986,-2.280124999999993,0.0027388994396017052
extension_N2O_mp-1180473,mp-1180473,N2O,extension,mixed,False,False,0.2568286241666655,10.914883750000023,3.638294583333341,0.0016293035682742874
extension_NO_mp-1180334,mp-1180334,NO,extension,metallic,True,True,0.6216735074999997,4.274248750000023,2.1371243750000115,-0.07931815267350986
extension_Na2Cl_theo_mp-1077015,mp-1077015,Na2Cl,extension,metallic,True,True,0.23910790120689684,-1.189525000000001,-0.3965083333333337,-0.042020255421686775
extension_Na2O_exp_mp-2352,mp-2352,Na2O,extension,ionic,False,False,0.0,-3.917043750000003,-1.305681250000001,-0.14147785564516135
extension_Na2O_theo_mp-1975297,mp-1975297,Na2O,extension,ionic,False,True,0.09812461166666742,-4.685608749999997,-1.5618695833333325,-0.13923917976190475
extension_Na3Hg_mp-1186050,mp-1186050,Na3Hg,extension,metallic,True,True,0.021215371458335852,-4.096973333333339,-1.0242433333333347,-0.17600842807924216
extension_Na3In_mp-864758,mp-864758,Na3In,extension,metallic,True,True,0.040365352500000284,-9.801500000000006,-2.4503750000000015,-0.06496263955342908
extension_Na3Mg_mp-982637,mp-982637,Na3Mg,extension,metallic,True,True,0.09973374989585748,-0.3086500000000001,-0.07716250000000002,0.007871055718475073
extension_Na3Si34_mp-1221235,mp-1221235,Na3Si34,extension,metallic,True,True,0.05178974374999967,-15.80032,-0.42703567567567563,0.09224352083572496
extension_NaN3_exp_mp-22003,mp-22003,NaN3,extension,mixed,False,False,0.0017140024999999781,8.690514999999955,2.172628749999989,-1.0863396252723314
extension_NaN3_mp-1066400,mp-1066400,NaN3,extension,mixed,False,False,0.0029249474999994973,7.574484999999989,1.8936212499999971,-1.09460651416122
extension_NaN3_mp-22003,mp-22003,NaN3,extension,mixed,False,False,0.0017140024999999781,8.690514999999955,2.172628749999989,-1.0863396252723314
extension_NaN3_mp-634410,mp-634410,NaN3,extension,mixed,False,True,0.26956520750000035,11.609224999999974,2.9023062499999934,-1.1225697240377635
extension_NaN3_theo_mp-1065265,mp-1065265,NaN3,extension,mixed,False,True,1.0162235174999994,-6.928054999999986,-1.7320137499999966,-1.1718090628115652
extension_NaP15_mp-1194653,mp-1194653,NaP15,extension,mixed,False,False,0.0,-1.075911071428692,-0.06724444196429324,-0.039499040077535075
extension_NaP5_mp-31086,mp-31086,NaP5,extension,mixed,False,False,0.009960415000000111,-0.11918619047618506,-0.019864365079364177,-0.13724840569123253
extension_NaS_exp_mp-409,mp-409,NaS,extension,ionic,False,False,0.002286554999999524,-0.9821581249999989,-0.49107906249999944,-0.20413308964597562
extension_NaS_theo_mp-1180106,mp-1180106,NaS,extension,ionic,False,True,1.0060650862499996,-4.799773124999995,-2.3998865624999977,-0.003575731922398351
extension_Nb3Ni_mp-999394,mp-999394,Nb3Ni,extension,metallic,True,True,0.21315346375000033,-27.401929999999993,-6.850482499999998,-0.009364515873015844
extension_Nb4Rh_mp-1220441,mp-1220441,Nb4Rh,extension,metallic,True,True,0.08011662799999897,-24.38028000000002,-4.876056000000004,0.14458501895051495
extension_NbCd3_mp-11309,mp-11309,NbCd3,extension,metallic,True,False,0.14487106500000024,-25.860579999999977,-6.465144999999994,-0.051792398333333156
extension_NbO_anchor_mp-2692,mp-2692,NbO,extension,metallic,True,False,0.7887604083333315,-4.635733749999993,-2.3178668749999964,-0.07554442818110846
extension_NbO_poly_mp-634965,mp-634965,NbO,extension,metallic,True,True,0.8240059083333318,-6.298983749999955,-3.1494918749999776,-0.002906440476189931
extension_NbP_anchor_mp-9830,mp-9830,NbP,extension,metallic,True,False,0.6020631175000002,-4.944822738095237,-2.4724113690476184,-0.16493033531190693
extension_NbP_poly_mp-1220317,mp-1220317,NbP,extension,metallic,True,True,0.6208620024999991,-2.346237738095258,-1.173118869047629,-0.16497634638416825
extension_NbZn16_mp-640041,mp-640041,NbZn16,extension,metallic,True,False,0.0,-121.0796249999998,-7.122330882352929,-0.008373356272733945
extension_Ni3Mo_mp-11506,mp-11506,Ni3Mo,extension,metallic,True,False,0.0,-17.181704999999987,-4.295426249999997,0.007487228341355123
extension_NiSb3_mp-1106023,mp-1106023,NiSb3,extension,metallic,True,False,0.01561135500000077,-0.8543950000000073,-0.21359875000000184,0.07832885465297221
extension_OsC_anchor_mp-7142,mp-7142,OsC,extension,metallic,True,False,0.9160852612500001,-4.033534999999993,-2.0167674999999967,-0.11803374166666669
extension_OsC_poly_mp-1009537,mp-1009537,OsC,extension,metallic,True,True,1.4795162512500006,-4.636775000000011,-2.3183875000000054,-0.1090395333333335
extension_OsC_poly_mp-1009539,mp-1009539,OsC,extension,metallic,True,True,1.3918186662499998,-6.22820500000001,-3.114102500000005,-0.12567932568306026
extension_OsC_poly_mp-999308,mp-999308,OsC,extension,metallic,True,True,0.9277737837499984,-5.914384999999999,-2.9571924999999997,-0.08043236171617166
extension_P4Se5_mp-2447,mp-2447,P4Se5,extension,covalent,False,False,0.00974189644444401,3.2071340476190997,0.3563482275132333,0.03600098647957628
extension_PNO_mp-675742,mp-675742,PNO,extension,mixed,False,True,1.4997472041111104,2.023175178571421,0.6743917261904736,-0.060716712866566325
extension_PW3_mp-1209828,mp-1209828,PW3,extension,metallic,True,True,0.057999603124997634,-47.51709523809522,-11.879273809523806,0.1267322285333794
extension_Pb2Au_mp-22795,mp-22795,Pb2Au,extension,metallic,True,False,0.0,-20.435444999999994,-6.811814999999998,-0.16618353903903893
extension_PbAu3_mp-982246,mp-982246,PbAu3,extension,metallic,True,True,0.081645635000001,-43.21482000000001,-10.803705000000003,-0.13241575985663084
extension_PbN6_mp-620058,mp-620058,PbN6,extension,mixed,False,False,0.1096255538095221,11.798190000000261,1.6854557142857516,-3.304638604100301
extension_PbN6_mp-667338,mp-667338,PbN6,extension,mixed,False,False,0.10931083119047358,11.862004166666878,1.694572023809554,-3.3114367171412478
extension_Rb2O_exp_mp-1394,mp-1394,Rb2O,extension,ionic,False,False,0.0031695866666665573,2.1706062499999934,0.7235354166666644,0.0062746942640691805
extension_Rb2O_theo_mp-2023482,mp-2023482,Rb2O,extension,ionic,False,True,0.047853428888886995,-2.2775587500000034,-0.7591862500000012,0.016492908549783525
extension_Rb3In_mp-974948,mp-974948,Rb3In,extension,metallic,True,True,0.16634191892045447,-10.394512500000003,-2.5986281250000007,0.08708673809523815
extension_Rb3Li_mp-974938,mp-974938,Rb3Li,extension,metallic,True,True,0.14514899354166677,-3.0241791666666646,-0.7560447916666662,0.08975703631647211
extension_Rb3P11_mp-1173444,mp-1173444,Rb3P11,extension,metallic,True,True,0.27383845571428367,-0.006602619047654912,-0.0004716156462610651,-0.14191855924990565
extension_Rb3P_mp-974822,mp-974822,Rb3P,extension,ionic,False,True,0.11857260520833357,3.626959761904761,0.9067399404761902,-0.2229260356436868
extension_RbCl_exp_mp-23299,mp-23299,RbCl,extension,ionic,False,False,0.02977404000000128,3.584817500000002,1.792408750000001,0.04914189310689317
extension_RbF_exp_mp-2064,mp-2064,RbF,extension,ionic,False,False,0.05158332500000107,7.848772500000006,3.924386250000003,0.05803165873015881
extension_RbF_theo_mp-11718,mp-11718,RbF,extension,ionic,False,True,0.0,3.899402499999998,1.949701249999999,0.07556564444444439
extension_RbN3_exp_mp-581833,mp-581833,RbN3,extension,mixed,False,False,0.019336026250000415,9.380027500000004,2.345006875000001,-0.25473747579983597
extension_RbN3_theo_mp-1219567,mp-1219567,RbN3,extension,mixed,False,True,0.79660387875,0.5168874999999602,0.12922187499999005,-0.3618833844393597
extension_RbP15_mp-1209298,mp-1209298,RbP15,extension,mixed,False,True,0.0,-1.705103571428495,-0.10656897321428094,-0.0037581214711318034
extension_RbP_exp_mp-1179688,mp-1179688,RbP,extension,metallic,True,False,0.9878872979166671,-3.862905238095239,-1.9314526190476196,-0.266519048994975
extension_RbP_theo_mp-1058499,mp-1058499,RbP,extension,metallic,True,True,0.9881531929166671,-3.8208052380952404,-1.9104026190476202,-0.2651157156616417
extension_RbS_exp_mp-558071,mp-558071,RbS,extension,mixed,False,False,0.0018650299999998232,-0.6433856249999961,-0.32169281249999804,-0.017884920042175345
extension_RbS_theo_mp-1179684,mp-1179684,RbS,extension,ionic,False,True,0.9974513208333313,-5.469430624999995,-2.7347153124999974,0.2525492904841406
extension_Re2Si_mp-669547,mp-669547,Re2Si,extension,metallic,True,False,0.3323728517857134,-7.940769999999976,-2.646923333333325,-0.010205951972009963
extension_Re3N5_mp-1080194,mp-1080194,Re3N5,extension,metallic,True,True,0.15380868749999976,-16.436130000000006,-2.0545162500000007,-0.10397277012511047
extension_Re3Pd_mp-862586,mp-862586,Re3Pd,extension,metallic,True,True,0.0,-15.397944999999993,-3.849486249999998,0.027737198801100593
extension_Re5Si3_mp-1105959,mp-1105959,Re5Si3,extension,metallic,True,False,0.15830164888392595,-15.30845499999998,-1.9135568749999976,-0.0014238734647780693
extension_ReC_anchor_mp-1079494,mp-1079494,ReC,extension,metallic,True,False,0.636191904375,-5.324962500000002,-2.662481250000001,-0.07265325609756101
extension_ReC_poly_mp-1009731,mp-1009731,ReC,extension,metallic,True,True,1.1149929443750004,-3.9910299999999737,-1.9955149999999868,-0.10060666666666651
extension_RuC_anchor_mp-10030,mp-10030,RuC,extension,metallic,True,False,0.6494276712500024,-4.260265,-2.1301325,-0.1224724208333334
extension_RuC_poly_mp-1009787,mp-1009787,RuC,extension,metallic,True,True,0.9096720512499985,-5.720965000000014,-2.860482500000007,-0.12508338907103841
extension_RuRh3_mp-974335,mp-974335,RuRh3,extension,metallic,True,True,0.0347198320833364,-16.545210000000015,-4.136302500000004,-0.03394073500000011
extension_S4N2_cod4031496,,S2N,extension,covalent,,,,1.9935350000000298,0.6645116666666766,0.013226033211188037
extension_S4N4_cod7017102,,SN,extension,covalent,,,,2.13101312499996,1.06550656249998,-0.008518090316953886
extension_SN_anchor_mp-236,mp-236,SN,extension,covalent,False,False,0.5086555859375004,0.2879368750000353,0.14396843750001764,0.012374255992398664
extension_SN_poly_mp-1078816,mp-1078816,SN,extension,metallic,True,True,0.8090262296875004,-2.4926506249999836,-1.2463253124999918,-0.13716449932486519
extension_SN_poly_mp-1173453,mp-1173453,SN,extension,metallic,True,True,0.7225484081597227,-1.4108481249999976,-0.7054240624999988,0.02175717172307612
extension_SN_poly_mp-684642,mp-684642,SN,extension,metallic,True,True,0.5498053901041668,1.4512652083333748,0.7256326041666874,0.007136734983995363
extension_Sb2S5_mp-1359089,mp-1359089,Sb2S5,extension,metallic,True,True,0.08012190446428491,-3.197530625000006,-0.45679008928571513,0.07251832449930845
extension_ScOs3_mp-981384,mp-981384,ScOs3,extension,metallic,True,True,0.384095409375,-10.692895000000014,-2.6732237500000036,-0.04691766789732779
extension_Si3H_mp-995193,mp-995193,Si3H,extension,mixed,False,True,0.03147248546874959,-0.15927500000002937,-0.03981875000000734,-0.0011090538847120524
extension_Si3Pt_mp-972763,mp-972763,Si3Pt,extension,metallic,True,True,0.2618652343750014,-1.9348250000000036,-0.4837062500000009,0.08218622410175713
extension_Si3W5_mp-31219,mp-31219,Si3W5,extension,metallic,True,False,0.025065460000000428,-81.33772500000006,-10.167215625000008,0.009558015373364204
extension_SiH2_mp-1192532,mp-1192532,SiH2,extension,mixed,False,False,0.04434195949999964,-0.294110999999992,-0.09803699999999733,-0.09871282754010685
extension_SiO2_anchor_mp-9258,mp-9258,SiO2,extension,ionic,False,False,0.5770440263888901,9.9994650000001,3.3331550000000334,-0.031450213018490186
extension_SiO2_poly_mp-10064,mp-10064,SiO2,extension,ionic,False,True,1.27794353388889,6.520467500000009,2.17348916666667,-0.10987098524532912
extension_SiO2_poly_mp-556044,mp-556044,SiO2,extension,metallic,True,True,1.4573660394444454,0.2874816666666682,0.09582722222222273,0.08218486326777091
extension_SiO2_poly_mp-638049,mp-638049,SiO2,extension,metallic,True,True,1.7447606447222235,1.1547191666666201,0.38490638888887335,-0.022784530406365827
extension_SiTc3_mp-972784,mp-972784,SiTc3,extension,metallic,True,True,0.1528513418749995,-10.10073000000002,-2.525182500000005,0.001488641387195011
extension_SiTe2_mp-2755,mp-2755,SiTe2,extension,metallic,True,False,0.0482593716666635,1.6808216666666702,0.5602738888888901,0.12671797916666672
extension_Sn3S_mp-1187038,mp-1187038,Sn3S,extension,metallic,True,True,0.3167847331250009,-16.18111312499997,-4.045278281249993,-0.06602032088943238
extension_Sn3Se_mp-1187055,mp-1187055,Sn3Se,extension,metallic,True,True,0.2596551493749999,-15.56160999999998,-3.890402499999995,-0.017359240890687966
extension_SnP_mp-475,mp-475,SnP,extension,metallic,True,False,0.040785102499999226,-2.404297738095245,-1.2021488690476225,-0.10590695286624235
extension_SnPb3_mp-1187118,mp-1187118,SnPb3,extension,metallic,True,True,0.08925198000000023,-20.78232499999999,-5.195581249999997,-0.10269879058441539
extension_Sr3N2_mp-1013529,mp-1013529,Sr3N2,extension,metallic,True,True,0.5582295490000018,-12.163035000000006,-2.4326070000000013,-0.31237345256917004
extension_Sr3P4_exp_mp-14288,mp-14288,Sr3P4,extension,mixed,False,False,0.0,-7.330305952380964,-1.047186564625852,-0.24147519610982943
extension_Sr3P4_theo_mp-682953,mp-682953,Sr3P4,extension,mixed,False,True,0.00811516785714339,-7.555405952380966,-1.079343707482995,-0.24247646948193896
extension_SrB2_mp-1008755,mp-1008755,SrB2,extension,metallic,True,True,0.5325422407407405,-8.365578333333321,-2.788526111111107,-0.059958359726962396
extension_SrF2_exp_mp-1102240,mp-1102240,SrF2,extension,ionic,False,False,0.06457278833333291,-1.626355000000001,-0.5421183333333337,-0.005359318960149462
extension_SrF2_theo_mp-1102911,mp-1102911,SrF2,extension,ionic,False,True,0.02665916666666579,-0.4441650000000008,-0.14805500000000027,-0.01148852272727273
extension_SrN6_mp-2131,mp-2131,SrN6,extension,mixed,False,False,0.009174299285714227,13.104050000000086,1.8720071428571552,-2.875312480620155
extension_SrN_exp_mp-1058586,mp-1058586,SrN,extension,metallic,True,False,0.4343258274999986,-4.15535,-2.077675,-0.4885202432432432
extension_SrO10_mp-1208655,mp-1208655,SrO10,extension,metallic,True,True,0.6930220472727271,-29.47474249999989,-2.6795220454545357,-0.08620918633638852
extension_SrO2_exp_mp-726705,mp-726705,SrO2,extension,mixed,False,False,0.009602360833331325,-5.761557500000004,-1.9205191666666679,-0.08038653510039007
extension_SrO2_theo_mp-2763179,mp-2763179,SrO2,extension,mixed,False,True,0.011030372499999608,-5.256629999999991,-1.752209999999997,-0.07790488406973453
extension_SrS_exp_mp-10627,mp-10627,SrS,extension,ionic,False,False,0.2996298049999986,-0.217668124999995,-0.1088340624999975,-0.21166122994652375
extension_TaBe12_mp-567842,mp-567842,TaBe12,extension,metallic,True,False,0.0,-28.9663400000004,-2.2281800000000307,0.034430224603603926
extension_TaN_anchor_mp-1497,mp-1497,TaN,extension,metallic,True,False,0.4515790083333364,-6.938018333333332,-3.469009166666666,-0.25340641320365453
extension_TaN_poly_mp-1009831,mp-1009831,TaN,extension,metallic,True,True,0.8162796533333321,-3.1843950000000127,-1.5921975000000064,-0.24024780448717958
extension_TaN_poly_mp-1009833,mp-1009833,TaN,extension,metallic,True,True,0.49169759333333474,-5.753205000000005,-2.8766025000000024,-0.30459351877289376
extension_Tc3Mo_mp-1187395,mp-1187395,Tc3Mo,extension,metallic,True,True,0.11694241874999989,-19.774985000000022,-4.943746250000006,-0.04286892641476897
extension_Tc3Os_mp-862779,mp-862779,Tc3Os,extension,metallic,True,True,0.0,-15.197145000000035,-3.7992862500000086,-0.011697485795454765
extension_Tc3W_mp-1187398,mp-1187398,Tc3W,extension,metallic,True,True,0.10723927500000485,-28.316720000000032,-7.079180000000008,0.015825526737189233
extension_Te2Pd7_mp-1217443,mp-1217443,Te2Pd7,extension,metallic,True,True,0.11441960977299814,-44.50625666666669,-4.945139629629632,0.0810182903789865
extension_Ti2Cu_mp-742,mp-742,Ti2Cu,extension,metallic,True,False,0.0,-2.154870000000006,-0.718290000000002,0.002495110428269609
extension_Ti3Nb_mp-1217091,mp-1217091,Ti3Nb,extension,metallic,True,True,0.06679139250000077,-5.674004999999987,-1.4185012499999967,0.04412022558661152
extension_TiMo2_mp-1216675,mp-1216675,TiMo2,extension,metallic,True,True,0.061337100370366215,-10.126795000000008,-3.375598333333336,0.1745891844919785
extension_TiO2II_mp-1439,mp-1439,TiO2,extension,covalent,False,False,0.004523600833332253,-1.938300000000016,-0.6461000000000053,-0.0506994361875186
extension_TiO2OII_mp-9173,mp-9173,TiO2,extension,covalent,False,False,0.05749979000000138,-1.952750000000048,-0.6509166666666827,-0.04700294142101319
extension_TiO2baddeleyite_mp-430,mp-430,TiO2,extension,ionic,False,False,0.03948350083333452,-1.879997500000016,-0.6266658333333387,-0.060232189872536146
extension_Tl3Au_mp-1080569,mp-1080569,Tl3Au,extension,metallic,True,True,0.06940479416666534,-24.546684999999993,-6.136671249999998,-0.15980492429158544
extension_TlAs_mp-1007770,mp-1007770,TlAs,extension,metallic,True,True,0.11668702583332902,-1.0286550000000112,-0.5143275000000056,0.03844958955223848
extension_TlAu3_mp-1187508,mp-1187508,TlAu3,extension,metallic,True,True,0.12302775499999541,-44.56907000000001,-11.142267500000003,-0.07421279714912293
extension_TlC_anchor_mp-567465,mp-567465,TlC,extension,metallic,True,False,2.10802690958333,-6.2807450000000244,-3.1403725000000122,-0.09341607882882919
extension_TlC_poly_mp-1058887,mp-1058887,TlC,extension,metallic,True,True,2.375719474583331,-6.7276450000000025,-3.3638225000000013,-0.09154975000000004
extension_TlN_anchor_mp-1017982,mp-1017982,TlN,extension,metallic,True,False,0.7334453533333338,-2.5759199999999964,-1.2879599999999982,-0.7219944240317775
extension_TlN_poly_mp-1002222,mp-1002222,TlN,extension,metallic,True,True,0.9711865358333327,0.27806500000000156,0.13903250000000078,-0.7820158748221906
extension_TlN_poly_mp-1007778,mp-1007778,TlN,extension,metallic,True,True,0.733738815833334,-1.465994999999996,-0.732997499999998,-0.7643626315789473
extension_W9C4_mp-684989,mp-684989,W9C4,extension,metallic,True,True,0.07193477384615221,-178.44483000000005,-13.726525384615389,0.04365716052074414
extension_WBr5_mp-1436789,mp-1436789,WBr5,extension,metallic,True,True,0.9777983063888893,-10.936189999999996,-1.8226983333333326,0.3352511876006441
extension_WC_anchor_mp-13136,mp-13136,WC,extension,metallic,True,False,0.4476605100000022,-12.536875000000023,-6.268437500000012,-0.05502337522768702
extension_WC_poly_mp-1008630,mp-1008630,WC,extension,metallic,True,True,0.8989987500000005,-11.880084999999973,-5.940042499999986,-0.04362938888888879
extension_WC_poly_mp-1008635,mp-1008635,WC,extension,metallic,True,True,0.6728768300000034,-15.463095000000017,-7.7315475000000085,-0.049432109126984425
extension_Y3Co_mp-1105598,mp-1105598,Y3Co,extension,metallic,True,False,0.0,-11.638662500000002,-2.9096656250000006,0.13071964361496913
extension_Zn13Rh_mp-13447,mp-13447,Zn13Rh,extension,metallic,True,False,0.0,-95.48866500000011,-6.820618928571436,-0.01739254654578204
extension_Zn2Ag_mp-1093999,mp-1093999,Zn2Ag,extension,metallic,True,True,0.0,-21.452300000000022,-7.150766666666674,-0.05070645219347608
extension_Zn3Au_mp-1188000,mp-1188000,Zn3Au,extension,metallic,True,True,0.027401257187502637,-34.661235,-8.66530875,-0.03171606550141237
extension_Zn3N2_mp-1524551,mp-1524551,Zn3N2,extension,metallic,True,True,0.014135124999999249,-21.480339999999934,-4.296067999999987,-0.15863799576125526
extension_Zn3N2_mp-9460,mp-9460,Zn3N2,extension,metallic,True,False,0.0,-22.139373749999926,-4.427874749999985,-0.15323772773959538
extension_Zn7Tc_mp-1206378,mp-1206378,Zn7Tc,extension,metallic,True,True,0.0825775456249982,-49.86276999999994,-6.232846249999993,-0.020978783840947424
extension_Zr3Fe_mp-31205,mp-31205,Zr3Fe,extension,metallic,True,False,0.0,-6.334280000000007,-1.5835700000000017,0.008418307900116773
extension_ZrHg3_mp-1608,mp-1608,ZrHg3,extension,metallic,True,False,0.02171306624999403,4.430874999999972,1.107718749999993,-0.0163490550261588
gasref_ZnSn_NiAs,,ZnSn,extension,metallic,True,True,,-10.027494999999995,-5.013747499999997,0.04382587646872038
hull_ionic_NaCl_mp-22862,,NaCl,hull,ionic,False,,0.0,0.7470950000000007,0.37354750000000037,-0.03645674237288134
hull_metallic_AlNi_mp-1487,,AlNi,hull,metallic,True,,0.0,6.039460000000009,3.0197300000000045,0.1336121780303031
metastable_ionic_LiBr_mp-23259,,LiBr,metastable,ionic,False,,0.009895712500000542,8.116458333333341,4.0582291666666706,0.14916924238410612
metastable_metallic_BeCu_mp-2323,,BeCu,metastable,metallic,True,,0.005036342500000401,10.074172499999989,5.037086249999994,0.02271671341463405
theo_metastable_Al4Si_mp-1228120,mp-1228120,Al4Si,theo_metastable,metallic,True,True,0.11491430399999913,3.3015649999999965,0.6603129999999993,0.732627205908289
theo_metastable_AlSb_mp-1023918,mp-1023918,AlSb,theo_metastable,metallic,True,True,0.18779470750000016,-8.332870000000007,-4.166435000000003,0.014707084328714592
theo_metastable_B3Ir2_mp-1228647,mp-1228647,B3Ir2,theo_metastable,metallic,True,True,0.06085322616666744,-32.19562000000002,-6.439124000000004,0.10365035695006419
theo_metastable_B6Pb_mp-1096825,mp-1096825,B6Pb,theo_metastable,ionic,False,True,0.115100015000003,-14.713149999999999,-2.1018785714285713,0.007335298412124297
theo_metastable_BPd5_mp-1228665,mp-1228665,BPd5,theo_metastable,metallic,True,True,0.13249513083333042,-43.94649666666665,-7.324416111111108,0.19740484015594548
theo_metastable_BeAu3_mp-983539,mp-983539,BeAu3,theo_metastable,metallic,True,True,0.18183134000000178,-45.04971750000004,-11.26242937500001,0.045156837044534215
theo_metastable_BeCl2_mp-1190080,mp-1190080,BeCl2,theo_metastable,covalent,False,True,0.01870443305555547,5.9612275,1.9870758333333332,0.34182535771144296
theo_metastable_CaGe2_mp-643542,mp-643542,CaGe2,theo_metastable,metallic,True,True,0.0978748566666674,-4.35205,-1.4506833333333333,-0.11571985875706214
theo_metastable_CoSe2_mp-1390196,mp-1390196,CoSe2,theo_metastable,metallic,True,True,0.07343032750000056,-1.8924499999999895,-0.6308166666666631,0.10423490996243051
theo_metastable_Cr2C_mp-1226378,mp-1226378,Cr2C,theo_metastable,metallic,True,True,0.06254013708333694,-0.7770250000000161,-0.25900833333333867,-0.08057291121047605
theo_metastable_CrMo_mp-1226200,mp-1226200,CrMo,theo_metastable,metallic,True,True,0.11631646000000018,-2.6793750000000003,-1.3396875000000001,0.042232207792207765
theo_metastable_Ga2Se3_mp-1224809,mp-1224809,Ga2Se3,theo_metastable,covalent,False,True,0.006252534999998005,7.033145000000026,1.4066290000000052,0.11274165002627456
theo_metastable_GeS_mp-12910,mp-12910,GeS,theo_metastable,ionic,False,True,0.0761541225000002,-2.5113031249999924,-1.2556515624999962,-0.13385774893115107
theo_metastable_HCl_mp-684609,mp-684609,HCl,theo_metastable,covalent,False,True,0.053566722500000274,1.9809349999999988,0.9904674999999994,-0.0610502816901409
theo_metastable_HfMo_mp-1224314,mp-1224314,HfMo,theo_metastable,metallic,True,True,0.19909284749999756,-4.630750000000003,-2.3153750000000013,-0.025609713364993236
theo_metastable_IN2_mp-1097011,mp-1097011,IN2,theo_metastable,metallic,True,True,0.07299064583333248,-0.23576500000000777,-0.07858833333333592,-0.10096325478645074
theo_metastable_InSe2_mp-1232036,mp-1232036,InSe2,theo_metastable,metallic,True,True,0.17326202766492926,-4.322729999999993,-1.4409099999999977,0.022346736507936726
theo_metastable_IrCl3_mp-729507,mp-729507,IrCl3,theo_metastable,covalent,False,True,0.030088630624999446,-7.582097500000003,-1.8955243750000008,0.1765782224065242
theo_metastable_K5As4_mp-684799,mp-684799,K5As4,theo_metastable,metallic,True,True,0.05643723222222263,-4.4306200000000295,-0.4922911111111144,0.028993957406229898
theo_metastable_KSn3_mp-1185151,mp-1185151,KSn3,theo_metastable,metallic,True,True,0.05729916087053466,-15.119199999999992,-3.779799999999998,0.11437523923444981
theo_metastable_Li3Ag_mp-976408,mp-976408,Li3Ag,theo_metastable,metallic,True,True,0.0013151149999997003,-2.6126700000000156,-0.6531675000000039,-0.018454617181883626
theo_metastable_LiTl3_mp-1185253,mp-1185253,LiTl3,theo_metastable,metallic,True,True,0.046669947499999864,-5.769486666666641,-1.4423716666666602,-0.172563293727253
theo_metastable_Mg15B_mp-1023515,mp-1023515,Mg15B,theo_metastable,metallic,True,True,0.19432971906249996,-11.486796666666663,-0.7179247916666665,-0.10369630196078429
theo_metastable_MgF2_mp-560236,mp-560236,MgF2,theo_metastable,ionic,False,True,0.10763880333333375,-1.17185,-0.39061666666666667,-0.0028456986729118033
theo_metastable_MgSn_mp-1094669,mp-1094669,MgSn,theo_metastable,metallic,True,True,0.0559883787500004,-2.770729999999996,-1.385364999999998,0.05486528012684995
theo_metastable_MgSn_mp-1094801,mp-1094801,MgSn,theo_metastable,metallic,True,True,0.021182148749999463,-1.7922799999999963,-0.8961399999999982,0.023622658914728714
theo_metastable_MnN_mp-1009130,mp-1009130,MnN,theo_metastable,covalent,False,True,0.01508596781249949,4.244658793103429,2.1223293965517147,-0.022895406630783766
theo_metastable_Na2Cl_mp-990084,mp-990084,Na2Cl,theo_metastable,metallic,True,True,0.1105395928735633,-0.7417050000000023,-0.24723500000000076,-0.009641750158528917
theo_metastable_Na3Cl_mp-1064484,mp-1064484,Na3Cl,theo_metastable,metallic,True,True,0.145649899310345,-0.5529950000000019,-0.13824875000000048,-0.04122296475622118
theo_metastable_NbRh2_mp-1220414,mp-1220414,NbRh2,theo_metastable,metallic,True,True,0.10426935750000332,-15.820194999999991,-5.27339833333333,-0.0018310333169411497
theo_metastable_NbS2_mp-774873,mp-774873,NbS2,theo_metastable,metallic,True,True,0.05761998666666823,-5.99028624999999,-1.99676208333333,0.03004966926516134
theo_metastable_PtCl2_mp-1219748,mp-1219748,PtCl2,theo_metastable,covalent,False,True,0.04902293166666505,-5.523364999999998,-1.841121666666666,0.2658057096774194
theo_metastable_Sc2O3_mp-755313,mp-755313,Sc2O3,theo_metastable,ionic,False,True,0.03639289474999963,0.4147837500000833,0.08295675000001665,-0.061006794800188446
theo_metastable_ScTc3_mp-867262,mp-867262,ScTc3,theo_metastable,metallic,True,True,0.11536893812500004,-9.778769999999987,-2.444692499999997,-0.03401194394213369
theo_metastable_SiAu3_mp-1186998,mp-1186998,SiAu3,theo_metastable,metallic,True,True,0.16429186749999758,-43.49370500000003,-10.873426250000007,-0.12028158533501909
theo_metastable_Sn7Pd5_mp-1219006,mp-1219006,Sn7Pd5,theo_metastable,metallic,True,True,0.04139117625000566,-33.00643999999991,-2.7505366666666595,0.20118443992888013
theo_metastable_SnBr2_mp-978985,mp-978985,SnBr2,theo_metastable,ionic,False,True,0.040465399999999985,-4.586289999999984,-1.528763333333328,0.09582004663557667
theo_metastable_Sr3As4_mp-678007,mp-678007,Sr3As4,theo_metastable,mixed,False,True,0.006247547857142877,-5.221885000000032,-0.7459835714285761,-0.0028601400392796184
theo_metastable_Sr3Sn_mp-1187136,mp-1187136,Sr3Sn,theo_metastable,metallic,True,True,0.11112304583333454,-6.405574999999995,-1.6013937499999988,-0.03380571969696966
theo_metastable_SrTl3_mp-1206636,mp-1206636,SrTl3,theo_metastable,metallic,True,True,0.029404816250000465,-8.822685,-2.20567125,-0.1487261274509804
theo_metastable_Ta4C3_mp-1218000,mp-1218000,Ta4C3,theo_metastable,metallic,True,True,0.03350051428571277,-38.893215000000026,-5.556173571428575,0.27183169015993464
theo_metastable_TaP_mp-1187244,mp-1187244,TaP,theo_metastable,metallic,True,True,0.0032522499999991794,-2.4079677380952305,-1.2039838690476152,-0.12206153640175049
theo_metastable_TaRe_mp-1217894,mp-1217894,TaRe,theo_metastable,metallic,True,True,0.11133223291667349,-5.216265000000007,-2.6081325000000035,-0.005015463885429672
theo_metastable_TcW_mp-1217337,mp-1217337,TcW,theo_metastable,metallic,True,True,0.10564943749999856,-7.423384999999982,-3.711692499999991,0.0560357067247822
theo_metastable_TiMo2_mp-1216675,mp-1216675,TiMo2,theo_metastable,metallic,True,True,0.061337100370366215,-10.126795000000008,-3.375598333333336,0.1745891844919785
theo_metastable_TiNi_mp-1067248,mp-1067248,TiNi,theo_metastable,metallic,True,True,0.0020067824999996375,-3.3174300000000088,-1.6587150000000044,0.013475265863453656
theo_metastable_TiSi2_mp-570991,mp-570991,TiSi2,theo_metastable,metallic,True,True,0.17960538666666537,4.002004999999993,1.3340016666666645,0.009051009259259168
theo_metastable_TiW_mp-1216621,mp-1216621,TiW,theo_metastable,metallic,True,True,0.022547341666665943,-6.920194999999985,-3.4600974999999927,0.0731800202366128
theo_metastable_Tl3Ga_mp-1187539,mp-1187539,Tl3Ga,theo_metastable,metallic,True,True,0.09724636562500422,-13.506927499999993,-3.376731874999998,-0.21842195275119614
theo_metastable_Tl4Sn_mp-1216560,mp-1216560,Tl4Sn,theo_metastable,metallic,True,True,0.045918155999999044,9.181490000000004,1.8362980000000007,0.3240726940639269
theo_metastable_VCo3_mp-1095057,mp-1095057,VCo3,theo_metastable,metallic,True,True,0.09418410500000007,-35.35142999999995,-8.837857499999988,0.002189770057962448
theo_metastable_VN_mp-1017532,mp-1017532,VN,theo_metastable,metallic,True,True,0.10796184249999996,-3.2582050000000216,-1.6291025000000108,-0.24207003277665065
theo_metastable_Y3Co_mp-1189329,mp-1189329,Y3Co,theo_metastable,metallic,True,True,0.0015564962500009827,-11.533915000000007,-2.883478750000002,0.12333936657169986
theo_metastable_YAg3_mp-1187811,mp-1187811,YAg3,theo_metastable,metallic,True,True,0.059440931413043074,-20.83183499999997,-5.207958749999992,-0.07930458270676666
theo_metastable_ZnPb3_mp-1187949,mp-1187949,ZnPb3,theo_metastable,metallic,True,True,0.11069147749999786,-23.305644999999995,-5.826411249999999,-0.09895439849624055
theo_metastable_Zr3Be_mp-1188016,mp-1188016,Zr3Be,theo_metastable,metallic,True,True,0.14302901249999955,-7.518172500000048,-1.879543125000012,0.08701975542041218
theo_metastable_Zr3Ge_mp-1188039,mp-1188039,Zr3Ge,theo_metastable,metallic,True,True,0.18508675843749955,-6.669504999999994,-1.6673762499999984,-0.06412985576923069
theo_metastable_ZrO2_mp-775909,mp-775909,ZrO2,theo_metastable,covalent,False,True,0.06265508166666578,-1.6550074999999893,-0.5516691666666631,0.036362153457910384
theo_metastable_ZrTi_mp-1215236,mp-1215236,ZrTi,theo_metastable,metallic,True,True,0.0883353483333309,-0.506560000000011,-0.2532800000000055,0.03962788095238079
