compound_id,mp_id,formula,family,bond_type,is_metal,theoretical,energy_above_hull_eV_per_atom,reaction_string,delta_icohp_windowed_total,delta_icohp_windowed_per_atom
exp_metastable_AgO_mp-1079720,mp-1079720,AgO,exp_metastable,,False,False,0.04234811749999956,AgO -> Ag + 0.5 O2,0.8079599999999978,0.10099499999999972
exp_metastable_Al12W_mp-11227,mp-11227,Al12W,exp_metastable,,True,False,0.01520368538461625,0.08333 Al12W -> Al + 0.08333 W,1.5436599999999903,0.11874307692307617
exp_metastable_Al3Os2_mp-16521,mp-16521,Al3Os2,exp_metastable,,True,False,0.007409683000005884,0.3333 Al3Os2 -> Al + 0.6667 Os,0.5267799999999976,0.10535599999999952
exp_metastable_AsPd2_mp-1080831,mp-1080831,AsPd2,exp_metastable,,True,False,0.011756747500001552,AsPd2 -> As + 2 Pd,-13.37830500000001,-1.4864783333333345
exp_metastable_AsRh2_mp-1102364,mp-1102364,AsRh2,exp_metastable,,True,False,0.08062063166666178,AsRh2 -> As + 2 Rh,-6.33782000000002,-0.5281516666666684
exp_metastable_AsRh_mp-22079,mp-22079,AsRh,exp_metastable,,True,False,0.026917590833335225,AsRh -> As + Rh,-5.3561600000000125,-0.6695200000000016
exp_metastable_BaSn5_mp-571353,mp-571353,BaSn5,exp_metastable,,True,False,0.026217794166670583,BaSn5 -> Ba + 5 Sn,-1.3724849999999975,-0.22874749999999958
exp_metastable_Be12Pd_mp-12666,mp-12666,Be12Pd,exp_metastable,,True,False,0.07945158115384565,0.08333 Be12Pd -> Be + 0.08333 Pd,-5.127740000000012,-0.39444153846153934
exp_metastable_CaGa2_mp-992,mp-992,CaGa2,exp_metastable,,True,False,0.016981658333333982,CaGa2 -> Ca + 2 Ga,0.06864499999999923,0.02288166666666641
exp_metastable_CaGa4_mp-2461,mp-2461,CaGa4,exp_metastable,,True,False,0.0016006820000011857,CaGa4 -> Ca + 4 Ga,0.7432199999999995,0.14864399999999992
exp_metastable_CdI2_mp-567259,mp-567259,CdI2,exp_metastable,,False,False,0.0005410511111105798,CdI2 -> Cd + 2 I,0.5890500000000015,0.1963500000000005
exp_metastable_CdO2_mp-2310,mp-2310,CdO2,exp_metastable,,False,False,0.05623419000000052,CdO2 -> Cd + O2,1.662659999999991,0.13855499999999923
exp_metastable_ClF3_mp-556767,mp-556767,ClF3,exp_metastable,,False,False,0.0029946146875001745,2 ClF3 -> Cl2 + 3 F2,-16.540280000000024,-1.0337675000000015
exp_metastable_Cs2Se_mp-1011696,mp-1011696,Cs2Se,exp_metastable,,False,False,0.004232759166664213,0.5 Cs2Se -> Cs + 0.5 Se,-0.20716666666666983,-0.01726388888888915
exp_metastable_CsH_mp-632319,mp-632319,CsH,exp_metastable,,False,False,0.016097849999999525,CsH -> Cs + 0.5 H2,2.198666250000003,1.0993331250000016
exp_metastable_Cu3Ge_mp-19724,mp-19724,Cu3Ge,exp_metastable,,True,False,0.01263984624999992,0.3333 Cu3Ge -> Cu + 0.3333 Ge,-0.6645899999999996,-0.08307374999999995
exp_metastable_FeTe2_mp-1102002,mp-1102002,FeTe2,exp_metastable,,True,False,0.04490969833333569,FeTe2 -> Fe + 2 Te,-3.6030133333333327,-0.3002511111111111
exp_metastable_Ge4Rh_mp-1104286,mp-1104286,Ge4Rh,exp_metastable,,True,False,0.09073754899999997,0.25 Ge4Rh -> Ge + 0.25 Rh,-5.7623,-0.3841533333333333
exp_metastable_GeSe2_mp-10074,mp-10074,GeSe2,exp_metastable,,False,False,0.012493755416668861,GeSe2 -> Ge + 2 Se,-0.8340266666666671,-0.1390044444444445
exp_metastable_H2O_mp-2739191,mp-2739191,H2O,exp_metastable,,False,False,0.049447999166666534,H2O -> H2 + 0.5 O2,10.992660000000017,0.9160550000000014
exp_metastable_HI_mp-697025,mp-697025,HI,exp_metastable,,False,False,0.004366291041667303,2 HI -> H2 + 2 I,10.618820000000014,0.6636762500000009
exp_metastable_IF7_mp-27988,mp-27988,IF7,exp_metastable,,False,False,0.006252095624999399,IF7 -> I + 3.5 F2,-19.75156000000002,-1.2344725000000012
exp_metastable_In3Ir_mp-630976,mp-630976,In3Ir,exp_metastable,,True,False,0.004296428125002194,0.3333 In3Ir -> In + 0.3333 Ir,0.511580000000001,0.031973750000000065
exp_metastable_InCl_mp-571636,mp-571636,InCl,exp_metastable,,False,False,0.0016458790624991337,InCl -> In + 0.5 Cl2,-0.15632000000000112,-0.03908000000000028
exp_metastable_K2S_mp-559278,mp-559278,K2S,exp_metastable,,False,False,0.0872531616666663,0.5 K2S -> K + 0.5 S,-1.5909668750000008,-0.26516114583333344
exp_metastable_Li13Sn5_mp-30769,mp-30769,Li13Sn5,exp_metastable,,True,False,0.0033475494444448195,0.07692 Li13Sn5 -> Li + 0.3846 Sn,12.340719999999987,0.6855955555555548
exp_metastable_Li3Hg_mp-1646,mp-1646,Li3Hg,exp_metastable,,True,False,0.0012975900000000706,0.3333 Li3Hg -> Li + 0.3333 Hg,1.7921499999999977,0.4480374999999994
exp_metastable_MgCl2_mp-570259,mp-570259,MgCl2,exp_metastable,,False,False,0.0006391266666669893,MgCl2 -> Mg + Cl2,-0.9177800000000025,-0.3059266666666675
exp_metastable_MgH2_mp-23711,mp-23711,MgH2,exp_metastable,,False,False,0.0018755891666670799,MgH2 -> Mg + H2,15.938580000000009,1.3282150000000008
exp_metastable_MgPd3_mp-7753,mp-7753,MgPd3,exp_metastable,,True,False,0.01137175124999068,MgPd3 -> Mg + 3 Pd,-6.429280000000002,-1.6073200000000005
exp_metastable_Mo3Se4_mp-21021,mp-21021,Mo3Se4,exp_metastable,,True,False,0.06087143499999925,0.3333 Mo3Se4 -> Mo + 1.333 Se,-3.0245033333333344,-0.21603595238095247
exp_metastable_Nb2O5_mp-1595,mp-1595,Nb2O5,exp_metastable,,False,False,0.007537548265307947,0.5 Nb2O5 -> Nb + 1.25 O2,-1.8256925000000055,-0.2608132142857151
exp_metastable_NiB_mp-14019,mp-14019,NiB,exp_metastable,,True,False,0.0018463106250017347,NiB -> Ni + B,-4.011770000000002,-1.0029425000000005
exp_metastable_NiHg4_mp-570835,mp-570835,NiHg4,exp_metastable,,True,False,0.01705295800000073,NiHg4 -> Ni + 4 Hg,-2.357960000000002,-0.4715920000000004
exp_metastable_NiS_mp-1547,mp-1547,NiS,exp_metastable,,True,False,0.014181840833332515,NiS -> Ni + S,-5.544855312500011,-0.9241425520833352
exp_metastable_PS_mp-612,mp-612,PS,exp_metastable,,False,False,0.026489451484373205,PS -> P + S,-2.385240833333334,-0.14907755208333337
exp_metastable_PbAu2_mp-19871,mp-19871,PbAu2,exp_metastable,,True,False,0.004742635416668861,PbAu2 -> Pb + 2 Au,2.909950000000003,0.48499166666666715
exp_metastable_PbSe_mp-22009,mp-22009,PbSe,exp_metastable,,False,False,0.07310882999999535,PbSe -> Pb + Se,-0.03166333333333493,-0.007915833333333733
exp_metastable_Rb2Hg7_mp-31474,mp-31474,Rb2Hg7,exp_metastable,,True,False,0.00452349037037425,0.5 Rb2Hg7 -> Rb + 3.5 Hg,2.687069999999999,0.29856333333333324
exp_metastable_Re3Ge7_mp-29141,mp-29141,Re3Ge7,exp_metastable,,True,False,0.012616640750003683,0.3333 Re3Ge7 -> Re + 2.333 Ge,-2.0458600000000002,-0.10229300000000001
exp_metastable_SiO2_mp-546794,mp-546794,SiO2,exp_metastable,,False,False,0.005647450555557043,SiO2 -> Si + O2,-4.436139999999999,-0.7393566666666666
exp_metastable_SiRh_mp-2287,mp-2287,SiRh,exp_metastable,,True,False,0.02456185499999819,SiRh -> Si + Rh,-6.048220000000008,-0.756027500000001
exp_metastable_SiS2_mp-1095294,mp-1095294,SiS2,exp_metastable,,False,False,0.003013171666665926,SiS2 -> Si + 2 S,-4.3389675000000025,-0.3615806250000002
exp_metastable_Sn7Ir5_mp-20466,mp-20466,Sn7Ir5,exp_metastable,,True,False,0.002421364999996456,0.1429 Sn7Ir5 -> Sn + 0.7143 Ir,-8.669840000000002,-0.7224866666666668
exp_metastable_Sr2As_mp-15697,mp-15697,Sr2As,exp_metastable,,True,False,0.08000544425926037,0.5 Sr2As -> Sr + 0.5 As,-1.2978500000000004,-0.2163083333333334
exp_metastable_Sr5Sn3_mp-17720,mp-17720,Sr5Sn3,exp_metastable,,True,False,0.003021452500000521,0.2 Sr5Sn3 -> Sr + 0.6 Sn,-3.934510000000002,-0.24590687500000014
exp_metastable_SrAl2_mp-1638,mp-1638,SrAl2,exp_metastable,,True,False,0.013571949999999333,SrAl2 -> Sr + 2 Al,0.7080199999999974,0.1180033333333329
exp_metastable_Ta7Co6_mp-1104548,mp-1104548,Ta7Co6,exp_metastable,,True,False,0.0014632612820477675,0.1429 Ta7Co6 -> Ta + 0.8571 Co,13.306929999999994,1.0236099999999995
exp_metastable_Te2Au_mp-567525,mp-567525,Te2Au,exp_metastable,,True,False,0.027432493333336083,0.5 Te2Au -> Te + 0.5 Au,1.6937266666666688,0.5645755555555563
exp_metastable_Te2Ir_mp-1551,mp-1551,Te2Ir,exp_metastable,,True,False,0.0030421406944398655,0.5 Te2Ir -> Te + 0.5 Ir,-3.370819999999997,-0.37453555555555523
exp_metastable_Ti3Ge_mp-1189044,mp-1189044,Ti3Ge,exp_metastable,,True,False,0.013003969652777059,0.3333 Ti3Ge -> Ti + 0.3333 Ge,-3.2519799999999837,-0.20324874999999898
exp_metastable_Y2O3_mp-558573,mp-558573,Y2O3,exp_metastable,,False,False,0.03422779625000061,0.5 Y2O3 -> Y + 0.75 O2,-5.261172500000005,-0.35074483333333367
exp_metastable_ZnAg_mp-1912,mp-1912,ZnAg,exp_metastable,,True,False,0.011211470555556602,ZnAg -> Zn + Ag,1.2017750000000011,0.6008875000000006
exp_metastable_ZrBr_mp-1065846,mp-1065846,ZrBr,exp_metastable,,True,False,0.0007946975000017176,ZrBr -> Zr + Br,-0.5880999999999985,-0.14702499999999963
exp_metastable_ZrGa3_mp-30685,mp-30685,ZrGa3,exp_metastable,,True,False,0.013019501250001397,ZrGa3 -> Zr + 3 Ga,-0.6344424999999991,-0.15861062499999978
exp_metastable_ZrRh_mp-2808,mp-2808,ZrRh,exp_metastable,,True,False,0.08393397999999763,ZrRh -> Zr + Rh,-1.125725000000001,-0.5628625000000005
exp_stable_As2S3_mp-1189572,mp-1189572,As2S3,exp_stable,,False,False,0.0,0.5 As2S3 -> As + 1.5 S,-0.8299312500000031,-0.04149656250000015
exp_stable_AsF3_mp-28027,mp-28027,AsF3,exp_stable,,False,False,0.0,AsF3 -> As + 1.5 F2,-11.643479999999995,-0.7277174999999997
exp_stable_BI3_mp-23189,mp-23189,BI3,exp_stable,,False,False,0.0,BI3 -> B + 3 I,-3.588149999999998,-0.44851874999999974
exp_stable_BW_mp-7832,mp-7832,BW,exp_stable,,True,False,0.0,BW -> B + W,5.631570000000003,0.7039462500000003
exp_stable_BaAu2_mp-30363,mp-30363,BaAu2,exp_stable,,True,False,0.0,BaAu2 -> Ba + 2 Au,1.3296149999999995,0.44320499999999985
exp_stable_BaCl2_mp-568662,mp-568662,BaCl2,exp_stable,,False,False,0.0,BaCl2 -> Ba + Cl2,-2.577895000000002,-0.859298333333334
exp_stable_BaH2_mp-23715,mp-23715,BaH2,exp_stable,,False,False,0.0,BaH2 -> Ba + H2,11.114430000000006,0.9262025000000005
exp_stable_Be2Cu_mp-2031,mp-2031,Be2Cu,exp_stable,,True,False,0.0,0.5 Be2Cu -> Be + 0.5 Cu,-2.233929999999999,-0.3723216666666665
exp_stable_Be2Nb3_mp-11272,mp-11272,Be2Nb3,exp_stable,,True,False,0.0,0.5 Be2Nb3 -> Be + 1.5 Nb,-3.999649999999999,-0.3999649999999999
exp_stable_Be2V_mp-11281,mp-11281,Be2V,exp_stable,,True,False,0.0,0.5 Be2V -> Be + 0.5 V,-7.475610000000005,-0.6229675000000005
exp_stable_CaAl4_mp-1749,mp-1749,CaAl4,exp_stable,,True,False,0.0,CaAl4 -> Ca + 4 Al,1.8395399999999957,0.3679079999999991
exp_stable_CaSn_mp-2450,mp-2450,CaSn,exp_stable,,True,False,0.0,CaSn -> Ca + Sn,-1.6847400000000028,-0.4211850000000007
exp_stable_CdPd_mp-1696,mp-1696,CdPd,exp_stable,,True,False,0.0,CdPd -> Cd + Pd,-3.508880000000002,-0.8772200000000006
exp_stable_CoB_mp-20857,mp-20857,CoB,exp_stable,,True,False,0.0,CoB -> Co + B,0.805409999999994,0.10067624999999925
exp_stable_Cs2As3_mp-15557,mp-15557,Cs2As3,exp_stable,,False,False,0.0,0.5 Cs2As3 -> Cs + 1.5 As,0.3431399999999951,0.03431399999999951
exp_stable_FeS_mp-505531,mp-505531,FeS,exp_stable,,True,False,0.0,FeS -> Fe + S,-0.4426268750000013,-0.11065671875000033
exp_stable_Ge2Os_mp-10032,mp-10032,Ge2Os,exp_stable,,True,False,0.0,0.5 Ge2Os -> Ge + 0.5 Os,-0.9678700000000011,-0.16131166666666685
exp_stable_HfTc2_mp-1095669,mp-1095669,HfTc2,exp_stable,,True,False,0.0,HfTc2 -> Hf + 2 Tc,4.465680000000006,0.3721400000000005
exp_stable_Hg4Pt_mp-936,mp-936,Hg4Pt,exp_stable,,True,False,0.0,0.25 Hg4Pt -> Hg + 0.25 Pt,-1.346909999999999,-0.2693819999999998
exp_stable_HgF2_mp-8177,mp-8177,HgF2,exp_stable,,False,False,0.0,HgF2 -> Hg + F2,0.4215299999999975,0.14050999999999916
exp_stable_InBr_mp-22870,mp-22870,InBr,exp_stable,,False,False,0.0,InBr -> In + Br,0.7867099999999998,0.19667749999999995
exp_stable_KI_mp-22898,mp-22898,KI,exp_stable,,False,False,0.0,KI -> K + I,-1.1290000000000004,-0.5645000000000002
exp_stable_Li2Se_mp-2286,mp-2286,Li2Se,exp_stable,,False,False,0.0,0.5 Li2Se -> Li + 0.5 Se,1.155733333333333,0.38524444444444433
exp_stable_LiB_mp-1001835,mp-1001835,LiB,exp_stable,,True,False,0.0,LiB -> Li + B,3.002830000000004,0.750707500000001
exp_stable_Mg2Ni_mp-2137,mp-2137,Mg2Ni,exp_stable,,True,False,0.0,0.5 Mg2Ni -> Mg + 0.5 Ni,-6.316730000000016,-0.3509294444444453
exp_stable_MgP4_mp-384,mp-384,MgP4,exp_stable,,False,False,0.0,MgP4 -> Mg + 4 P,0.35093666666666756,0.03509366666666676
exp_stable_MnAl12_mp-1104165,mp-1104165,MnAl12,exp_stable,,True,False,0.0,MnAl12 -> Mn + 12 Al,1.6136462068965391,0.12412663129973378
exp_stable_MoSe2_mp-1634,mp-1634,MoSe2,exp_stable,,False,False,0.0,MoSe2 -> Mo + 2 Se,-1.9970166666666684,-0.3328361111111114
exp_stable_NaS_mp-2400,mp-2400,NaS,exp_stable,,False,False,0.0,NaS -> Na + S,0.7705062499999977,0.09631328124999972
exp_stable_Nb3Ir_mp-1458,mp-1458,Nb3Ir,exp_stable,,True,False,0.0,0.3333 Nb3Ir -> Nb + 0.3333 Ir,6.726519999999997,0.8408149999999996
exp_stable_NbGa3_mp-1973,mp-1973,NbGa3,exp_stable,,True,False,0.0,NbGa3 -> Nb + 3 Ga,2.512772500000001,0.6281931250000002
exp_stable_PI2_mp-29443,mp-29443,PI2,exp_stable,,False,False,0.0,PI2 -> P + 2 I,-1.252673333333334,-0.20877888888888899
exp_stable_PbSe_mp-2201,mp-2201,PbSe,exp_stable,,False,False,0.0,PbSe -> Pb + Se,0.3195433333333325,0.15977166666666626
exp_stable_RbI_mp-22903,mp-22903,RbI,exp_stable,,False,False,0.0,RbI -> Rb + I,-1.3154200000000003,-0.6577100000000001
exp_stable_Sc5Ge3_mp-17190,mp-17190,Sc5Ge3,exp_stable,,True,False,0.0,0.2 Sc5Ge3 -> Sc + 0.6 Ge,6.260939999999995,0.3913087499999997
exp_stable_ScAg2_mp-1018128,mp-1018128,ScAg2,exp_stable,,True,False,0.0,ScAg2 -> Sc + 2 Ag,1.1446050000000014,0.38153500000000046
exp_stable_ScTe_mp-10026,mp-10026,ScTe,exp_stable,,True,False,0.0,ScTe -> Sc + Te,0.5734366666666686,0.14335916666666715
exp_stable_SnPt_mp-19856,mp-19856,SnPt,exp_stable,,True,False,0.0,SnPt -> Sn + Pt,-6.348530000000005,-1.5871325000000012
exp_stable_SrO2_mp-2697,mp-2697,SrO2,exp_stable,,False,False,0.0,SrO2 -> Sr + O2,-0.32117000000000084,-0.10705666666666695
exp_stable_SrSi_mp-2661,mp-2661,SrSi,exp_stable,,True,False,0.0,SrSi -> Sr + Si,-0.7758400000000001,-0.19396000000000002
exp_stable_Ta5Ge3_mp-17593,mp-17593,Ta5Ge3,exp_stable,,True,False,0.0,0.2 Ta5Ge3 -> Ta + 0.6 Ge,24.015510000000006,1.5009693750000004
exp_stable_TaP_mp-1067587,mp-1067587,TaP,exp_stable,,True,False,0.0,TaP -> Ta + P,4.07607666666667,1.0190191666666675
exp_stable_TaSb2_mp-11697,mp-11697,TaSb2,exp_stable,,True,False,0.0,TaSb2 -> Ta + 2 Sb,3.8152800000000058,0.635880000000001
exp_stable_Te2Pd_mp-782,mp-782,Te2Pd,exp_stable,,True,False,0.0,0.5 Te2Pd -> Te + 0.5 Pd,-2.3276533333333345,-0.7758844444444448
exp_stable_Te2Ru_mp-267,mp-267,Te2Ru,exp_stable,,False,False,0.0,0.5 Te2Ru -> Te + 0.5 Ru,-1.7754566666666667,-0.29590944444444445
exp_stable_TeO2_mp-8377,mp-8377,TeO2,exp_stable,,False,False,0.0,TeO2 -> Te + O2,-4.7067066666666655,-0.39222555555555544
exp_stable_Ti3In_mp-866046,mp-866046,Ti3In,exp_stable,,True,False,0.0,0.3333 Ti3In -> Ti + 0.3333 In,0.3182399999999994,0.039779999999999927
exp_stable_Ti3Pt_mp-2339,mp-2339,Ti3Pt,exp_stable,,True,False,0.0,0.3333 Ti3Pt -> Ti + 0.3333 Pt,-12.167240000000003,-1.5209050000000004
exp_stable_TiBe12_mp-1104067,mp-1104067,TiBe12,exp_stable,,True,False,0.0,TiBe12 -> Ti + 12 Be,-2.9249650000000065,-0.2249973076923082
exp_stable_TiNi_mp-1048,mp-1048,TiNi,exp_stable,,True,False,0.0,TiNi -> Ti + Ni,-2.7946500000000016,-0.6986625000000004
exp_stable_TiO_mp-1071163,mp-1071163,TiO,exp_stable,,True,False,0.0,TiO -> Ti + 0.5 O2,0.04360749999999993,0.007267916666666655
exp_stable_TiSi2_mp-1077503,mp-1077503,TiSi2,exp_stable,,True,False,0.0,TiSi2 -> Ti + 2 Si,1.6659700000000017,0.277661666666667
exp_stable_TlCl_mp-571079,mp-571079,TlCl,exp_stable,,False,False,0.0,TlCl -> Tl + 0.5 Cl2,0.6040399999999986,0.15100999999999964
exp_stable_VNi2_mp-11531,mp-11531,VNi2,exp_stable,,True,False,0.0,VNi2 -> V + 2 Ni,-1.3703100000000021,-0.45677000000000073
exp_stable_WO2_mp-1524394,mp-1524394,WO2,exp_stable,,True,False,0.0,WO2 -> W + O2,-2.34879,-0.1957325
exp_stable_Zr2Au_mp-2348,mp-2348,Zr2Au,exp_stable,,True,False,0.0,0.5 Zr2Au -> Zr + 0.5 Au,0.8825800000000013,0.29419333333333375
exp_stable_Zr5Pb3_mp-681992,mp-681992,Zr5Pb3,exp_stable,,True,False,0.0,0.2 Zr5Pb3 -> Zr + 0.6 Pb,-0.5785999999999998,-0.036162499999999986
exp_stable_ZrMo2_mp-2049,mp-2049,ZrMo2,exp_stable,,True,False,0.0,ZrMo2 -> Zr + 2 Mo,-1.5519200000000002,-0.25865333333333335
extension_Ag3As_mp-1183193,mp-1183193,Ag3As,extension,,True,True,0.08839697750000042,0.3333 Ag3As -> Ag + 0.3333 As,2.5678799999999957,0.32098499999999947
extension_Ag3Pt_mp-12065,mp-12065,Ag3Pt,extension,metallic,True,False,0.020805422500000503,0.3333 Ag3Pt -> Ag + 0.3333 Pt,-0.7178200000000013,-0.17945500000000034
extension_Ag3Sb_mp-2273,mp-2273,Ag3Sb,extension,metallic,True,False,0.0508994350000016,0.3333 Ag3Sb -> Ag + 0.3333 Sb,0.7640099999999994,0.19100249999999985
extension_AgH_mp-1096804,mp-1096804,AgH,extension,,False,True,0.1208983966666679,AgH -> Ag + 0.5 H2,5.167252500000006,1.2918131250000016
extension_AgI_mp-22915,mp-22915,AgI,extension,,True,False,0.39273725999999964,AgI -> Ag + I,1.0935700000000006,0.5467850000000003
extension_AgPb3_mp-1183256,mp-1183256,AgPb3,extension,metallic,True,True,0.08509275833333874,AgPb3 -> Ag + 3 Pb,-0.2864900000000022,-0.07162250000000055
extension_AgPd_mp-1183222,mp-1183222,AgPd,extension,metallic,True,True,0.0069558550000010655,AgPd -> Ag + Pd,-2.3236900000000014,-1.1618450000000007
extension_Al12Mo_mp-550,mp-550,Al12Mo,extension,metallic,True,False,0.014142691923076711,0.08333 Al12Mo -> Al + 0.08333 Mo,1.1150799999999954,0.08577538461538427
extension_Al2W_mp-12524,mp-12524,Al2W,extension,metallic,True,False,0.09311756111111436,0.5 Al2W -> Al + 0.5 W,-4.804870000000005,-0.533874444444445
extension_Al3Ag_mp-1183130,mp-1183130,Al3Ag,extension,metallic,True,True,0.0712581868749993,0.3333 Al3Ag -> Al + 0.3333 Ag,-0.1346900000000022,-0.03367250000000055
extension_Al3As_mp-1183129,mp-1183129,Al3As,extension,,True,True,0.36364852500000033,0.3333 Al3As -> Al + 0.3333 As,0.9417149999999959,0.23542874999999897
extension_AlAg2_mp-985805,mp-985805,AlAg2,extension,metallic,True,True,0.007656157999999635,AlAg2 -> Al + 2 Ag,2.0877699999999986,0.34796166666666645
extension_AlAg_mp-1228901,mp-1228901,AlAg,extension,metallic,True,True,0.01833040100000005,AlAg -> Al + Ag,0.22979000000000083,0.11489500000000041
extension_AlH3_mp-1106356,mp-1106356,AlH3,extension,covalent,False,False,0.010014458750000621,AlH3 -> Al + 1.5 H2,24.19093500000001,1.5119334375000006
extension_As3W2_mp-11696,mp-11696,As3W2,extension,,True,False,0.0,0.3333 As3W2 -> As + 0.6667 W,5.28667,0.528667
extension_As4S3_mp-27543,mp-27543,As4S3,extension,covalent,False,False,0.006355647857141378,0.25 As4S3 -> As + 0.75 S,-5.381241250000003,-0.1921871875000001
extension_As4S3_mp-557321,mp-557321,As4S3,extension,covalent,False,False,0.006840436428570129,0.25 As4S3 -> As + 0.75 S,-5.917241250000009,-0.21133004464285746
extension_Au2S_mp-947,mp-947,Au2S,extension,covalent,False,False,0.0,0.5 Au2S -> Au + 0.5 S,4.874023125000001,0.8123371875000002
extension_BPd5_mp-1228665,mp-1228665,BPd5,extension,,True,True,0.13249513083333042,BPd5 -> B + 5 Pd,-5.524630000000015,-0.9207716666666692
extension_Ba3Ca_mp-1183342,mp-1183342,Ba3Ca,extension,metallic,True,True,0.03921404749999979,0.3333 Ba3Ca -> Ba + 0.3333 Ca,-2.5726149999999994,-0.6431537499999999
extension_Ba4Pd_mp-1214438,mp-1214438,Ba4Pd,extension,,False,True,0.15571698099999987,0.25 Ba4Pd -> Ba + 0.25 Pd,-10.716799999999996,-1.0716799999999995
extension_Ba5P4_exp_mp-17566,mp-17566,Ba5P4,extension,,False,False,3.472888887223746e-05,0.2 Ba5P4 -> Ba + 0.8 P,-14.945086666666686,-0.4151412962962968
extension_BaCl2_exp_mp-23199,mp-23199,BaCl2,extension,ionic,False,False,0.006785772499999787,BaCl2 -> Ba + Cl2,-10.53051000000001,-0.8775425000000009
extension_BaF3_exp_mp-1080821,mp-1080821,BaF3,extension,ionic,False,False,0.0,BaF3 -> Ba + 1.5 F2,-8.346420000000009,-1.0433025000000011
extension_BaF3_theo_mp-1183303,mp-1183303,BaF3,extension,,True,True,0.061207927499999926,BaF3 -> Ba + 1.5 F2,-3.7633150000000013,-0.9408287500000003
extension_BaMg3_mp-1016218,mp-1016218,BaMg3,extension,metallic,True,True,0.17140638551136345,BaMg3 -> Ba + 3 Mg,0.9465649999999988,0.2366412499999997
extension_BaO_exp_mp-1008500,mp-1008500,BaO,extension,ionic,False,False,0.01888829749999843,BaO -> Ba + 0.5 O2,-3.1282650000000043,-0.7820662500000011
extension_BaO_theo_mp-1950989,mp-1950989,BaO,extension,ionic,False,True,0.04343597749999972,BaO -> Ba + 0.5 O2,-2.911715000000004,-0.727928750000001
extension_BaP10_mp-28035,mp-28035,BaP10,extension,,False,False,0.0036162985064951414,BaP10 -> Ba + 10 P,-0.35153333333333237,-0.015978787878787835
extension_BaS3_exp_mp-556296,mp-556296,BaS3,extension,,False,False,0.04356796437499888,BaS3 -> Ba + 3 S,-5.3687112500000005,-0.33554445312500003
extension_Be12Mo_mp-1475,mp-1475,Be12Mo,extension,metallic,True,False,0.0,0.08333 Be12Mo -> Be + 0.08333 Mo,-4.12564000000002,-0.31735692307692465
extension_Be3P2_exp_mp-567841,mp-567841,Be3P2,extension,,False,False,0.0,0.3333 Be3P2 -> Be + 0.6667 P,-1.6113866666666743,-0.04028466666666686
extension_Be3P2_mp-1084771,mp-1084771,Be3P2,extension,,False,True,0.15672523674999983,0.3333 Be3P2 -> Be + 0.6667 P,-0.4180866666666705,-0.04180866666666705
extension_Be3P2_mp-567841,mp-567841,Be3P2,extension,,False,False,0.0,0.3333 Be3P2 -> Be + 0.6667 P,-1.611416666666675,-0.04028541666666687
extension_Be3P2_theo_mp-1084771,mp-1084771,Be3P2,extension,,False,True,0.15672523674999983,0.3333 Be3P2 -> Be + 0.6667 P,-0.4180866666666705,-0.04180866666666705
extension_BeCl2_exp_mp-23267,mp-23267,BeCl2,extension,ionic,False,False,0.008707515833333623,BeCl2 -> Be + Cl2,-5.605110000000003,-0.9341850000000006
extension_BeCl2_theo_mp-1172909,mp-1172909,BeCl2,extension,ionic,False,True,3.1687985972222217,BeCl2 -> Be + Cl2,-4.817640000000026,-0.13382333333333404
extension_BeF2_exp_mp-15951,mp-15951,BeF2,extension,ionic,False,False,0.00039670611111120024,BeF2 -> Be + F2,-10.084445000000008,-1.1204938888888898
extension_BeF2_theo_mp-975644,mp-975644,BeF2,extension,,True,True,2.518145377222223,BeF2 -> Be + F2,-1.5718650000000016,-0.5239550000000005
extension_BeO_exp_mp-7599,mp-7599,BeO,extension,ionic,False,False,0.015346631250000797,BeO -> Be + 0.5 O2,-5.64101000000001,-0.7051262500000013
extension_BeO_theo_mp-1778,mp-1778,BeO,extension,ionic,False,True,0.006973667500000502,BeO -> Be + 0.5 O2,-1.3608575000000012,-0.6804287500000006
extension_Ca3Zn_mp-1039229,mp-1039229,Ca3Zn,extension,metallic,True,True,0.15884041124999992,0.3333 Ca3Zn -> Ca + 0.3333 Zn,-0.3331849999999994,-0.08329624999999985
extension_CaCl2_exp_mp-23214,mp-23214,CaCl2,extension,ionic,False,False,0.0011452108333331878,CaCl2 -> Ca + Cl2,-5.337570000000005,-0.8895950000000008
extension_CaCl2_theo_mp-1120739,mp-1120739,CaCl2,extension,ionic,False,True,0.04218543083333426,CaCl2 -> Ca + Cl2,-1.9207000000000016,-0.6402333333333339
extension_CaF2_exp_mp-10464,mp-10464,CaF2,extension,ionic,False,False,0.03464170166666669,CaF2 -> Ca + F2,-10.81484000000001,-0.9012366666666675
extension_CaF2_theo_mp-554355,mp-554355,CaF2,extension,ionic,False,True,0.24025145999999964,CaF2 -> Ca + F2,-3.4544900000000025,-1.1514966666666675
extension_CaNi_mp-1059707,mp-1059707,CaNi,extension,metallic,True,False,0.16564980624999937,CaNi -> Ca + Ni,-2.0551100000000027,-1.0275550000000013
extension_CaO_exp_mp-1079707,mp-1079707,CaO,extension,ionic,False,False,0.20976985500000023,CaO -> Ca + 0.5 O2,-5.213820000000011,-0.6517275000000013
extension_CaO_mp-2605,mp-2605,CaO,extension,ionic,False,False,0.0,CaO -> Ca + 0.5 O2,-1.5404025000000026,-0.7702012500000013
extension_CaO_theo_mp-1181903,mp-1181903,CaO,extension,,True,True,2.7281320512499994,CaO -> Ca + 0.5 O2,-6.021700000000012,-0.7527125000000014
extension_CdIn3_mp-1183674,mp-1183674,CdIn3,extension,metallic,True,True,0.06416026750000015,CdIn3 -> Cd + 3 In,1.5945899999999995,0.3986474999999999
extension_CdP4_mp-7904,mp-7904,CdP4,extension,covalent,False,False,0.0,CdP4 -> Cd + 4 P,2.323176666666667,0.2323176666666667
extension_CdSb3_mp-1183739,mp-1183739,CdSb3,extension,metallic,True,True,0.13193314687499935,CdSb3 -> Cd + 3 Sb,3.2583300000000013,0.40729125000000016
extension_CoGe_mp-21237,mp-21237,CoGe,extension,metallic,True,False,0.0,CoGe -> Co + Ge,-1.7260600000000068,-0.21575750000000085
extension_CoRe_mp-1225995,mp-1225995,CoRe,extension,metallic,True,True,0.1217252000000002,CoRe -> Co + Re,-0.4463800000000025,-0.22319000000000125
extension_CoSn_mp-20536,mp-20536,CoSn,extension,metallic,True,False,0.0,CoSn -> Co + Sn,-1.5134900000000058,-0.2522483333333343
extension_Cr5Si3_mp-7506,mp-7506,Cr5Si3,extension,metallic,True,False,0.05473733324999941,0.2 Cr5Si3 -> Cr + 0.6 Si,0.1273999999999997,0.007962499999999982
extension_CrRe3_mp-1183703,mp-1183703,CrRe3,extension,metallic,True,True,0.13309992375000235,CrRe3 -> Cr + 3 Re,-0.961760000000001,-0.24044000000000024
extension_CrW_mp-1226162,mp-1226162,CrW,extension,metallic,True,True,0.12119496999999768,CrW -> Cr + W,0.20127999999999968,0.10063999999999984
extension_Cs2S_exp_mp-1077814,mp-1077814,Cs2S,extension,,False,False,0.06672482000000102,0.5 Cs2S -> Cs + 0.5 S,-0.36164687500000126,-0.060274479166666874
extension_CsCl_exp_mp-573697,mp-573697,CsCl,extension,ionic,False,False,0.007141250000000099,CsCl -> Cs + 0.5 Cl2,-1.4745600000000019,-0.7372800000000009
extension_CsF_exp_mp-8455,mp-8455,CsF,extension,ionic,False,False,0.10877166999999943,CsF -> Cs + 0.5 F2,-1.2861000000000016,-0.6430500000000008
extension_CsO2_exp_mp-1441,mp-1441,CsO2,extension,,True,False,0.03485998833333248,CsO2 -> Cs + O2,-0.12249500000000246,-0.04083166666666749
extension_CsO2_theo_mp-1096936,mp-1096936,CsO2,extension,,True,True,0.0940473483333335,CsO2 -> Cs + O2,0.10480499999999804,0.03493499999999935
extension_CsP7_exp_mp-1201790,mp-1201790,CsP7,extension,,False,False,0.0,CsP7 -> Cs + 7 P,-4.182936666666659,-0.1307167708333331
extension_CsP7_mp-1201790,mp-1201790,CsP7,extension,,False,False,0.0,CsP7 -> Cs + 7 P,-4.182936666666659,-0.1307167708333331
extension_CsP7_mp-1213206,mp-1213206,CsP7,extension,,False,True,8.425187500016307e-05,CsP7 -> Cs + 7 P,-4.135496666666664,-0.12923427083333325
extension_CsP7_theo_mp-1213206,mp-1213206,CsP7,extension,,False,True,8.425187500016307e-05,CsP7 -> Cs + 7 P,-4.135496666666664,-0.12923427083333325
extension_CsRb_mp-1225895,mp-1225895,CsRb,extension,metallic,True,True,0.03448047142241284,CsRb -> Cs + Rb,0.006039999999999879,0.0030199999999999394
extension_Cu2S_mp-12087,mp-12087,Cu2S,extension,,True,False,0.09426421770833393,0.5 Cu2S -> Cu + 0.5 S,-0.18456843750000074,-0.061522812500000246
extension_Cu2S_mp-553942,mp-553942,Cu2S,extension,,True,False,0.23845627437500028,0.5 Cu2S -> Cu + 0.5 S,-0.6424468750000014,-0.1070744791666669
extension_Cu3Te2_mp-1225676,mp-1225676,Cu3Te2,extension,,True,True,0.02125787800000012,0.3333 Cu3Te2 -> Cu + 0.6667 Te,-0.12536333333333438,-0.025072666666666875
extension_Cu7Te4_mp-624307,mp-624307,Cu7Te4,extension,,True,False,0.1459016827272741,0.1429 Cu7Te4 -> Cu + 0.5714 Te,-3.0768433333333327,-0.13985651515151512
extension_CuH_mp-1225705,mp-1225705,CuH,extension,,True,True,0.09820546499999949,CuH -> Cu + 0.5 H2,3.7912925000000017,0.9478231250000004
extension_CuNi_mp-1184069,mp-1184069,CuNi,extension,metallic,True,True,0.05968355999999986,CuNi -> Cu + Ni,0.42393999999999554,0.21196999999999777
extension_Ga2Au7_mp-571598,mp-571598,Ga2Au7,extension,metallic,True,False,0.017660370925923985,0.5 Ga2Au7 -> Ga + 3.5 Au,21.676835000000008,0.802845740740741
extension_Ga3Hg_mp-1184289,mp-1184289,Ga3Hg,extension,metallic,True,True,0.08707534437500186,0.3333 Ga3Hg -> Ga + 0.3333 Hg,0.06475499999999945,0.008094374999999931
extension_Ga3Pb_mp-1184425,mp-1184425,Ga3Pb,extension,metallic,True,True,0.09109193937500137,0.3333 Ga3Pb -> Ga + 0.3333 Pb,0.6747924999999986,0.16869812499999964
extension_Ga3Re_mp-1188393,mp-1188393,Ga3Re,extension,metallic,True,False,0.03857295171874853,0.3333 Ga3Re -> Ga + 0.3333 Re,0.6806999999999963,0.04254374999999977
extension_GaSb_mp-1224785,mp-1224785,GaSb,extension,metallic,True,True,0.1847465150000005,GaSb -> Ga + Sb,0.06350749999999986,0.03175374999999993
extension_Ge3Mo5_mp-17094,mp-17094,Ge3Mo5,extension,metallic,True,False,0.04250976249999994,0.3333 Ge3Mo5 -> Ge + 1.667 Mo,-1.3018800000000004,-0.08136750000000002
extension_Ge3O_mp-1184665,mp-1184665,Ge3O,extension,,True,True,0.89046678375,0.3333 Ge3O -> Ge + 0.1667 O2,-0.9624275000000007,-0.24060687500000016
extension_GeAs_mp-7591,mp-7591,GeAs,extension,,True,False,0.10544380666666875,GeAs -> Ge + As,0.015170000000000142,0.007585000000000071
extension_GeSb_mp-9935,mp-9935,GeSb,extension,metallic,True,True,0.04942549249999928,GeSb -> Ge + Sb,-0.14302500000000007,-0.07151250000000003
extension_GeTe_mp-938,mp-938,GeTe,extension,covalent,False,False,0.0,GeTe -> Ge + Te,0.33824833333333393,0.16912416666666696
extension_H3Pd4_mp-1224413,mp-1224413,H3Pd4,extension,,True,True,0.013056976428570621,0.6667 H3Pd4 -> H2 + 2.667 Pd,2.775238750000004,0.3964626785714292
extension_HC2_mp-995184,mp-995184,HC2,extension,,True,True,0.1491960781249988,2 HC2 -> H2 + 4 C,3.6808625000000026,0.6134770833333337
extension_HC3_mp-995200,mp-995200,HC3,extension,,True,True,0.13767401546874858,2 HC3 -> H2 + 6 C,3.4327125000000027,0.42908906250000034
extension_HC6_mp-995202,mp-995202,HC6,extension,,True,True,0.08574633205357074,2 HC6 -> H2 + 12 C,3.4963524999999884,0.24973946428571345
extension_HC_mp-995197,mp-995197,HC,extension,covalent,False,True,0.10980436656249992,2 HC -> H2 + 2 C,10.493360000000013,0.6558350000000008
extension_Hf3Pb_mp-1184772,mp-1184772,Hf3Pb,extension,metallic,True,True,0.0,0.3333 Hf3Pb -> Hf + 0.3333 Pb,1.5314499999999995,0.3828624999999999
extension_HfCd_mp-1007758,mp-1007758,HfCd,extension,metallic,True,False,0.0,HfCd -> Hf + Cd,1.642840000000004,0.410710000000001
extension_HfCr2_mp-569624,mp-569624,HfCr2,extension,metallic,True,False,0.10305479333333167,HfCr2 -> Hf + 2 Cr,-3.506570000000006,-0.29221416666666716
extension_HfCu3_mp-1184704,mp-1184704,HfCu3,extension,metallic,True,True,0.07249532007622062,HfCu3 -> Hf + 3 Cu,-0.18169999999999992,-0.04542499999999998
extension_HfMg15_mp-1023478,mp-1023478,HfMg15,extension,metallic,True,True,0.07120114031250013,HfMg15 -> Hf + 15 Mg,5.579300000000006,0.3487062500000004
extension_HfW2_mp-1224230,mp-1224230,HfW2,extension,metallic,True,True,0.2690691899999962,HfW2 -> Hf + 2 W,-2.9313299999999947,-0.9771099999999983
extension_Hg3Pb_mp-1184700,mp-1184700,Hg3Pb,extension,metallic,True,True,0.06834607812499627,0.3333 Hg3Pb -> Hg + 0.3333 Pb,-0.31991000000000236,-0.039988750000000295
extension_Hg3Sb_mp-977242,mp-977242,Hg3Sb,extension,metallic,True,True,0.12571606499999888,0.3333 Hg3Sb -> Hg + 0.3333 Sb,1.2311699999999983,0.1538962499999998
extension_Hg5Pd2_mp-30721,mp-30721,Hg5Pd2,extension,metallic,True,False,0.03967810749999523,0.2 Hg5Pd2 -> Hg + 0.4 Pd,-9.699379999999998,-0.692812857142857
extension_In2Te3_mp-1105025,mp-1105025,In2Te3,extension,,True,False,0.30775990697777544,0.5 In2Te3 -> In + 1.5 Te,1.1543400000000033,0.07695600000000022
extension_In7Cu10_mp-646039,mp-646039,In7Cu10,extension,metallic,True,False,0.0,0.1429 In7Cu10 -> In + 1.429 Cu,-1.4743699999999986,-0.043363823529411726
extension_InNi_mp-20997,mp-20997,InNi,extension,metallic,True,False,0.09218754000000118,InNi -> In + Ni,-1.899730000000001,-0.9498650000000005
extension_InSn4_mp-1223653,mp-1223653,InSn4,extension,metallic,True,True,0.14784555200000327,InSn4 -> In + 4 Sn,-2.4662499999999996,-0.4932499999999999
extension_Ir3Ru_mp-974358,mp-974358,Ir3Ru,extension,metallic,True,True,0.0,0.3333 Ir3Ru -> Ir + 0.3333 Ru,-2.2219549999999977,-0.5554887499999994
extension_Ir4W_mp-1223666,mp-1223666,Ir4W,extension,metallic,True,True,0.2319650820000021,0.25 Ir4W -> Ir + 0.25 W,1.66535,0.33307000000000003
extension_IrPd_mp-1223675,mp-1223675,IrPd,extension,metallic,True,True,0.11000630500000597,IrPd -> Ir + Pd,-0.47867000000000237,-0.23933500000000119
extension_K2O_exp_mp-971,mp-971,K2O,extension,ionic,False,False,0.0,0.5 K2O -> K + 0.25 O2,-2.9526650000000005,-0.49211083333333344
extension_K2O_theo_mp-1223784,mp-1223784,K2O,extension,,True,True,0.19996455333333385,0.5 K2O -> K + 0.25 O2,-0.9582625000000002,-0.31942083333333343
extension_K2S_exp_mp-1022,mp-1022,K2S,extension,,False,False,0.0,0.5 K2S -> K + 0.5 S,-1.2319784375000005,-0.41065947916666684
extension_K3Rb_mp-976115,mp-976115,K3Rb,extension,metallic,True,True,0.037403925187500686,0.3333 K3Rb -> K + 0.3333 Rb,0.02166000000000018,0.0027075000000000224
extension_KCl_exp_mp-23289,mp-23289,KCl,extension,ionic,False,False,0.07764382000000003,KCl -> K + 0.5 Cl2,-0.798640000000002,-0.399320000000001
extension_KF3_exp_mp-1544557,mp-1544557,KF3,extension,ionic,False,False,0.01249103906249971,KF3 -> K + 1.5 F2,-13.847490000000004,-0.4327340625000001
extension_KF3_theo_mp-2749823,mp-2749823,KF3,extension,ionic,False,True,0.011928009062500244,KF3 -> K + 1.5 F2,-13.911060000000028,-0.43472062500000086
extension_KMg15_mp-1023498,mp-1023498,KMg15,extension,metallic,True,True,0.10105966356250029,KMg15 -> K + 15 Mg,5.117659999999999,0.31985374999999994
extension_KP15_mp-1211471,mp-1211471,KP15,extension,,False,True,0.0,KP15 -> K + 15 P,-1.036609999999988,-0.032394062499999626
extension_KP_exp_mp-1058315,mp-1058315,KP,extension,,True,False,1.008041285,KP -> K + P,-0.8587716666666665,-0.42938583333333324
extension_KP_theo_mp-1057787,mp-1057787,KP,extension,,True,True,1.0092306499999992,KP -> K + P,-0.9012716666666664,-0.4506358333333332
extension_Li2O_exp_mp-1960,mp-1960,Li2O,extension,ionic,False,False,0.0,0.5 Li2O -> Li + 0.25 O2,-0.5138825000000002,-0.17129416666666675
extension_Li2O_theo_mp-755894,mp-755894,Li2O,extension,ionic,False,True,0.0843597108333336,0.5 Li2O -> Li + 0.25 O2,2.4226599999999934,0.20188833333333278
extension_Li2S_exp_mp-1125,mp-1125,Li2S,extension,,False,False,0.061509288333333245,0.5 Li2S -> Li + 0.5 S,6.821586250000003,0.5684655208333336
extension_Li2S_theo_mp-557142,mp-557142,Li2S,extension,,False,True,0.1749633300000002,0.5 Li2S -> Li + 0.5 S,4.134773125000002,0.689128854166667
extension_Li3Ca_mp-976075,mp-976075,Li3Ca,extension,metallic,True,True,0.06004755895833336,0.3333 Li3Ca -> Li + 0.3333 Ca,1.9112799999999974,0.47781999999999936
extension_LiCl_exp_mp-22905,mp-22905,LiCl,extension,ionic,False,False,0.02431463874999995,LiCl -> Li + 0.5 Cl2,-1.5945399999999985,-0.19931749999999981
extension_LiCl_theo_mp-1185319,mp-1185319,LiCl,extension,ionic,False,True,0.0038527562499997003,LiCl -> Li + 0.5 Cl2,-3.1642599999999996,-0.7910649999999999
extension_LiF_exp_mp-1138,mp-1138,LiF,extension,ionic,False,False,0.0,LiF -> Li + 0.5 F2,-0.8213999999999999,-0.41069999999999995
extension_LiF_theo_mp-1009009,mp-1009009,LiF,extension,ionic,False,True,0.2875420599999998,LiF -> Li + 0.5 F2,0.88088,0.44044
extension_LiP5_exp_mp-2412,mp-2412,LiP5,extension,,False,False,0.007694938690475439,LiP5 -> Li + 5 P,4.793846666666653,0.19974361111111053
extension_LiP5_mp-2412,mp-2412,LiP5,extension,,False,False,0.007694938690475439,LiP5 -> Li + 5 P,4.793846666666653,0.19974361111111053
extension_LiP5_mp-32760,mp-32760,LiP5,extension,,False,True,0.09630660601190577,LiP5 -> Li + 5 P,6.33029666666665,0.2637623611111104
extension_LiP5_theo_mp-32760,mp-32760,LiP5,extension,,False,True,0.09630660601190577,LiP5 -> Li + 5 P,6.33029666666665,0.2637623611111104
extension_LiRh3_mp-1001787,mp-1001787,LiRh3,extension,metallic,True,False,0.0,LiRh3 -> Li + 3 Rh,-1.3156100000000022,-0.32890250000000054
extension_LiS4_mp-1143546,mp-1143546,LiS4,extension,,False,True,0.21230688803125108,LiS4 -> Li + 4 S,1.9312324999999992,0.1931232499999999
extension_Mg15Ni_mp-1023622,mp-1023622,Mg15Ni,extension,metallic,True,True,0.07608314989583365,0.06667 Mg15Ni -> Mg + 0.06667 Ni,3.748879999999921,0.23430499999999507
extension_Mg2Ge_mp-250,mp-250,Mg2Ge,extension,metallic,True,False,0.4831721600000005,0.5 Mg2Ge -> Mg + 0.5 Ge,1.0811700000000004,0.18019500000000008
extension_Mg3Al_mp-978271,mp-978271,Mg3Al,extension,metallic,True,True,0.027507425520833628,0.3333 Mg3Al -> Mg + 0.3333 Al,1.655969999999999,0.41399249999999976
extension_Mg3Ru2_mp-625,mp-625,Mg3Ru2,extension,metallic,True,False,0.0,0.3333 Mg3Ru2 -> Mg + 0.6667 Ru,0.15836000000000006,0.007918000000000003
extension_Mg3Zr_mp-1094466,mp-1094466,Mg3Zr,extension,metallic,True,True,0.06476887374999984,0.3333 Mg3Zr -> Mg + 0.3333 Zr,2.426799999999999,0.3033499999999999
extension_Mg5Sc_mp-1185837,mp-1185837,Mg5Sc,extension,metallic,True,True,0.0599288583333335,0.2 Mg5Sc -> Mg + 0.2 Sc,2.2769250000000003,0.37948750000000003
extension_Mg5Te_mp-1185828,mp-1185828,Mg5Te,extension,,True,True,0.22432475583333433,0.2 Mg5Te -> Mg + 0.2 Te,1.9974933333333322,0.33291555555555535
extension_MgAl2_mp-1102064,mp-1102064,MgAl2,extension,metallic,True,False,0.04160550583333311,MgAl2 -> Mg + 2 Al,4.9532399999999965,0.4127699999999997
extension_MgCd_mp-11307,mp-11307,MgCd,extension,metallic,True,False,0.0,MgCd -> Mg + Cd,2.6660600000000008,0.6665150000000002
extension_MgCl2_exp_mp-23210,mp-23210,MgCl2,extension,ionic,False,False,0.0,MgCl2 -> Mg + Cl2,-2.677000000000005,-0.297444444444445
extension_MgCl2_theo_mp-569626,mp-569626,MgCl2,extension,ionic,False,True,0.19913082333333376,MgCl2 -> Mg + Cl2,-3.420960000000004,-0.5701600000000007
extension_MgF2_exp_mp-1072956,mp-1072956,MgF2,extension,ionic,False,False,0.0024727899999996694,MgF2 -> Mg + F2,-4.987770000000004,-0.8312950000000007
extension_MgF2_theo_mp-1062842,mp-1062842,MgF2,extension,ionic,False,True,0.26364889999999974,MgF2 -> Mg + F2,-2.3263900000000017,-0.775463333333334
extension_MgIn2_mp-1077016,mp-1077016,MgIn2,extension,metallic,True,False,0.1897874227777776,MgIn2 -> Mg + 2 In,2.413260000000002,0.40221000000000035
extension_MgO_exp_mp-549706,mp-549706,MgO,extension,ionic,False,False,0.11804199249999936,MgO -> Mg + 0.5 O2,-1.486345000000003,-0.37158625000000073
extension_MgO_theo_mp-1009127,mp-1009127,MgO,extension,ionic,False,True,0.7484379050000003,MgO -> Mg + 0.5 O2,0.6926574999999988,0.3463287499999994
extension_MgPb2_mp-2016042,mp-2016042,MgPb2,extension,metallic,True,True,0.03419048000000657,MgPb2 -> Mg + 2 Pb,0.9304799999999952,0.1550799999999992
extension_MgS_exp_mp-1315,mp-1315,MgS,extension,,False,False,0.0,MgS -> Mg + S,0.8544815624999996,0.4272407812499998
extension_MgS_theo_mp-13032,mp-13032,MgS,extension,,False,True,0.034344234999999834,MgS -> Mg + S,0.2988715624999998,0.1494357812499999
extension_MgTi_mp-1094346,mp-1094346,MgTi,extension,metallic,True,True,0.12570916333333226,MgTi -> Mg + Ti,3.8867300000000062,0.3238941666666672
extension_MgTl3_mp-978262,mp-978262,MgTl3,extension,metallic,True,True,0.051357820833329626,MgTl3 -> Mg + 3 Tl,3.7271800000000037,0.46589750000000046
extension_Mn2O7_mp-28338,mp-28338,Mn2O7,extension,,False,False,0.3346113968981488,0.5 Mn2O7 -> Mn + 1.75 O2,-57.93830068965521,-0.8046986206896557
extension_Mn4B_mp-1221769,mp-1221769,Mn4B,extension,,True,True,0.10306404682758696,0.25 Mn4B -> Mn + 0.25 B,-0.9810103448275834,-0.09810103448275834
extension_Mn4Ga_mp-1221812,mp-1221812,Mn4Ga,extension,metallic,True,True,0.1642719892413762,0.25 Mn4Ga -> Mn + 0.25 Ga,-0.6705776724137935,-0.1341155344827587
extension_MnO2_mp-510408,mp-510408,MnO2,extension,,True,False,0.04644304472222238,MnO2 -> Mn + O2,-2.879807586206898,-0.47996793103448304
extension_Mo2C_mp-1221498,mp-1221498,Mo2C,extension,,True,True,0.06276392999999914,0.5 Mo2C -> Mo + 0.5 C,-0.23368000000000078,-0.07789333333333359
extension_MoPd2_mp-1206704,mp-1206704,MoPd2,extension,metallic,True,True,0.0,MoPd2 -> Mo + 2 Pd,-5.264300000000003,-1.7547666666666677
extension_MoRu_mp-1221386,mp-1221386,MoRu,extension,metallic,True,True,0.09995914916666493,MoRu -> Mo + Ru,-0.7702250000000014,-0.3851125000000007
extension_Na2Cl_theo_mp-1077015,mp-1077015,Na2Cl,extension,,True,True,0.23910790120689684,0.5 Na2Cl -> Na + 0.25 Cl2,-2.1819700000000006,-0.36366166666666677
extension_Na2O_exp_mp-2352,mp-2352,Na2O,extension,ionic,False,False,0.0,0.5 Na2O -> Na + 0.25 O2,-2.5597625000000006,-0.8532541666666669
extension_Na2O_theo_mp-1975297,mp-1975297,Na2O,extension,ionic,False,True,0.09812461166666742,0.5 Na2O -> Na + 0.25 O2,-4.1709950000000005,-0.6951658333333334
extension_Na3Hg_mp-1186050,mp-1186050,Na3Hg,extension,metallic,True,True,0.021215371458335852,0.3333 Na3Hg -> Na + 0.3333 Hg,-0.15212500000000007,-0.038031250000000016
extension_Na3In_mp-864758,mp-864758,Na3In,extension,metallic,True,True,0.040365352500000284,0.3333 Na3In -> Na + 0.3333 In,0.03040500000000068,0.00760125000000017
extension_Na3Mg_mp-982637,mp-982637,Na3Mg,extension,metallic,True,True,0.09973374989585748,0.3333 Na3Mg -> Na + 0.3333 Mg,0.22616499999999995,0.05654124999999999
extension_Na3Si34_mp-1221235,mp-1221235,Na3Si34,extension,metallic,True,True,0.05178974374999967,0.3333 Na3Si34 -> Na + 11.33 Si,2.271115000000013,0.061381486486486836
extension_NaP15_mp-1194653,mp-1194653,NaP15,extension,,False,False,0.0,NaP15 -> Na + 15 P,-0.5621999999999918,-0.017568749999999744
extension_NaP5_mp-31086,mp-31086,NaP5,extension,,False,False,0.009960415000000111,NaP5 -> Na + 5 P,1.1917166666666712,0.0496548611111113
extension_NaS_exp_mp-409,mp-409,NaS,extension,,False,False,0.002286554999999524,NaS -> Na + S,0.6489793749999992,0.05408161458333327
extension_NaS_theo_mp-1180106,mp-1180106,NaS,extension,,False,True,1.0060650862499996,NaS -> Na + S,-1.1170834375000003,-0.5585417187500001
extension_Nb3Ni_mp-999394,mp-999394,Nb3Ni,extension,metallic,True,True,0.21315346375000033,0.3333 Nb3Ni -> Nb + 0.3333 Ni,2.009529999999997,0.5023824999999993
extension_Nb4Rh_mp-1220441,mp-1220441,Nb4Rh,extension,metallic,True,True,0.08011662799999897,0.25 Nb4Rh -> Nb + 0.25 Rh,3.8037699999999983,0.7607539999999997
extension_NbCd3_mp-11309,mp-11309,NbCd3,extension,metallic,True,False,0.14487106500000024,NbCd3 -> Nb + 3 Cd,2.6821299999999995,0.6705324999999999
extension_NbO_anchor_mp-2692,mp-2692,NbO,extension,,True,False,0.7887604083333315,NbO -> Nb + 0.5 O2,1.5124174999999993,0.7562087499999997
extension_NbO_poly_mp-634965,mp-634965,NbO,extension,,True,True,0.8240059083333318,NbO -> Nb + 0.5 O2,0.27079750000000047,0.13539875000000023
extension_NbP_anchor_mp-9830,mp-9830,NbP,extension,,True,False,0.6020631175000002,NbP -> Nb + P,2.5191966666666685,0.6297991666666671
extension_NbP_poly_mp-1220317,mp-1220317,NbP,extension,,True,True,0.6208620024999991,NbP -> Nb + P,2.016838333333334,1.008419166666667
extension_NbZn16_mp-640041,mp-640041,NbZn16,extension,metallic,True,False,0.0,NbZn16 -> Nb + 16 Zn,33.04929000000005,0.972037941176472
extension_Ni3Mo_mp-11506,mp-11506,Ni3Mo,extension,metallic,True,False,0.0,0.3333 Ni3Mo -> Ni + 0.3333 Mo,-10.221900000000002,-1.2777375000000002
extension_NiSb3_mp-1106023,mp-1106023,NiSb3,extension,metallic,True,False,0.01561135500000077,NiSb3 -> Ni + 3 Sb,-8.127010000000002,-0.5079381250000001
extension_OsC_anchor_mp-7142,mp-7142,OsC,extension,,True,False,0.9160852612500001,OsC -> Os + C,0.4382049999999996,0.2191024999999998
extension_OsC_poly_mp-1009537,mp-1009537,OsC,extension,,True,True,1.4795162512500006,OsC -> Os + C,0.5605250000000007,0.28026250000000036
extension_OsC_poly_mp-1009539,mp-1009539,OsC,extension,,True,True,1.3918186662499998,OsC -> Os + C,1.4649350000000019,0.7324675000000009
extension_OsC_poly_mp-999308,mp-999308,OsC,extension,,True,True,0.9277737837499984,OsC -> Os + C,1.4248599999999996,0.3562149999999999
extension_P4Se5_mp-2447,mp-2447,P4Se5,extension,covalent,False,False,0.00974189644444401,0.25 P4Se5 -> P + 1.25 Se,-1.8935499999999976,-0.05259861111111105
extension_PW3_mp-1209828,mp-1209828,PW3,extension,,True,True,0.057999603124997634,PW3 -> P + 3 W,15.487593333333331,0.9679745833333332
extension_Pb2Au_mp-22795,mp-22795,Pb2Au,extension,metallic,True,False,0.0,0.5 Pb2Au -> Pb + 0.5 Au,0.8947999999999989,0.14913333333333315
extension_PbAu3_mp-982246,mp-982246,PbAu3,extension,metallic,True,True,0.081645635000001,PbAu3 -> Pb + 3 Au,3.50853,0.8771325
extension_Rb2O_exp_mp-1394,mp-1394,Rb2O,extension,ionic,False,False,0.0031695866666665573,0.5 Rb2O -> Rb + 0.25 O2,-1.7396750000000005,-0.2899458333333334
extension_Rb2O_theo_mp-2023482,mp-2023482,Rb2O,extension,ionic,False,True,0.047853428888886995,0.5 Rb2O -> Rb + 0.25 O2,-2.4460275000000005,-0.27178083333333336
extension_Rb3In_mp-974948,mp-974948,Rb3In,extension,metallic,True,True,0.16634191892045447,0.3333 Rb3In -> Rb + 0.3333 In,0.3595500000000006,0.08988750000000015
extension_Rb3Li_mp-974938,mp-974938,Rb3Li,extension,metallic,True,True,0.14514899354166677,0.3333 Rb3Li -> Rb + 0.3333 Li,1.8783100000000008,0.4695775000000002
extension_Rb3P11_mp-1173444,mp-1173444,Rb3P11,extension,,True,True,0.27383845571428367,0.3333 Rb3P11 -> Rb + 3.667 P,2.5498433333333406,0.0910658333333336
extension_Rb3P_mp-974822,mp-974822,Rb3P,extension,,False,True,0.11857260520833357,0.3333 Rb3P -> Rb + 0.3333 P,0.010398333333332566,0.0025995833333331414
extension_RbCl_exp_mp-23299,mp-23299,RbCl,extension,ionic,False,False,0.02977404000000128,RbCl -> Rb + 0.5 Cl2,-1.1424100000000021,-0.5712050000000011
extension_RbF_exp_mp-2064,mp-2064,RbF,extension,ionic,False,False,0.05158332500000107,RbF -> Rb + 0.5 F2,-1.3246300000000024,-0.6623150000000012
extension_RbF_theo_mp-11718,mp-11718,RbF,extension,ionic,False,True,0.0,RbF -> Rb + 0.5 F2,-1.5322300000000024,-0.7661150000000012
extension_RbP15_mp-1209298,mp-1209298,RbP15,extension,,False,True,0.0,RbP15 -> Rb + 15 P,-1.4355699999999953,-0.044861562499999855
extension_RbP_exp_mp-1179688,mp-1179688,RbP,extension,,True,False,0.9878872979166671,RbP -> Rb + P,-0.7894816666666666,-0.3947408333333333
extension_RbP_theo_mp-1058499,mp-1058499,RbP,extension,,True,True,0.9881531929166671,RbP -> Rb + P,-0.8236316666666664,-0.4118158333333332
extension_RbS_exp_mp-558071,mp-558071,RbS,extension,,False,False,0.0018650299999998232,RbS -> Rb + S,1.1243031249999988,0.2810757812499997
extension_RbS_theo_mp-1179684,mp-1179684,RbS,extension,,False,True,0.9974513208333313,RbS -> Rb + S,-0.5781284375000003,-0.28906421875000016
extension_Re2Si_mp-669547,mp-669547,Re2Si,extension,metallic,True,False,0.3323728517857134,0.5 Re2Si -> Re + 0.5 Si,0.15921999999999503,0.006634166666666459
extension_Re3Pd_mp-862586,mp-862586,Re3Pd,extension,metallic,True,True,0.0,0.3333 Re3Pd -> Re + 0.3333 Pd,-7.016740000000003,-0.8770925000000004
extension_Re5Si3_mp-1105959,mp-1105959,Re5Si3,extension,metallic,True,False,0.15830164888392595,0.2 Re5Si3 -> Re + 0.6 Si,1.5343399999999985,0.0958962499999999
extension_ReC_anchor_mp-1079494,mp-1079494,ReC,extension,,True,False,0.636191904375,ReC -> Re + C,1.2049699999999968,0.1506212499999996
extension_ReC_poly_mp-1009731,mp-1009731,ReC,extension,,True,True,1.1149929443750004,ReC -> Re + C,0.12398000000000059,0.061990000000000295
extension_RuC_anchor_mp-10030,mp-10030,RuC,extension,,True,False,0.6494276712500024,RuC -> Ru + C,0.15948499999999854,0.07974249999999927
extension_RuC_poly_mp-1009787,mp-1009787,RuC,extension,,True,True,0.9096720512499985,RuC -> Ru + C,1.0715549999999978,0.5357774999999989
extension_RuRh3_mp-974335,mp-974335,RuRh3,extension,metallic,True,True,0.0347198320833364,RuRh3 -> Ru + 3 Rh,-3.242395000000003,-0.8105987500000007
extension_Sb2S5_mp-1359089,mp-1359089,Sb2S5,extension,,True,True,0.08012190446428491,0.5 Sb2S5 -> Sb + 2.5 S,-1.9752287499999976,-0.07054388392857135
extension_ScOs3_mp-981384,mp-981384,ScOs3,extension,metallic,True,True,0.384095409375,ScOs3 -> Sc + 3 Os,0.13929000000000258,0.034822500000000645
extension_Si3H_mp-995193,mp-995193,Si3H,extension,covalent,False,True,0.03147248546874959,0.3333 Si3H -> Si + 0.1667 H2,3.930322500000004,0.4912903125000005
extension_Si3Pt_mp-972763,mp-972763,Si3Pt,extension,metallic,True,True,0.2618652343750014,0.3333 Si3Pt -> Si + 0.3333 Pt,-5.058040000000002,-0.6322550000000002
extension_Si3W5_mp-31219,mp-31219,Si3W5,extension,metallic,True,False,0.025065460000000428,0.3333 Si3W5 -> Si + 1.667 W,11.833420000000004,0.7395887500000002
extension_SiH2_mp-1192532,mp-1192532,SiH2,extension,covalent,False,False,0.04434195949999964,SiH2 -> Si + H2,15.696045000000005,0.5232015000000002
extension_SiO2_anchor_mp-9258,mp-9258,SiO2,extension,covalent,False,False,0.5770440263888901,SiO2 -> Si + O2,-5.32605,-0.44383750000000005
extension_SiO2_poly_mp-10064,mp-10064,SiO2,extension,covalent,False,True,1.27794353388889,SiO2 -> Si + O2,-1.5899800000000006,-0.5299933333333335
extension_SiO2_poly_mp-556044,mp-556044,SiO2,extension,,True,True,1.4573660394444454,SiO2 -> Si + O2,-25.47343,-0.7075952777777778
extension_SiO2_poly_mp-638049,mp-638049,SiO2,extension,,True,True,1.7447606447222235,SiO2 -> Si + O2,-11.470330000000011,-0.31862027777777807
extension_SiTc3_mp-972784,mp-972784,SiTc3,extension,metallic,True,True,0.1528513418749995,SiTc3 -> Si + 3 Tc,0.4683600000000021,0.058545000000000263
extension_SiTe2_mp-2755,mp-2755,SiTe2,extension,,True,False,0.0482593716666635,SiTe2 -> Si + 2 Te,0.49814166666666704,0.16604722222222235
extension_Sn3S_mp-1187038,mp-1187038,Sn3S,extension,,True,True,0.3167847331250009,0.3333 Sn3S -> Sn + 0.3333 S,-1.0256984375000002,-0.25642460937500006
extension_Sn3Se_mp-1187055,mp-1187055,Sn3Se,extension,,True,True,0.2596551493749999,0.3333 Sn3Se -> Sn + 0.3333 Se,-0.8375766666666675,-0.20939416666666688
extension_SnP_mp-475,mp-475,SnP,extension,,True,False,0.040785102499999226,SnP -> Sn + P,-0.22334166666666647,-0.11167083333333323
extension_SnPb3_mp-1187118,mp-1187118,SnPb3,extension,metallic,True,True,0.08925198000000023,SnPb3 -> Sn + 3 Pb,-0.449530000000005,-0.05619125000000062
extension_Sr3P4_exp_mp-14288,mp-14288,Sr3P4,extension,,False,False,0.0,0.3333 Sr3P4 -> Sr + 1.333 P,0.12292666666666996,0.008780476190476425
extension_Sr3P4_theo_mp-682953,mp-682953,Sr3P4,extension,,False,True,0.00811516785714339,0.3333 Sr3P4 -> Sr + 1.333 P,-0.030123333333338387,-0.0021516666666670276
extension_SrB2_mp-1008755,mp-1008755,SrB2,extension,,True,True,0.5325422407407405,SrB2 -> Sr + 2 B,-0.40727499999999983,-0.1357583333333333
extension_SrF2_exp_mp-1102240,mp-1102240,SrF2,extension,ionic,False,False,0.06457278833333291,SrF2 -> Sr + F2,-12.069200000000007,-1.0057666666666674
extension_SrF2_theo_mp-1102911,mp-1102911,SrF2,extension,ionic,False,True,0.02665916666666579,SrF2 -> Sr + F2,-10.955390000000005,-0.912949166666667
extension_SrO10_mp-1208655,mp-1208655,SrO10,extension,,True,True,0.6930220472727271,SrO10 -> Sr + 5 O2,-5.703170000000004,-0.5184700000000003
extension_SrO2_exp_mp-726705,mp-726705,SrO2,extension,ionic,False,False,0.009602360833331325,SrO2 -> Sr + O2,0.01890000000000569,0.0015750000000004742
extension_SrO2_theo_mp-2763179,mp-2763179,SrO2,extension,ionic,False,True,0.011030372499999608,SrO2 -> Sr + O2,-0.9523199999999878,-0.07935999999999899
extension_SrS_exp_mp-10627,mp-10627,SrS,extension,,False,False,0.2996298049999986,SrS -> Sr + S,0.15289656249999917,0.07644828124999958
extension_TaBe12_mp-567842,mp-567842,TaBe12,extension,metallic,True,False,0.0,TaBe12 -> Ta + 12 Be,-2.1796400000000187,-0.16766461538461683
extension_Tc3Mo_mp-1187395,mp-1187395,Tc3Mo,extension,metallic,True,True,0.11694241874999989,0.3333 Tc3Mo -> Tc + 0.3333 Mo,-1.1679999999999993,-0.2919999999999998
extension_Tc3Os_mp-862779,mp-862779,Tc3Os,extension,metallic,True,True,0.0,0.3333 Tc3Os -> Tc + 0.3333 Os,-1.1532999999999995,-0.14416249999999994
extension_Tc3W_mp-1187398,mp-1187398,Tc3W,extension,metallic,True,True,0.10723927500000485,0.3333 Tc3W -> Tc + 0.3333 W,-2.2561899999999993,-0.2820237499999999
extension_Te2Pd7_mp-1217443,mp-1217443,Te2Pd7,extension,,True,True,0.11441960977299814,0.5 Te2Pd7 -> Te + 3.5 Pd,-41.52475000000004,-1.5379537037037052
extension_Ti2Cu_mp-742,mp-742,Ti2Cu,extension,metallic,True,False,0.0,0.5 Ti2Cu -> Ti + 0.5 Cu,0.21566000000000107,0.07188666666666703
extension_Ti3Nb_mp-1217091,mp-1217091,Ti3Nb,extension,metallic,True,True,0.06679139250000077,0.3333 Ti3Nb -> Ti + 0.3333 Nb,0.1014349999999995,0.025358749999999874
extension_TiMo2_mp-1216675,mp-1216675,TiMo2,extension,metallic,True,True,0.061337100370366215,TiMo2 -> Ti + 2 Mo,-0.5220349999999995,-0.17401166666666648
extension_TiO2II_mp-1439,mp-1439,TiO2,extension,,False,False,0.004523600833332253,TiO2 -> Ti + O2,-4.089450000000002,-0.3407875000000002
extension_TiO2OII_mp-9173,mp-9173,TiO2,extension,,False,False,0.05749979000000138,TiO2 -> Ti + O2,-3.5629700000000017,-0.2969141666666668
extension_TiO2baddeleyite_mp-430,mp-430,TiO2,extension,,False,False,0.03948350083333452,TiO2 -> Ti + O2,-3.326770000000005,-0.27723083333333376
extension_Tl3Au_mp-1080569,mp-1080569,Tl3Au,extension,metallic,True,True,0.06940479416666534,0.3333 Tl3Au -> Tl + 0.3333 Au,4.757200000000003,0.5946500000000003
extension_TlAs_mp-1007770,mp-1007770,TlAs,extension,,True,True,0.11668702583332902,TlAs -> Tl + As,0.5501750000000006,0.2750875000000003
extension_TlAu3_mp-1187508,mp-1187508,TlAu3,extension,metallic,True,True,0.12302775499999541,TlAu3 -> Tl + 3 Au,2.6542100000000017,0.6635525000000004
extension_TlC_anchor_mp-567465,mp-567465,TlC,extension,,True,False,2.10802690958333,TlC -> Tl + C,0.25139,0.125695
extension_TlC_poly_mp-1058887,mp-1058887,TlC,extension,,True,True,2.375719474583331,TlC -> Tl + C,0.34053000000000083,0.17026500000000042
extension_W9C4_mp-684989,mp-684989,W9C4,extension,,True,True,0.07193477384615221,0.1111 W9C4 -> W + 0.4444 C,20.91549999999998,0.804442307692307
extension_WBr5_mp-1436789,mp-1436789,WBr5,extension,,True,True,0.9777983063888893,WBr5 -> W + 5 Br,0.28647999999998586,0.023873333333332154
extension_WC_anchor_mp-13136,mp-13136,WC,extension,,True,False,0.4476605100000022,WC -> W + C,1.5115099999999997,0.7557549999999998
extension_WC_poly_mp-1008630,mp-1008630,WC,extension,,True,True,0.8989987500000005,WC -> W + C,0.9825799999999998,0.4912899999999999
extension_WC_poly_mp-1008635,mp-1008635,WC,extension,,True,True,0.6728768300000034,WC -> W + C,0.5934200000000023,0.29671000000000114
extension_Y3Co_mp-1105598,mp-1105598,Y3Co,extension,metallic,True,False,0.0,0.3333 Y3Co -> Y + 0.3333 Co,9.638659999999993,0.6024162499999995
extension_Zn13Rh_mp-13447,mp-13447,Zn13Rh,extension,metallic,True,False,0.0,0.07692 Zn13Rh -> Zn + 0.07692 Rh,9.814895000000023,0.7010639285714302
extension_Zn2Ag_mp-1093999,mp-1093999,Zn2Ag,extension,metallic,True,True,0.0,0.5 Zn2Ag -> Zn + 0.5 Ag,8.604230000000012,0.7170191666666677
extension_Zn3Au_mp-1188000,mp-1188000,Zn3Au,extension,metallic,True,True,0.027401257187502637,0.3333 Zn3Au -> Zn + 0.3333 Au,6.003739999999997,0.7504674999999996
extension_Zn7Tc_mp-1206378,mp-1206378,Zn7Tc,extension,metallic,True,True,0.0825775456249982,0.1429 Zn7Tc -> Zn + 0.1429 Tc,7.826185000000001,0.9782731250000001
extension_Zr3Fe_mp-31205,mp-31205,Zr3Fe,extension,metallic,True,False,0.0,0.3333 Zr3Fe -> Zr + 0.3333 Fe,-0.4659600000000008,-0.0582450000000001
extension_ZrHg3_mp-1608,mp-1608,ZrHg3,extension,metallic,True,False,0.02171306624999403,ZrHg3 -> Zr + 3 Hg,-0.7521449999999992,-0.1880362499999998
gasref_ZnSn_NiAs,,ZnSn,extension,metallic,True,True,,ZnSn -> Zn + Sn,1.0747000000000013,0.26867500000000033
hull_ionic_NaCl_mp-22862,,NaCl,hull,ionic,False,,0.0,NaCl -> Na + 0.5 Cl2,-1.145975000000002,-0.572987500000001
hull_metallic_AlNi_mp-1487,,AlNi,hull,metallic,True,,0.0,AlNi -> Al + Ni,-2.5109200000000014,-1.2554600000000007
metastable_ionic_LiBr_mp-23259,,LiBr,metastable,ionic,False,,0.009895712500000542,LiBr -> Li + Br,-0.14347999999999783,-0.07173999999999892
metastable_metallic_BeCu_mp-2323,,BeCu,metastable,metallic,True,,0.005036342500000401,BeCu -> Be + Cu,-1.9650849999999997,-0.9825424999999999
theo_metastable_Al4Si_mp-1228120,mp-1228120,Al4Si,theo_metastable,,True,True,0.11491430399999913,0.25 Al4Si -> Al + 0.25 Si,1.3604749999999992,0.27209499999999986
theo_metastable_AlSb_mp-1023918,mp-1023918,AlSb,theo_metastable,,True,True,0.18779470750000016,AlSb -> Al + Sb,0.44743,0.1118575
theo_metastable_B3Ir2_mp-1228647,mp-1228647,B3Ir2,theo_metastable,,True,True,0.06085322616666744,0.3333 B3Ir2 -> B + 0.6667 Ir,-2.6273600000000004,-0.262736
theo_metastable_B6Pb_mp-1096825,mp-1096825,B6Pb,theo_metastable,,False,True,0.115100015000003,0.1667 B6Pb -> B + 0.1667 Pb,-3.434120000000002,-0.4905885714285717
theo_metastable_BPd5_mp-1228665,mp-1228665,BPd5,theo_metastable,,True,True,0.13249513083333042,BPd5 -> B + 5 Pd,-5.512850000000014,-0.9188083333333356
theo_metastable_BeAu3_mp-983539,mp-983539,BeAu3,theo_metastable,,True,True,0.18183134000000178,BeAu3 -> Be + 3 Au,3.337295,0.83432375
theo_metastable_BeCl2_mp-1190080,mp-1190080,BeCl2,theo_metastable,,False,True,0.01870443305555547,BeCl2 -> Be + Cl2,-17.274080000000016,-0.959671111111112
theo_metastable_CaGe2_mp-643542,mp-643542,CaGe2,theo_metastable,,True,True,0.0978748566666674,CaGe2 -> Ca + 2 Ge,-0.47160000000000146,-0.15720000000000048
theo_metastable_CoSe2_mp-1390196,mp-1390196,CoSe2,theo_metastable,,True,True,0.07343032750000056,CoSe2 -> Co + 2 Se,0.585256666666655,0.048771388888887914
theo_metastable_Cr2C_mp-1226378,mp-1226378,Cr2C,theo_metastable,,True,True,0.06254013708333694,0.5 Cr2C -> Cr + 0.5 C,0.17554999999999835,0.05851666666666611
theo_metastable_CrMo_mp-1226200,mp-1226200,CrMo,theo_metastable,,True,True,0.11631646000000018,CrMo -> Cr + Mo,-0.22131000000000056,-0.11065500000000028
theo_metastable_Ga2Se3_mp-1224809,mp-1224809,Ga2Se3,theo_metastable,,False,True,0.006252534999998005,0.5 Ga2Se3 -> Ga + 1.5 Se,-0.019275000000000708,-0.0038550000000001417
theo_metastable_GeS_mp-12910,mp-12910,GeS,theo_metastable,,False,True,0.0761541225000002,GeS -> Ge + S,0.25119312500000013,0.06279828125000003
theo_metastable_HCl_mp-684609,mp-684609,HCl,theo_metastable,,False,True,0.053566722500000274,2 HCl -> H2 + Cl2,0.556146250000001,0.2780731250000005
theo_metastable_HfMo_mp-1224314,mp-1224314,HfMo,theo_metastable,,True,True,0.19909284749999756,HfMo -> Hf + Mo,-1.2997799999999997,-0.6498899999999999
theo_metastable_InSe2_mp-1232036,mp-1232036,InSe2,theo_metastable,,True,True,0.17326202766492926,InSe2 -> In + 2 Se,1.0261733333333343,0.17102888888888904
theo_metastable_IrCl3_mp-729507,mp-729507,IrCl3,theo_metastable,,False,True,0.030088630624999446,IrCl3 -> Ir + 1.5 Cl2,-7.0836000000000165,-0.44272500000000103
theo_metastable_K5As4_mp-684799,mp-684799,K5As4,theo_metastable,,True,True,0.05643723222222263,0.2 K5As4 -> K + 0.8 As,0.8443199999999985,0.09381333333333317
theo_metastable_KSn3_mp-1185151,mp-1185151,KSn3,theo_metastable,,True,True,0.05729916087053466,KSn3 -> K + 3 Sn,-0.8479500000000015,-0.10599375000000019
theo_metastable_Li3Ag_mp-976408,mp-976408,Li3Ag,theo_metastable,,True,True,0.0013151149999997003,0.3333 Li3Ag -> Li + 0.3333 Ag,-0.028770000000001517,-0.007192500000000379
theo_metastable_LiTl3_mp-1185253,mp-1185253,LiTl3,theo_metastable,,True,True,0.046669947499999864,LiTl3 -> Li + 3 Tl,2.0790500000000014,0.5197625000000003
theo_metastable_Mg15B_mp-1023515,mp-1023515,Mg15B,theo_metastable,,True,True,0.19432971906249996,0.06667 Mg15B -> Mg + 0.06667 B,4.082110000000007,0.25513187500000045
theo_metastable_MgF2_mp-560236,mp-560236,MgF2,theo_metastable,,False,True,0.10763880333333375,MgF2 -> Mg + F2,-5.806850000000004,-0.967808333333334
theo_metastable_MgSn_mp-1094669,mp-1094669,MgSn,theo_metastable,,True,True,0.0559883787500004,MgSn -> Mg + Sn,0.5262399999999995,0.26311999999999974
theo_metastable_MgSn_mp-1094801,mp-1094801,MgSn,theo_metastable,,True,True,0.021182148749999463,MgSn -> Mg + Sn,0.7335299999999991,0.36676499999999956
theo_metastable_Na2Cl_mp-990084,mp-990084,Na2Cl,theo_metastable,,True,True,0.1105395928735633,0.5 Na2Cl -> Na + 0.25 Cl2,-1.2369700000000006,-0.41232333333333354
theo_metastable_Na3Cl_mp-1064484,mp-1064484,Na3Cl,theo_metastable,,True,True,0.145649899310345,0.3333 Na3Cl -> Na + 0.1667 Cl2,-1.0563850000000004,-0.2640962500000001
theo_metastable_NbRh2_mp-1220414,mp-1220414,NbRh2,theo_metastable,,True,True,0.10426935750000332,NbRh2 -> Nb + 2 Rh,-1.8255300000000045,-0.3042550000000008
theo_metastable_NbS2_mp-774873,mp-774873,NbS2,theo_metastable,,True,True,0.05761998666666823,NbS2 -> Nb + 2 S,1.9568662500000014,0.3261443750000002
theo_metastable_PtCl2_mp-1219748,mp-1219748,PtCl2,theo_metastable,,False,True,0.04902293166666505,PtCl2 -> Pt + Cl2,-6.533470000000005,-1.0889116666666674
theo_metastable_Sc2O3_mp-755313,mp-755313,Sc2O3,theo_metastable,,False,True,0.03639289474999963,0.5 Sc2O3 -> Sc + 0.75 O2,-2.939285000000001,-0.2939285000000001
theo_metastable_ScTc3_mp-867262,mp-867262,ScTc3,theo_metastable,,True,True,0.11536893812500004,ScTc3 -> Sc + 3 Tc,0.5887850000000006,0.14719625000000014
theo_metastable_SiAu3_mp-1186998,mp-1186998,SiAu3,theo_metastable,,True,True,0.16429186749999758,SiAu3 -> Si + 3 Au,3.9176950000000015,0.9794237500000004
theo_metastable_Sn7Pd5_mp-1219006,mp-1219006,Sn7Pd5,theo_metastable,,True,True,0.04139117625000566,0.1429 Sn7Pd5 -> Sn + 0.7143 Pd,-15.273250000000012,-1.2727708333333343
theo_metastable_SnBr2_mp-978985,mp-978985,SnBr2,theo_metastable,,False,True,0.040465399999999985,SnBr2 -> Sn + 2 Br,-1.350960000000001,-0.22516000000000017
theo_metastable_Sr3As4_mp-678007,mp-678007,Sr3As4,theo_metastable,,False,True,0.006247547857142877,0.3333 Sr3As4 -> Sr + 1.333 As,-0.450040000000004,-0.03214571428571457
theo_metastable_Sr3Sn_mp-1187136,mp-1187136,Sr3Sn,theo_metastable,,True,True,0.11112304583333454,0.3333 Sr3Sn -> Sr + 0.3333 Sn,-0.5785750000000003,-0.14464375000000007
theo_metastable_SrTl3_mp-1206636,mp-1206636,SrTl3,theo_metastable,,True,True,0.029404816250000465,SrTl3 -> Sr + 3 Tl,1.509005000000002,0.3772512500000005
theo_metastable_Ta4C3_mp-1218000,mp-1218000,Ta4C3,theo_metastable,,True,True,0.03350051428571277,0.25 Ta4C3 -> Ta + 0.75 C,8.747889999999998,1.249698571428571
theo_metastable_TaP_mp-1187244,mp-1187244,TaP,theo_metastable,,True,True,0.0032522499999991794,TaP -> Ta + P,1.2817483333333357,0.6408741666666679
theo_metastable_TaRe_mp-1217894,mp-1217894,TaRe,theo_metastable,,True,True,0.11133223291667349,TaRe -> Ta + Re,2.100440000000001,1.0502200000000006
theo_metastable_TcW_mp-1217337,mp-1217337,TcW,theo_metastable,,True,True,0.10564943749999856,TcW -> Tc + W,0.6085100000000022,0.3042550000000011
theo_metastable_TiMo2_mp-1216675,mp-1216675,TiMo2,theo_metastable,,True,True,0.061337100370366215,TiMo2 -> Ti + 2 Mo,-0.5220349999999995,-0.17401166666666648
theo_metastable_TiNi_mp-1067248,mp-1067248,TiNi,theo_metastable,,True,True,0.0020067824999996375,TiNi -> Ti + Ni,-2.7634600000000016,-0.6908650000000004
theo_metastable_TiSi2_mp-570991,mp-570991,TiSi2,theo_metastable,,True,True,0.17960538666666537,TiSi2 -> Ti + 2 Si,-1.1089649999999989,-0.3696549999999996
theo_metastable_TiW_mp-1216621,mp-1216621,TiW,theo_metastable,,True,True,0.022547341666665943,TiW -> Ti + W,-2.345044999999998,-1.172522499999999
theo_metastable_Tl3Ga_mp-1187539,mp-1187539,Tl3Ga,theo_metastable,,True,True,0.09724636562500422,0.3333 Tl3Ga -> Tl + 0.3333 Ga,0.8541875000000008,0.2135468750000002
theo_metastable_Tl4Sn_mp-1216560,mp-1216560,Tl4Sn,theo_metastable,,True,True,0.045918155999999044,0.25 Tl4Sn -> Tl + 0.25 Sn,0.8897800000000036,0.17795600000000072
theo_metastable_VCo3_mp-1095057,mp-1095057,VCo3,theo_metastable,,True,True,0.09418410500000007,VCo3 -> V + 3 Co,0.6618399999999864,0.0827299999999983
theo_metastable_Y3Co_mp-1189329,mp-1189329,Y3Co,theo_metastable,,True,True,0.0015564962500009827,0.3333 Y3Co -> Y + 0.3333 Co,9.583369999999984,0.598960624999999
theo_metastable_YAg3_mp-1187811,mp-1187811,YAg3,theo_metastable,,True,True,0.059440931413043074,YAg3 -> Y + 3 Ag,2.510760000000001,0.6276900000000003
theo_metastable_ZnPb3_mp-1187949,mp-1187949,ZnPb3,theo_metastable,,True,True,0.11069147749999786,ZnPb3 -> Zn + 3 Pb,0.47022499999999756,0.11755624999999939
theo_metastable_Zr3Be_mp-1188016,mp-1188016,Zr3Be,theo_metastable,,True,True,0.14302901249999955,0.3333 Zr3Be -> Zr + 0.3333 Be,-1.2447299999999983,-0.3111824999999996
theo_metastable_Zr3Ge_mp-1188039,mp-1188039,Zr3Ge,theo_metastable,,True,True,0.18508675843749955,0.3333 Zr3Ge -> Zr + 0.3333 Ge,-0.753579999999995,-0.09419749999999938
theo_metastable_ZrO2_mp-775909,mp-775909,ZrO2,theo_metastable,,False,True,0.06265508166666578,ZrO2 -> Zr + O2,-3.1746900000000013,-0.5291150000000002
theo_metastable_ZrTi_mp-1215236,mp-1215236,ZrTi,theo_metastable,,True,True,0.0883353483333309,ZrTi -> Zr + Ti,0.1375700000000022,0.0687850000000011
